2020-01-01	1   	3	1	1	1	2020	0	元旦
2020-01-02	1	4	2	1	1	2020	1	\N
2020-01-03	1	5	3	1	1	2020	1	\N
2020-01-04	1	6	4	1	1	2020	0	\N
2020-01-05	1	7	5	1	1	2020	0	\N
2020-01-06	2	1	6	1	1	2020	1	\N
2020-01-07	2	2	7	1	1	2020	1	\N
2020-01-08	2	3	8	1	1	2020	1	\N
2020-01-09	2	4	9	1	1	2020	1	\N
2020-01-10	2	5	10	1	1	2020	1	\N
2020-01-11	2	6	11	1	1	2020	0	\N
2020-01-12	2	7	12	1	1	2020	0	\N
2020-01-13	3	1	13	1	1	2020	1	\N
2020-01-14	3	2	14	1	1	2020	1	\N
2020-01-15	3	3	15	1	1	2020	1	\N
2020-01-16	3	4	16	1	1	2020	1	\N
2020-01-17	3	5	17	1	1	2020	1	\N
2020-01-18	3	6	18	1	1	2020	0	\N
2020-01-19	3	7	19	1	1	2020	1	\N
2020-01-20	4	1	20	1	1	2020	1	\N
2020-01-21	4	2	21	1	1	2020	1	\N
2020-01-22	4	3	22	1	1	2020	1	\N
2020-01-23	4	4	23	1	1	2020	1	\N
2020-01-24	4	5	24	1	1	2020	0	春节
2020-01-25	4	6	25	1	1	2020	0	春节
2020-01-26	4	7	26	1	1	2020	0	春节
2020-01-27	5	1	27	1	1	2020	0	春节
2020-01-28	5	2	28	1	1	2020	0	春节
2020-01-29	5	3	29	1	1	2020	0	春节
2020-01-30	5	4	30	1	1	2020	0	春节
2020-01-31	5	5	31	1	1	2020	0	春节
2020-02-01	5	6	1	2	1	2020	0	春节
2020-02-02	5	7	2	2	1	2020	0	春节
2020-02-03	6	1	3	2	1	2020	1	\N
2020-02-04	6	2	4	2	1	2020	1	\N
2020-02-05	6	3	5	2	1	2020	1	\N
2020-02-06	6	4	6	2	1	2020	1	\N
2020-02-07	6	5	7	2	1	2020	1	\N
2020-02-08	6	6	8	2	1	2020	0	\N
2020-02-09	6	7	9	2	1	2020	0	\N
2020-02-10	7	1	10	2	1	2020	1	\N
2020-02-11	7	2	11	2	1	2020	1	\N
2020-02-12	7	3	12	2	1	2020	1	\N
2020-02-13	7	4	13	2	1	2020	1	\N
2020-02-14	7	5	14	2	1	2020	1	\N
2020-02-15	7	6	15	2	1	2020	0	\N
2020-02-16	7	7	16	2	1	2020	0	\N
2020-02-17	8	1	17	2	1	2020	1	\N
2020-02-18	8	2	18	2	1	2020	1	\N
2020-02-19	8	3	19	2	1	2020	1	\N
2020-02-20	8	4	20	2	1	2020	1	\N
2020-02-21	8	5	21	2	1	2020	1	\N
2020-02-22	8	6	22	2	1	2020	0	\N
2020-02-23	8	7	23	2	1	2020	0	\N
2020-02-24	9	1	24	2	1	2020	1	\N
2020-02-25	9	2	25	2	1	2020	1	\N
2020-02-26	9	3	26	2	1	2020	1	\N
2020-02-27	9	4	27	2	1	2020	1	\N
2020-02-28	9	5	28	2	1	2020	1	\N
2020-02-29	9	6	29	2	1	2020	0	\N
2020-03-01	9	7	1	3	1	2020	0	\N
2020-03-02	10	1	2	3	1	2020	1	\N
2020-03-03	10	2	3	3	1	2020	1	\N
2020-03-04	10	3	4	3	1	2020	1	\N
2020-03-05	10	4	5	3	1	2020	1	\N
2020-03-06	10	5	6	3	1	2020	1	\N
2020-03-07	10	6	7	3	1	2020	0	\N
2020-03-08	10	7	8	3	1	2020	0	\N
2020-03-09	11	1	9	3	1	2020	1	\N
2020-03-10	11	2	10	3	1	2020	1	\N
2020-03-11	11	3	11	3	1	2020	1	\N
2020-03-12	11	4	12	3	1	2020	1	\N
2020-03-13	11	5	13	3	1	2020	1	\N
2020-03-14	11	6	14	3	1	2020	0	\N
2020-03-15	11	7	15	3	1	2020	0	\N
2020-03-16	12	1	16	3	1	2020	1	\N
2020-03-17	12	2	17	3	1	2020	1	\N
2020-03-18	12	3	18	3	1	2020	1	\N
2020-03-19	12	4	19	3	1	2020	1	\N
2020-03-20	12	5	20	3	1	2020	1	\N
2020-03-21	12	6	21	3	1	2020	0	\N
2020-03-22	12	7	22	3	1	2020	0	\N
2020-03-23	13	1	23	3	1	2020	1	\N
2020-03-24	13	2	24	3	1	2020	1	\N
2020-03-25	13	3	25	3	1	2020	1	\N
2020-03-26	13	4	26	3	1	2020	1	\N
2020-03-27	13	5	27	3	1	2020	1	\N
2020-03-28	13	6	28	3	1	2020	0	\N
2020-03-29	13	7	29	3	1	2020	0	\N
2020-03-30	14	1	30	3	1	2020	1	\N
2020-03-31	14	2	31	3	1	2020	1	\N
2020-04-01	14	3	1	4	2	2020	1	\N
2020-04-02	14	4	2	4	2	2020	1	\N
2020-04-03	14	5	3	4	2	2020	1	\N
2020-04-04	14	6	4	4	2	2020	0	清明节
2020-04-05	14	7	5	4	2	2020	0	清明节
2020-04-06	15	1	6	4	2	2020	0	清明节
2020-04-07	15	2	7	4	2	2020	1	\N
2020-04-08	15	3	8	4	2	2020	1	\N
2020-04-09	15	4	9	4	2	2020	1	\N
2020-04-10	15	5	10	4	2	2020	1	\N
2020-04-11	15	6	11	4	2	2020	0	\N
2020-04-12	15	7	12	4	2	2020	0	\N
2020-04-13	16	1	13	4	2	2020	1	\N
2020-04-14	16	2	14	4	2	2020	1	\N
2020-04-15	16	3	15	4	2	2020	1	\N
2020-04-16	16	4	16	4	2	2020	1	\N
2020-04-17	16	5	17	4	2	2020	1	\N
2020-04-18	16	6	18	4	2	2020	0	\N
2020-04-19	16	7	19	4	2	2020	0	\N
2020-04-20	17	1	20	4	2	2020	1	\N
2020-04-21	17	2	21	4	2	2020	1	\N
2020-04-22	17	3	22	4	2	2020	1	\N
2020-04-23	17	4	23	4	2	2020	1	\N
2020-04-24	17	5	24	4	2	2020	1	\N
2020-04-25	17	6	25	4	2	2020	0	\N
2020-04-26	17	7	26	4	2	2020	1	\N
2020-04-27	18	1	27	4	2	2020	1	\N
2020-04-28	18	2	28	4	2	2020	1	\N
2020-04-29	18	3	29	4	2	2020	1	\N
2020-04-30	18	4	30	4	2	2020	1	\N
2020-05-01	18	5	1	5	2	2020	0	劳动节
2020-05-02	18	6	2	5	2	2020	0	劳动节
2020-05-03	18	7	3	5	2	2020	0	劳动节
2020-05-04	19	1	4	5	2	2020	0	劳动节
2020-05-05	19	2	5	5	2	2020	0	劳动节
2020-05-06	19	3	6	5	2	2020	1	\N
2020-05-07	19	4	7	5	2	2020	1	\N
2020-05-08	19	5	8	5	2	2020	1	\N
2020-05-09	19	6	9	5	2	2020	1	\N
2020-05-10	19	7	10	5	2	2020	0	\N
2020-05-11	20	1	11	5	2	2020	1	\N
2020-05-12	20	2	12	5	2	2020	1	\N
2020-05-13	20	3	13	5	2	2020	1	\N
2020-05-14	20	4	14	5	2	2020	1	\N
2020-05-15	20	5	15	5	2	2020	1	\N
2020-05-16	20	6	16	5	2	2020	0	\N
2020-05-17	20	7	17	5	2	2020	0	\N
2020-05-18	21	1	18	5	2	2020	1	\N
2020-05-19	21	2	19	5	2	2020	1	\N
2020-05-20	21	3	20	5	2	2020	1	\N
2020-05-21	21	4	21	5	2	2020	1	\N
2020-05-22	21	5	22	5	2	2020	1	\N
2020-05-23	21	6	23	5	2	2020	0	\N
2020-05-24	21	7	24	5	2	2020	0	\N
2020-05-25	22	1	25	5	2	2020	1	\N
2020-05-26	22	2	26	5	2	2020	1	\N
2020-05-27	22	3	27	5	2	2020	1	\N
2020-05-28	22	4	28	5	2	2020	1	\N
2020-05-29	22	5	29	5	2	2020	1	\N
2020-05-30	22	6	30	5	2	2020	0	\N
2020-05-31	22	7	31	5	2	2020	0	\N
2020-06-01	23	1	1	6	2	2020	1	\N
2020-06-02	23	2	2	6	2	2020	1	\N
2020-06-03	23	3	3	6	2	2020	1	\N
2020-06-04	23	4	4	6	2	2020	1	\N
2020-06-05	23	5	5	6	2	2020	1	\N
2020-06-06	23	6	6	6	2	2020	0	\N
2020-06-07	23	7	7	6	2	2020	0	\N
2020-06-08	24	1	8	6	2	2020	1	\N
2020-06-09	24	2	9	6	2	2020	1	\N
2020-06-10	24	3	10	6	2	2020	1	\N
2020-06-11	24	4	11	6	2	2020	1	\N
2020-06-12	24	5	12	6	2	2020	1	\N
2020-06-13	24	6	13	6	2	2020	0	\N
2020-06-14	24	7	14	6	2	2020	0	\N
2020-06-15	25	1	15	6	2	2020	1	\N
2020-06-16	25	2	16	6	2	2020	1	\N
2020-06-17	25	3	17	6	2	2020	1	\N
2020-06-18	25	4	18	6	2	2020	1	\N
2020-06-19	25	5	19	6	2	2020	1	\N
2020-06-20	25	6	20	6	2	2020	0	\N
2020-06-21	25	7	21	6	2	2020	0	\N
2020-06-22	26	1	22	6	2	2020	1	\N
2020-06-23	26	2	23	6	2	2020	1	\N
2020-06-24	26	3	24	6	2	2020	1	\N
2020-06-25	26	4	25	6	2	2020	0	端午节
2020-06-26	26	5	26	6	2	2020	0	端午节
2020-06-27	26	6	27	6	2	2020	0	端午节
2020-06-28	26	7	28	6	2	2020	1	\N
2020-06-29	27	1	29	6	2	2020	1	\N
2020-06-30	27	2	30	6	2	2020	1	\N
2020-07-01	27	3	1	7	3	2020	1	\N
2020-07-02	27	4	2	7	3	2020	1	\N
2020-07-03	27	5	3	7	3	2020	1	\N
2020-07-04	27	6	4	7	3	2020	0	\N
2020-07-05	27	7	5	7	3	2020	0	\N
2020-07-06	28	1	6	7	3	2020	1	\N
2020-07-07	28	2	7	7	3	2020	1	\N
2020-07-08	28	3	8	7	3	2020	1	\N
2020-07-09	28	4	9	7	3	2020	1	\N
2020-07-10	28	5	10	7	3	2020	1	\N
2020-07-11	28	6	11	7	3	2020	0	\N
2020-07-12	28	7	12	7	3	2020	0	\N
2020-07-13	29	1	13	7	3	2020	1	\N
2020-07-14	29	2	14	7	3	2020	1	\N
2020-07-15	29	3	15	7	3	2020	1	\N
2020-07-16	29	4	16	7	3	2020	1	\N
2020-07-17	29	5	17	7	3	2020	1	\N
2020-07-18	29	6	18	7	3	2020	0	\N
2020-07-19	29	7	19	7	3	2020	0	\N
2020-07-20	30	1	20	7	3	2020	1	\N
2020-07-21	30	2	21	7	3	2020	1	\N
2020-07-22	30	3	22	7	3	2020	1	\N
2020-07-23	30	4	23	7	3	2020	1	\N
2020-07-24	30	5	24	7	3	2020	1	\N
2020-07-25	30	6	25	7	3	2020	0	\N
2020-07-26	30	7	26	7	3	2020	0	\N
2020-07-27	31	1	27	7	3	2020	1	\N
2020-07-28	31	2	28	7	3	2020	1	\N
2020-07-29	31	3	29	7	3	2020	1	\N
2020-07-30	31	4	30	7	3	2020	1	\N
2020-07-31	31	5	31	7	3	2020	1	\N
2020-08-01	31	6	1	8	3	2020	0	\N
2020-08-02	31	7	2	8	3	2020	0	\N
2020-08-03	32	1	3	8	3	2020	1	\N
2020-08-04	32	2	4	8	3	2020	1	\N
2020-08-05	32	3	5	8	3	2020	1	\N
2020-08-06	32	4	6	8	3	2020	1	\N
2020-08-07	32	5	7	8	3	2020	1	\N
2020-08-08	32	6	8	8	3	2020	0	\N
2020-08-09	32	7	9	8	3	2020	0	\N
2020-08-10	33	1	10	8	3	2020	1	\N
2020-08-11	33	2	11	8	3	2020	1	\N
2020-08-12	33	3	12	8	3	2020	1	\N
2020-08-13	33	4	13	8	3	2020	1	\N
2020-08-14	33	5	14	8	3	2020	1	\N
2020-08-15	33	6	15	8	3	2020	0	\N
2020-08-16	33	7	16	8	3	2020	0	\N
2020-08-17	34	1	17	8	3	2020	1	\N
2020-08-18	34	2	18	8	3	2020	1	\N
2020-08-19	34	3	19	8	3	2020	1	\N
2020-08-20	34	4	20	8	3	2020	1	\N
2020-08-21	34	5	21	8	3	2020	1	\N
2020-08-22	34	6	22	8	3	2020	0	\N
2020-08-23	34	7	23	8	3	2020	0	\N
2020-08-24	35	1	24	8	3	2020	1	\N
2020-08-25	35	2	25	8	3	2020	1	\N
2020-08-26	35	3	26	8	3	2020	1	\N
2020-08-27	35	4	27	8	3	2020	1	\N
2020-08-28	35	5	28	8	3	2020	1	\N
2020-08-29	35	6	29	8	3	2020	0	\N
2020-08-30	35	7	30	8	3	2020	0	\N
2020-08-31	36	1	31	8	3	2020	1	\N
2020-09-01	36	2	1	9	3	2020	1	\N
2020-09-02	36	3	2	9	3	2020	1	\N
2020-09-03	36	4	3	9	3	2020	1	\N
2020-09-04	36	5	4	9	3	2020	1	\N
2020-09-05	36	6	5	9	3	2020	0	\N
2020-09-06	36	7	6	9	3	2020	0	\N
2020-09-07	37	1	7	9	3	2020	1	\N
2020-09-08	37	2	8	9	3	2020	1	\N
2020-09-09	37	3	9	9	3	2020	1	\N
2020-09-10	37	4	10	9	3	2020	1	\N
2020-09-11	37	5	11	9	3	2020	1	\N
2020-09-12	37	6	12	9	3	2020	0	\N
2020-09-13	37	7	13	9	3	2020	0	\N
2020-09-14	38	1	14	9	3	2020	1	\N
2020-09-15	38	2	15	9	3	2020	1	\N
2020-09-16	38	3	16	9	3	2020	1	\N
2020-09-17	38	4	17	9	3	2020	1	\N
2020-09-18	38	5	18	9	3	2020	1	\N
2020-09-19	38	6	19	9	3	2020	0	\N
2020-09-20	38	7	20	9	3	2020	0	\N
2020-09-21	39	1	21	9	3	2020	1	\N
2020-09-22	39	2	22	9	3	2020	1	\N
2020-09-23	39	3	23	9	3	2020	1	\N
2020-09-24	39	4	24	9	3	2020	1	\N
2020-09-25	39	5	25	9	3	2020	1	\N
2020-09-26	39	6	26	9	3	2020	0	\N
2020-09-27	39	7	27	9	3	2020	1	\N
2020-09-28	40	1	28	9	3	2020	1	\N
2020-09-29	40	2	29	9	3	2020	1	\N
2020-09-30	40	3	30	9	3	2020	1	\N
2020-10-01	40	4	1	10	4	2020	0	国庆节、中秋节
2020-10-02	40	5	2	10	4	2020	0	国庆节、中秋节
2020-10-03	40	6	3	10	4	2020	0	国庆节、中秋节
2020-10-04	40	7	4	10	4	2020	0	国庆节、中秋节
2020-10-05	41	1	5	10	4	2020	0	国庆节、中秋节
2020-10-06	41	2	6	10	4	2020	0	国庆节、中秋节
2020-10-07	41	3	7	10	4	2020	0	国庆节、中秋节
2020-10-08	41	4	8	10	4	2020	0	国庆节、中秋节
2020-10-09	41	5	9	10	4	2020	1	\N
2020-10-10	41	6	10	10	4	2020	1	\N
2020-10-11	41	7	11	10	4	2020	0	\N
2020-10-12	42	1	12	10	4	2020	1	\N
2020-10-13	42	2	13	10	4	2020	1	\N
2020-10-14	42	3	14	10	4	2020	1	\N
2020-10-15	42	4	15	10	4	2020	1	\N
2020-10-16	42	5	16	10	4	2020	1	\N
2020-10-17	42	6	17	10	4	2020	0	\N
2020-10-18	42	7	18	10	4	2020	0	\N
2020-10-19	43	1	19	10	4	2020	1	\N
2020-10-20	43	2	20	10	4	2020	1	\N
2020-10-21	43	3	21	10	4	2020	1	\N
2020-10-22	43	4	22	10	4	2020	1	\N
2020-10-23	43	5	23	10	4	2020	1	\N
2020-10-24	43	6	24	10	4	2020	0	\N
2020-10-25	43	7	25	10	4	2020	0	\N
2020-10-26	44	1	26	10	4	2020	1	\N
2020-10-27	44	2	27	10	4	2020	1	\N
2020-10-28	44	3	28	10	4	2020	1	\N
2020-10-29	44	4	29	10	4	2020	1	\N
2020-10-30	44	5	30	10	4	2020	1	\N
2020-10-31	44	6	31	10	4	2020	0	\N
2020-11-01	44	7	1	11	4	2020	0	\N
2020-11-02	45	1	2	11	4	2020	1	\N
2020-11-03	45	2	3	11	4	2020	1	\N
2020-11-04	45	3	4	11	4	2020	1	\N
2020-11-05	45	4	5	11	4	2020	1	\N
2020-11-06	45	5	6	11	4	2020	1	\N
2020-11-07	45	6	7	11	4	2020	0	\N
2020-11-08	45	7	8	11	4	2020	0	\N
2020-11-09	46	1	9	11	4	2020	1	\N
2020-11-10	46	2	10	11	4	2020	1	\N
2020-11-11	46	3	11	11	4	2020	1	\N
2020-11-12	46	4	12	11	4	2020	1	\N
2020-11-13	46	5	13	11	4	2020	1	\N
2020-11-14	46	6	14	11	4	2020	0	\N
2020-11-15	46	7	15	11	4	2020	0	\N
2020-11-16	47	1	16	11	4	2020	1	\N
2020-11-17	47	2	17	11	4	2020	1	\N
2020-11-18	47	3	18	11	4	2020	1	\N
2020-11-19	47	4	19	11	4	2020	1	\N
2020-11-20	47	5	20	11	4	2020	1	\N
2020-11-21	47	6	21	11	4	2020	0	\N
2020-11-22	47	7	22	11	4	2020	0	\N
2020-11-23	48	1	23	11	4	2020	1	\N
2020-11-24	48	2	24	11	4	2020	1	\N
2020-11-25	48	3	25	11	4	2020	1	\N
2020-11-26	48	4	26	11	4	2020	1	\N
2020-11-27	48	5	27	11	4	2020	1	\N
2020-11-28	48	6	28	11	4	2020	0	\N
2020-11-29	48	7	29	11	4	2020	0	\N
2020-11-30	49	1	30	11	4	2020	1	\N
2020-12-01	49	2	1	12	4	2020	1	\N
2020-12-02	49	3	2	12	4	2020	1	\N
2020-12-03	49	4	3	12	4	2020	1	\N
2020-12-04	49	5	4	12	4	2020	1	\N
2020-12-05	49	6	5	12	4	2020	0	\N
2020-12-06	49	7	6	12	4	2020	0	\N
2020-12-07	50	1	7	12	4	2020	1	\N
2020-12-08	50	2	8	12	4	2020	1	\N
2020-12-09	50	3	9	12	4	2020	1	\N
2020-12-10	50	4	10	12	4	2020	1	\N
2020-12-11	50	5	11	12	4	2020	1	\N
2020-12-12	50	6	12	12	4	2020	0	\N
2020-12-13	50	7	13	12	4	2020	0	\N
2020-12-14	51	1	14	12	4	2020	1	\N
2020-12-15	51	2	15	12	4	2020	1	\N
2020-12-16	51	3	16	12	4	2020	1	\N
2020-12-17	51	4	17	12	4	2020	1	\N
2020-12-18	51	5	18	12	4	2020	1	\N
2020-12-19	51	6	19	12	4	2020	0	\N
2020-12-20	51	7	20	12	4	2020	0	\N
2020-12-21	52	1	21	12	4	2020	1	\N
2020-12-22	52	2	22	12	4	2020	1	\N
2020-12-23	52	3	23	12	4	2020	1	\N
2020-12-24	52	4	24	12	4	2020	1	\N
2020-12-25	52	5	25	12	4	2020	1	\N
2020-12-26	52	6	26	12	4	2020	0	\N
2020-12-27	52	7	27	12	4	2020	0	\N
2020-12-28	53	1	28	12	4	2020	1	\N
2020-12-29	53	2	29	12	4	2020	1	\N
2020-12-30	53	3	30	12	4	2020	1	\N
2020-12-31	53	4	31	12	4	2020	1	\N
2021-01-01	1	5	1	1	1	2021	0	元旦
2021-01-02	1	6	2	1	1	2021	0	元旦
2021-01-03	1	7	3	1	1	2021	0	元旦
2021-01-04	2	1	4	1	1	2021	1	\N
2021-01-05	2	2	5	1	1	2021	1	\N
2021-01-06	2	3	6	1	1	2021	1	\N
2021-01-07	2	4	7	1	1	2021	1	\N
2021-01-08	2	5	8	1	1	2021	1	\N
2021-01-09	2	6	9	1	1	2021	0	\N
2021-01-10	2	7	10	1	1	2021	0	\N
2021-01-11	3	1	11	1	1	2021	1	\N
2021-01-12	3	2	12	1	1	2021	1	\N
2021-01-13	3	3	13	1	1	2021	1	\N
2021-01-14	3	4	14	1	1	2021	1	\N
2021-01-15	3	5	15	1	1	2021	1	\N
2021-01-16	3	6	16	1	1	2021	0	\N
2021-01-17	3	7	17	1	1	2021	0	\N
2021-01-18	4	1	18	1	1	2021	1	\N
2021-01-19	4	2	19	1	1	2021	1	\N
2021-01-20	4	3	20	1	1	2021	1	\N
2021-01-21	4	4	21	1	1	2021	1	\N
2021-01-22	4	5	22	1	1	2021	1	\N
2021-01-23	4	6	23	1	1	2021	0	\N
2021-01-24	4	7	24	1	1	2021	0	\N
2021-01-25	5	1	25	1	1	2021	1	\N
2021-01-26	5	2	26	1	1	2021	1	\N
2021-01-27	5	3	27	1	1	2021	1	\N
2021-01-28	5	4	28	1	1	2021	1	\N
2021-01-29	5	5	29	1	1	2021	1	\N
2021-01-30	5	6	30	1	1	2021	0	\N
2021-01-31	5	7	31	1	1	2021	0	\N
2021-02-01	6	1	1	2	1	2021	1	\N
2021-02-02	6	2	2	2	1	2021	1	\N
2021-02-03	6	3	3	2	1	2021	1	\N
2021-02-04	6	4	4	2	1	2021	1	\N
2021-02-05	6	5	5	2	1	2021	1	\N
2021-02-06	6	6	6	2	1	2021	0	\N
2021-02-07	6	7	7	2	1	2021	1	\N
2021-02-08	7	1	8	2	1	2021	1	\N
2021-02-09	7	2	9	2	1	2021	1	\N
2021-02-10	7	3	10	2	1	2021	1	\N
2021-02-11	7	4	11	2	1	2021	0	春节
2021-02-12	7	5	12	2	1	2021	0	春节
2021-02-13	7	6	13	2	1	2021	0	春节
2021-02-14	7	7	14	2	1	2021	0	春节
2021-02-15	8	1	15	2	1	2021	0	春节
2021-02-16	8	2	16	2	1	2021	0	春节
2021-02-17	8	3	17	2	1	2021	0	春节
2021-02-18	8	4	18	2	1	2021	1	\N
2021-02-19	8	5	19	2	1	2021	1	\N
2021-02-20	8	6	20	2	1	2021	1	\N
2021-02-21	8	7	21	2	1	2021	0	\N
2021-02-22	9	1	22	2	1	2021	1	\N
2021-02-23	9	2	23	2	1	2021	1	\N
2021-02-24	9	3	24	2	1	2021	1	\N
2021-02-25	9	4	25	2	1	2021	1	\N
2021-02-26	9	5	26	2	1	2021	1	\N
2021-02-27	9	6	27	2	1	2021	0	\N
2021-02-28	9	7	28	2	1	2021	0	\N
2021-03-01	10	1	1	3	1	2021	1	\N
2021-03-02	10	2	2	3	1	2021	1	\N
2021-03-03	10	3	3	3	1	2021	1	\N
2021-03-04	10	4	4	3	1	2021	1	\N
2021-03-05	10	5	5	3	1	2021	1	\N
2021-03-06	10	6	6	3	1	2021	0	\N
2021-03-07	10	7	7	3	1	2021	0	\N
2021-03-08	11	1	8	3	1	2021	1	\N
2021-03-09	11	2	9	3	1	2021	1	\N
2021-03-10	11	3	10	3	1	2021	1	\N
2021-03-11	11	4	11	3	1	2021	1	\N
2021-03-12	11	5	12	3	1	2021	1	\N
2021-03-13	11	6	13	3	1	2021	0	\N
2021-03-14	11	7	14	3	1	2021	0	\N
2021-03-15	12	1	15	3	1	2021	1	\N
2021-03-16	12	2	16	3	1	2021	1	\N
2021-03-17	12	3	17	3	1	2021	1	\N
2021-03-18	12	4	18	3	1	2021	1	\N
2021-03-19	12	5	19	3	1	2021	1	\N
2021-03-20	12	6	20	3	1	2021	0	\N
2021-03-21	12	7	21	3	1	2021	0	\N
2021-03-22	13	1	22	3	1	2021	1	\N
2021-03-23	13	2	23	3	1	2021	1	\N
2021-03-24	13	3	24	3	1	2021	1	\N
2021-03-25	13	4	25	3	1	2021	1	\N
2021-03-26	13	5	26	3	1	2021	1	\N
2021-03-27	13	6	27	3	1	2021	0	\N
2021-03-28	13	7	28	3	1	2021	0	\N
2021-03-29	14	1	29	3	1	2021	1	\N
2021-03-30	14	2	30	3	1	2021	1	\N
2021-03-31	14	3	31	3	1	2021	1	\N
2021-04-01	14	4	1	4	2	2021	1	\N
2021-04-02	14	5	2	4	2	2021	1	\N
2021-04-03	14	6	3	4	2	2021	0	清明节
2021-04-04	14	7	4	4	2	2021	0	清明节
2021-04-05	15	1	5	4	2	2021	0	清明节
2021-04-06	15	2	6	4	2	2021	1	\N
2021-04-07	15	3	7	4	2	2021	1	\N
2021-04-08	15	4	8	4	2	2021	1	\N
2021-04-09	15	5	9	4	2	2021	1	\N
2021-04-10	15	6	10	4	2	2021	0	\N
2021-04-11	15	7	11	4	2	2021	0	\N
2021-04-12	16	1	12	4	2	2021	1	\N
2021-04-13	16	2	13	4	2	2021	1	\N
2021-04-14	16	3	14	4	2	2021	1	\N
2021-04-15	16	4	15	4	2	2021	1	\N
2021-04-16	16	5	16	4	2	2021	1	\N
2021-04-17	16	6	17	4	2	2021	0	\N
2021-04-18	16	7	18	4	2	2021	0	\N
2021-04-19	17	1	19	4	2	2021	1	\N
2021-04-20	17	2	20	4	2	2021	1	\N
2021-04-21	17	3	21	4	2	2021	1	\N
2021-04-22	17	4	22	4	2	2021	1	\N
2021-04-23	17	5	23	4	2	2021	1	\N
2021-04-24	17	6	24	4	2	2021	0	\N
2021-04-25	17	7	25	4	2	2021	1	\N
2021-04-26	18	1	26	4	2	2021	1	\N
2021-04-27	18	2	27	4	2	2021	1	\N
2021-04-28	18	3	28	4	2	2021	1	\N
2021-04-29	18	4	29	4	2	2021	1	\N
2021-04-30	18	5	30	4	2	2021	1	\N
2021-05-01	18	6	1	5	2	2021	0	劳动节
2021-05-02	18	7	2	5	2	2021	0	劳动节
2021-05-03	19	1	3	5	2	2021	0	劳动节
2021-05-04	19	2	4	5	2	2021	0	劳动节
2021-05-05	19	3	5	5	2	2021	0	劳动节
2021-05-06	19	4	6	5	2	2021	1	\N
2021-05-07	19	5	7	5	2	2021	1	\N
2021-05-08	19	6	8	5	2	2021	1	\N
2021-05-09	19	7	9	5	2	2021	0	\N
2021-05-10	20	1	10	5	2	2021	1	\N
2021-05-11	20	2	11	5	2	2021	1	\N
2021-05-12	20	3	12	5	2	2021	1	\N
2021-05-13	20	4	13	5	2	2021	1	\N
2021-05-14	20	5	14	5	2	2021	1	\N
2021-05-15	20	6	15	5	2	2021	0	\N
2021-05-16	20	7	16	5	2	2021	0	\N
2021-05-17	21	1	17	5	2	2021	1	\N
2021-05-18	21	2	18	5	2	2021	1	\N
2021-05-19	21	3	19	5	2	2021	1	\N
2021-05-20	21	4	20	5	2	2021	1	\N
2021-05-21	21	5	21	5	2	2021	1	\N
2021-05-22	21	6	22	5	2	2021	0	\N
2021-05-23	21	7	23	5	2	2021	0	\N
2021-05-24	22	1	24	5	2	2021	1	\N
2021-05-25	22	2	25	5	2	2021	1	\N
2021-05-26	22	3	26	5	2	2021	1	\N
2021-05-27	22	4	27	5	2	2021	1	\N
2021-05-28	22	5	28	5	2	2021	1	\N
2021-05-29	22	6	29	5	2	2021	0	\N
2021-05-30	22	7	30	5	2	2021	0	\N
2021-05-31	23	1	31	5	2	2021	1	\N
2021-06-01	23	2	1	6	2	2021	1	\N
2021-06-02	23	3	2	6	2	2021	1	\N
2021-06-03	23	4	3	6	2	2021	1	\N
2021-06-04	23	5	4	6	2	2021	1	\N
2021-06-05	23	6	5	6	2	2021	0	\N
2021-06-06	23	7	6	6	2	2021	0	\N
2021-06-07	24	1	7	6	2	2021	1	\N
2021-06-08	24	2	8	6	2	2021	1	\N
2021-06-09	24	3	9	6	2	2021	1	\N
2021-06-10	24	4	10	6	2	2021	1	\N
2021-06-11	24	5	11	6	2	2021	1	\N
2021-06-12	24	6	12	6	2	2021	0	端午节
2021-06-13	24	7	13	6	2	2021	0	端午节
2021-06-14	25	1	14	6	2	2021	0	端午节
2021-06-15	25	2	15	6	2	2021	1	\N
2021-06-16	25	3	16	6	2	2021	1	\N
2021-06-17	25	4	17	6	2	2021	1	\N
2021-06-18	25	5	18	6	2	2021	1	\N
2021-06-19	25	6	19	6	2	2021	0	\N
2021-06-20	25	7	20	6	2	2021	0	\N
2021-06-21	26	1	21	6	2	2021	1	\N
2021-06-22	26	2	22	6	2	2021	1	\N
2021-06-23	26	3	23	6	2	2021	1	\N
2021-06-24	26	4	24	6	2	2021	1	\N
2021-06-25	26	5	25	6	2	2021	1	\N
2021-06-26	26	6	26	6	2	2021	0	\N
2021-06-27	26	7	27	6	2	2021	0	\N
2021-06-28	27	1	28	6	2	2021	1	\N
2021-06-29	27	2	29	6	2	2021	1	\N
2021-06-30	27	3	30	6	2	2021	1	\N
2021-07-01	27	4	1	7	3	2021	1	\N
2021-07-02	27	5	2	7	3	2021	1	\N
2021-07-03	27	6	3	7	3	2021	0	\N
2021-07-04	27	7	4	7	3	2021	0	\N
2021-07-05	28	1	5	7	3	2021	1	\N
2021-07-06	28	2	6	7	3	2021	1	\N
2021-07-07	28	3	7	7	3	2021	1	\N
2021-07-08	28	4	8	7	3	2021	1	\N
2021-07-09	28	5	9	7	3	2021	1	\N
2021-07-10	28	6	10	7	3	2021	0	\N
2021-07-11	28	7	11	7	3	2021	0	\N
2021-07-12	29	1	12	7	3	2021	1	\N
2021-07-13	29	2	13	7	3	2021	1	\N
2021-07-14	29	3	14	7	3	2021	1	\N
2021-07-15	29	4	15	7	3	2021	1	\N
2021-07-16	29	5	16	7	3	2021	1	\N
2021-07-17	29	6	17	7	3	2021	0	\N
2021-07-18	29	7	18	7	3	2021	0	\N
2021-07-19	30	1	19	7	3	2021	1	\N
2021-07-20	30	2	20	7	3	2021	1	\N
2021-07-21	30	3	21	7	3	2021	1	\N
2021-07-22	30	4	22	7	3	2021	1	\N
2021-07-23	30	5	23	7	3	2021	1	\N
2021-07-24	30	6	24	7	3	2021	0	\N
2021-07-25	30	7	25	7	3	2021	0	\N
2021-07-26	31	1	26	7	3	2021	1	\N
2021-07-27	31	2	27	7	3	2021	1	\N
2021-07-28	31	3	28	7	3	2021	1	\N
2021-07-29	31	4	29	7	3	2021	1	\N
2021-07-30	31	5	30	7	3	2021	1	\N
2021-07-31	31	6	31	7	3	2021	0	\N
2021-08-01	31	7	1	8	3	2021	0	\N
2021-08-02	32	1	2	8	3	2021	1	\N
2021-08-03	32	2	3	8	3	2021	1	\N
2021-08-04	32	3	4	8	3	2021	1	\N
2021-08-05	32	4	5	8	3	2021	1	\N
2021-08-06	32	5	6	8	3	2021	1	\N
2021-08-07	32	6	7	8	3	2021	0	\N
2021-08-08	32	7	8	8	3	2021	0	\N
2021-08-09	33	1	9	8	3	2021	1	\N
2021-08-10	33	2	10	8	3	2021	1	\N
2021-08-11	33	3	11	8	3	2021	1	\N
2021-08-12	33	4	12	8	3	2021	1	\N
2021-08-13	33	5	13	8	3	2021	1	\N
2021-08-14	33	6	14	8	3	2021	0	\N
2021-08-15	33	7	15	8	3	2021	0	\N
2021-08-16	34	1	16	8	3	2021	1	\N
2021-08-17	34	2	17	8	3	2021	1	\N
2021-08-18	34	3	18	8	3	2021	1	\N
2021-08-19	34	4	19	8	3	2021	1	\N
2021-08-20	34	5	20	8	3	2021	1	\N
2021-08-21	34	6	21	8	3	2021	0	\N
2021-08-22	34	7	22	8	3	2021	0	\N
2021-08-23	35	1	23	8	3	2021	1	\N
2021-08-24	35	2	24	8	3	2021	1	\N
2021-08-25	35	3	25	8	3	2021	1	\N
2021-08-26	35	4	26	8	3	2021	1	\N
2021-08-27	35	5	27	8	3	2021	1	\N
2021-08-28	35	6	28	8	3	2021	0	\N
2021-08-29	35	7	29	8	3	2021	0	\N
2021-08-30	36	1	30	8	3	2021	1	\N
2021-08-31	36	2	31	8	3	2021	1	\N
2021-09-01	36	3	1	9	3	2021	1	\N
2021-09-02	36	4	2	9	3	2021	1	\N
2021-09-03	36	5	3	9	3	2021	1	\N
2021-09-04	36	6	4	9	3	2021	0	\N
2021-09-05	36	7	5	9	3	2021	0	\N
2021-09-06	37	1	6	9	3	2021	1	\N
2021-09-07	37	2	7	9	3	2021	1	\N
2021-09-08	37	3	8	9	3	2021	1	\N
2021-09-09	37	4	9	9	3	2021	1	\N
2021-09-10	37	5	10	9	3	2021	1	\N
2021-09-11	37	6	11	9	3	2021	0	\N
2021-09-12	37	7	12	9	3	2021	0	\N
2021-09-13	38	1	13	9	3	2021	1	\N
2021-09-14	38	2	14	9	3	2021	1	\N
2021-09-15	38	3	15	9	3	2021	1	\N
2021-09-16	38	4	16	9	3	2021	1	\N
2021-09-17	38	5	17	9	3	2021	1	\N
2021-09-18	38	6	18	9	3	2021	1	\N
2021-09-19	38	7	19	9	3	2021	0	中秋节
2021-09-20	39	1	20	9	3	2021	0	中秋节
2021-09-21	39	2	21	9	3	2021	0	中秋节
2021-09-22	39	3	22	9	3	2021	1	\N
2021-09-23	39	4	23	9	3	2021	1	\N
2021-09-24	39	5	24	9	3	2021	1	\N
2021-09-25	39	6	25	9	3	2021	0	\N
2021-09-26	39	7	26	9	3	2021	1	\N
2021-09-27	40	1	27	9	3	2021	1	\N
2021-09-28	40	2	28	9	3	2021	1	\N
2021-09-29	40	3	29	9	3	2021	1	\N
2021-09-30	40	4	30	9	3	2021	1	\N
2021-10-01	40	5	1	10	4	2021	0	国庆节
2021-10-02	40	6	2	10	4	2021	0	国庆节
2021-10-03	40	7	3	10	4	2021	0	国庆节
2021-10-04	41	1	4	10	4	2021	0	国庆节
2021-10-05	41	2	5	10	4	2021	0	国庆节
2021-10-06	41	3	6	10	4	2021	0	国庆节
2021-10-07	41	4	7	10	4	2021	0	国庆节
2021-10-08	41	5	8	10	4	2021	1	\N
2021-10-09	41	6	9	10	4	2021	1	\N
2021-10-10	41	7	10	10	4	2021	0	\N
2021-10-11	42	1	11	10	4	2021	1	\N
2021-10-12	42	2	12	10	4	2021	1	\N
2021-10-13	42	3	13	10	4	2021	1	\N
2021-10-14	42	4	14	10	4	2021	1	\N
2021-10-15	42	5	15	10	4	2021	1	\N
2021-10-16	42	6	16	10	4	2021	0	\N
2021-10-17	42	7	17	10	4	2021	0	\N
2021-10-18	43	1	18	10	4	2021	1	\N
2021-10-19	43	2	19	10	4	2021	1	\N
2021-10-20	43	3	20	10	4	2021	1	\N
2021-10-21	43	4	21	10	4	2021	1	\N
2021-10-22	43	5	22	10	4	2021	1	\N
2021-10-23	43	6	23	10	4	2021	0	\N
2021-10-24	43	7	24	10	4	2021	0	\N
2021-10-25	44	1	25	10	4	2021	1	\N
2021-10-26	44	2	26	10	4	2021	1	\N
2021-10-27	44	3	27	10	4	2021	1	\N
2021-10-28	44	4	28	10	4	2021	1	\N
2021-10-29	44	5	29	10	4	2021	1	\N
2021-10-30	44	6	30	10	4	2021	0	\N
2021-10-31	44	7	31	10	4	2021	0	\N
2021-11-01	45	1	1	11	4	2021	1	\N
2021-11-02	45	2	2	11	4	2021	1	\N
2021-11-03	45	3	3	11	4	2021	1	\N
2021-11-04	45	4	4	11	4	2021	1	\N
2021-11-05	45	5	5	11	4	2021	1	\N
2021-11-06	45	6	6	11	4	2021	0	\N
2021-11-07	45	7	7	11	4	2021	0	\N
2021-11-08	46	1	8	11	4	2021	1	\N
2021-11-09	46	2	9	11	4	2021	1	\N
2021-11-10	46	3	10	11	4	2021	1	\N
2021-11-11	46	4	11	11	4	2021	1	\N
2021-11-12	46	5	12	11	4	2021	1	\N
2021-11-13	46	6	13	11	4	2021	0	\N
2021-11-14	46	7	14	11	4	2021	0	\N
2021-11-15	47	1	15	11	4	2021	1	\N
2021-11-16	47	2	16	11	4	2021	1	\N
2021-11-17	47	3	17	11	4	2021	1	\N
2021-11-18	47	4	18	11	4	2021	1	\N
2021-11-19	47	5	19	11	4	2021	1	\N
2021-11-20	47	6	20	11	4	2021	0	\N
2021-11-21	47	7	21	11	4	2021	0	\N
2021-11-22	48	1	22	11	4	2021	1	\N
2021-11-23	48	2	23	11	4	2021	1	\N
2021-11-24	48	3	24	11	4	2021	1	\N
2021-11-25	48	4	25	11	4	2021	1	\N
2021-11-26	48	5	26	11	4	2021	1	\N
2021-11-27	48	6	27	11	4	2021	0	\N
2021-11-28	48	7	28	11	4	2021	0	\N
2021-11-29	49	1	29	11	4	2021	1	\N
2021-11-30	49	2	30	11	4	2021	1	\N
2021-12-01	49	3	1	12	4	2021	1	\N
2021-12-02	49	4	2	12	4	2021	1	\N
2021-12-03	49	5	3	12	4	2021	1	\N
2021-12-04	49	6	4	12	4	2021	0	\N
2021-12-05	49	7	5	12	4	2021	0	\N
2021-12-06	50	1	6	12	4	2021	1	\N
2021-12-07	50	2	7	12	4	2021	1	\N
2021-12-08	50	3	8	12	4	2021	1	\N
2021-12-09	50	4	9	12	4	2021	1	\N
2021-12-10	50	5	10	12	4	2021	1	\N
2021-12-11	50	6	11	12	4	2021	0	\N
2021-12-12	50	7	12	12	4	2021	0	\N
2021-12-13	51	1	13	12	4	2021	1	\N
2021-12-14	51	2	14	12	4	2021	1	\N
2021-12-15	51	3	15	12	4	2021	1	\N
2021-12-16	51	4	16	12	4	2021	1	\N
2021-12-17	51	5	17	12	4	2021	1	\N
2021-12-18	51	6	18	12	4	2021	0	\N
2021-12-19	51	7	19	12	4	2021	0	\N
2021-12-20	52	1	20	12	4	2021	1	\N
2021-12-21	52	2	21	12	4	2021	1	\N
2021-12-22	52	3	22	12	4	2021	1	\N
2021-12-23	52	4	23	12	4	2021	1	\N
2021-12-24	52	5	24	12	4	2021	1	\N
2021-12-25	52	6	25	12	4	2021	0	\N
2021-12-26	52	7	26	12	4	2021	0	\N
2021-12-27	53	1	27	12	4	2021	1	\N
2021-12-28	53	2	28	12	4	2021	1	\N
2021-12-29	53	3	29	12	4	2021	1	\N
2021-12-30	53	4	30	12	4	2021	1	\N
2021-12-31	53	5	31	12	4	2021	1	\N
2022-01-01	1	6	1	1	1	2022	0	元旦
2022-01-02	1	7	2	1	1	2022	0	元旦
2022-01-03	2	1	3	1	1	2022	0	元旦
2022-01-04	2	2	4	1	1	2022	1	\N
2022-01-05	2	3	5	1	1	2022	1	\N
2022-01-06	2	4	6	1	1	2022	1	\N
2022-01-07	2	5	7	1	1	2022	1	\N
2022-01-08	2	6	8	1	1	2022	0	\N
2022-01-09	2	7	9	1	1	2022	0	\N
2022-01-10	3	1	10	1	1	2022	1	\N
2022-01-11	3	2	11	1	1	2022	1	\N
2022-01-12	3	3	12	1	1	2022	1	\N
2022-01-13	3	4	13	1	1	2022	1	\N
2022-01-14	3	5	14	1	1	2022	1	\N
2022-01-15	3	6	15	1	1	2022	0	\N
2022-01-16	3	7	16	1	1	2022	0	\N
2022-01-17	4	1	17	1	1	2022	1	\N
2022-01-18	4	2	18	1	1	2022	1	\N
2022-01-19	4	3	19	1	1	2022	1	\N
2022-01-20	4	4	20	1	1	2022	1	\N
2022-01-21	4	5	21	1	1	2022	1	\N
2022-01-22	4	6	22	1	1	2022	0	\N
2022-01-23	4	7	23	1	1	2022	0	\N
2022-01-24	5	1	24	1	1	2022	1	\N
2022-01-25	5	2	25	1	1	2022	1	\N
2022-01-26	5	3	26	1	1	2022	1	\N
2022-01-27	5	4	27	1	1	2022	1	\N
2022-01-28	5	5	28	1	1	2022	1	\N
2022-01-29	5	6	29	1	1	2022	1	\N
2022-01-30	5	7	30	1	1	2022	1	\N
2022-01-31	6	1	31	1	1	2022	0	春节
2022-02-01	6	2	1	2	1	2022	0	春节
2022-02-02	6	3	2	2	1	2022	0	春节
2022-02-03	6	4	3	2	1	2022	0	春节
2022-02-04	6	5	4	2	1	2022	0	春节
2022-02-05	6	6	5	2	1	2022	0	春节
2022-02-06	6	7	6	2	1	2022	0	春节
2022-02-07	7	1	7	2	1	2022	1	\N
2022-02-08	7	2	8	2	1	2022	1	\N
2022-02-09	7	3	9	2	1	2022	1	\N
2022-02-10	7	4	10	2	1	2022	1	\N
2022-02-11	7	5	11	2	1	2022	1	\N
2022-02-12	7	6	12	2	1	2022	0	\N
2022-02-13	7	7	13	2	1	2022	0	\N
2022-02-14	8	1	14	2	1	2022	1	\N
2022-02-15	8	2	15	2	1	2022	1	\N
2022-02-16	8	3	16	2	1	2022	1	\N
2022-02-17	8	4	17	2	1	2022	1	\N
2022-02-18	8	5	18	2	1	2022	1	\N
2022-02-19	8	6	19	2	1	2022	0	\N
2022-02-20	8	7	20	2	1	2022	0	\N
2022-02-21	9	1	21	2	1	2022	1	\N
2022-02-22	9	2	22	2	1	2022	1	\N
2022-02-23	9	3	23	2	1	2022	1	\N
2022-02-24	9	4	24	2	1	2022	1	\N
2022-02-25	9	5	25	2	1	2022	1	\N
2022-02-26	9	6	26	2	1	2022	0	\N
2022-02-27	9	7	27	2	1	2022	0	\N
2022-02-28	10	1	28	2	1	2022	1	\N
2022-03-01	10	2	1	3	1	2022	1	\N
2022-03-02	10	3	2	3	1	2022	1	\N
2022-03-03	10	4	3	3	1	2022	1	\N
2022-03-04	10	5	4	3	1	2022	1	\N
2022-03-05	10	6	5	3	1	2022	0	\N
2022-03-06	10	7	6	3	1	2022	0	\N
2022-03-07	11	1	7	3	1	2022	1	\N
2022-03-08	11	2	8	3	1	2022	1	\N
2022-03-09	11	3	9	3	1	2022	1	\N
2022-03-10	11	4	10	3	1	2022	1	\N
2022-03-11	11	5	11	3	1	2022	1	\N
2022-03-12	11	6	12	3	1	2022	0	\N
2022-03-13	11	7	13	3	1	2022	0	\N
2022-03-14	12	1	14	3	1	2022	1	\N
2022-03-15	12	2	15	3	1	2022	1	\N
2022-03-16	12	3	16	3	1	2022	1	\N
2022-03-17	12	4	17	3	1	2022	1	\N
2022-03-18	12	5	18	3	1	2022	1	\N
2022-03-19	12	6	19	3	1	2022	0	\N
2022-03-20	12	7	20	3	1	2022	0	\N
2022-03-21	13	1	21	3	1	2022	1	\N
2022-03-22	13	2	22	3	1	2022	1	\N
2022-03-23	13	3	23	3	1	2022	1	\N
2022-03-24	13	4	24	3	1	2022	1	\N
2022-03-25	13	5	25	3	1	2022	1	\N
2022-03-26	13	6	26	3	1	2022	0	\N
2022-03-27	13	7	27	3	1	2022	0	\N
2022-03-28	14	1	28	3	1	2022	1	\N
2022-03-29	14	2	29	3	1	2022	1	\N
2022-03-30	14	3	30	3	1	2022	1	\N
2022-03-31	14	4	31	3	1	2022	1	\N
2022-04-01	14	5	1	4	2	2022	1	\N
2022-04-02	14	6	2	4	2	2022	1	\N
2022-04-03	14	7	3	4	2	2022	0	清明节
2022-04-04	15	1	4	4	2	2022	0	清明节
2022-04-05	15	2	5	4	2	2022	0	清明节
2022-04-06	15	3	6	4	2	2022	1	\N
2022-04-07	15	4	7	4	2	2022	1	\N
2022-04-08	15	5	8	4	2	2022	1	\N
2022-04-09	15	6	9	4	2	2022	0	\N
2022-04-10	15	7	10	4	2	2022	0	\N
2022-04-11	16	1	11	4	2	2022	1	\N
2022-04-12	16	2	12	4	2	2022	1	\N
2022-04-13	16	3	13	4	2	2022	1	\N
2022-04-14	16	4	14	4	2	2022	1	\N
2022-04-15	16	5	15	4	2	2022	1	\N
2022-04-16	16	6	16	4	2	2022	0	\N
2022-04-17	16	7	17	4	2	2022	0	\N
2022-04-18	17	1	18	4	2	2022	1	\N
2022-04-19	17	2	19	4	2	2022	1	\N
2022-04-20	17	3	20	4	2	2022	1	\N
2022-04-21	17	4	21	4	2	2022	1	\N
2022-04-22	17	5	22	4	2	2022	1	\N
2022-04-23	17	6	23	4	2	2022	0	\N
2022-04-24	17	7	24	4	2	2022	1	\N
2022-04-25	18	1	25	4	2	2022	1	\N
2022-04-26	18	2	26	4	2	2022	1	\N
2022-04-27	18	3	27	4	2	2022	1	\N
2022-04-28	18	4	28	4	2	2022	1	\N
2022-04-29	18	5	29	4	2	2022	1	\N
2022-04-30	18	6	30	4	2	2022	0	劳动节
2022-05-01	18	7	1	5	2	2022	0	劳动节
2022-05-02	19	1	2	5	2	2022	0	劳动节
2022-05-03	19	2	3	5	2	2022	0	劳动节
2022-05-04	19	3	4	5	2	2022	0	劳动节
2022-05-05	19	4	5	5	2	2022	1	\N
2022-05-06	19	5	6	5	2	2022	1	\N
2022-05-07	19	6	7	5	2	2022	1	\N
2022-05-08	19	7	8	5	2	2022	0	\N
2022-05-09	20	1	9	5	2	2022	1	\N
2022-05-10	20	2	10	5	2	2022	1	\N
2022-05-11	20	3	11	5	2	2022	1	\N
2022-05-12	20	4	12	5	2	2022	1	\N
2022-05-13	20	5	13	5	2	2022	1	\N
2022-05-14	20	6	14	5	2	2022	0	\N
2022-05-15	20	7	15	5	2	2022	0	\N
2022-05-16	21	1	16	5	2	2022	1	\N
2022-05-17	21	2	17	5	2	2022	1	\N
2022-05-18	21	3	18	5	2	2022	1	\N
2022-05-19	21	4	19	5	2	2022	1	\N
2022-05-20	21	5	20	5	2	2022	1	\N
2022-05-21	21	6	21	5	2	2022	0	\N
2022-05-22	21	7	22	5	2	2022	0	\N
2022-05-23	22	1	23	5	2	2022	1	\N
2022-05-24	22	2	24	5	2	2022	1	\N
2022-05-25	22	3	25	5	2	2022	1	\N
2022-05-26	22	4	26	5	2	2022	1	\N
2022-05-27	22	5	27	5	2	2022	1	\N
2022-05-28	22	6	28	5	2	2022	0	\N
2022-05-29	22	7	29	5	2	2022	0	\N
2022-05-30	23	1	30	5	2	2022	1	\N
2022-05-31	23	2	31	5	2	2022	1	\N
2022-06-01	23	3	1	6	2	2022	1	\N
2022-06-02	23	4	2	6	2	2022	1	\N
2022-06-03	23	5	3	6	2	2022	0	端午节
2022-06-04	23	6	4	6	2	2022	0	端午节
2022-06-05	23	7	5	6	2	2022	0	端午节
2022-06-06	24	1	6	6	2	2022	1	\N
2022-06-07	24	2	7	6	2	2022	1	\N
2022-06-08	24	3	8	6	2	2022	1	\N
2022-06-09	24	4	9	6	2	2022	1	\N
2022-06-10	24	5	10	6	2	2022	1	\N
2022-06-11	24	6	11	6	2	2022	0	\N
2022-06-12	24	7	12	6	2	2022	0	\N
2022-06-13	25	1	13	6	2	2022	1	\N
2022-06-14	25	2	14	6	2	2022	1	\N
2022-06-15	25	3	15	6	2	2022	1	\N
2022-06-16	25	4	16	6	2	2022	1	\N
2022-06-17	25	5	17	6	2	2022	1	\N
2022-06-18	25	6	18	6	2	2022	0	\N
2022-06-19	25	7	19	6	2	2022	0	\N
2022-06-20	26	1	20	6	2	2022	1	\N
2022-06-21	26	2	21	6	2	2022	1	\N
2022-06-22	26	3	22	6	2	2022	1	\N
2022-06-23	26	4	23	6	2	2022	1	\N
2022-06-24	26	5	24	6	2	2022	1	\N
2022-06-25	26	6	25	6	2	2022	0	\N
2022-06-26	26	7	26	6	2	2022	0	\N
2022-06-27	27	1	27	6	2	2022	1	\N
2022-06-28	27	2	28	6	2	2022	1	\N
2022-06-29	27	3	29	6	2	2022	1	\N
2022-06-30	27	4	30	6	2	2022	1	\N
2022-07-01	27	5	1	7	3	2022	1	\N
2022-07-02	27	6	2	7	3	2022	0	\N
2022-07-03	27	7	3	7	3	2022	0	\N
2022-07-04	28	1	4	7	3	2022	1	\N
2022-07-05	28	2	5	7	3	2022	1	\N
2022-07-06	28	3	6	7	3	2022	1	\N
2022-07-07	28	4	7	7	3	2022	1	\N
2022-07-08	28	5	8	7	3	2022	1	\N
2022-07-09	28	6	9	7	3	2022	0	\N
2022-07-10	28	7	10	7	3	2022	0	\N
2022-07-11	29	1	11	7	3	2022	1	\N
2022-07-12	29	2	12	7	3	2022	1	\N
2022-07-13	29	3	13	7	3	2022	1	\N
2022-07-14	29	4	14	7	3	2022	1	\N
2022-07-15	29	5	15	7	3	2022	1	\N
2022-07-16	29	6	16	7	3	2022	0	\N
2022-07-17	29	7	17	7	3	2022	0	\N
2022-07-18	30	1	18	7	3	2022	1	\N
2022-07-19	30	2	19	7	3	2022	1	\N
2022-07-20	30	3	20	7	3	2022	1	\N
2022-07-21	30	4	21	7	3	2022	1	\N
2022-07-22	30	5	22	7	3	2022	1	\N
2022-07-23	30	6	23	7	3	2022	0	\N
2022-07-24	30	7	24	7	3	2022	0	\N
2022-07-25	31	1	25	7	3	2022	1	\N
2022-07-26	31	2	26	7	3	2022	1	\N
2022-07-27	31	3	27	7	3	2022	1	\N
2022-07-28	31	4	28	7	3	2022	1	\N
2022-07-29	31	5	29	7	3	2022	1	\N
2022-07-30	31	6	30	7	3	2022	0	\N
2022-07-31	31	7	31	7	3	2022	0	\N
2022-08-01	32	1	1	8	3	2022	1	\N
2022-08-02	32	2	2	8	3	2022	1	\N
2022-08-03	32	3	3	8	3	2022	1	\N
2022-08-04	32	4	4	8	3	2022	1	\N
2022-08-05	32	5	5	8	3	2022	1	\N
2022-08-06	32	6	6	8	3	2022	0	\N
2022-08-07	32	7	7	8	3	2022	0	\N
2022-08-08	33	1	8	8	3	2022	1	\N
2022-08-09	33	2	9	8	3	2022	1	\N
2022-08-10	33	3	10	8	3	2022	1	\N
2022-08-11	33	4	11	8	3	2022	1	\N
2022-08-12	33	5	12	8	3	2022	1	\N
2022-08-13	33	6	13	8	3	2022	0	\N
2022-08-14	33	7	14	8	3	2022	0	\N
2022-08-15	34	1	15	8	3	2022	1	\N
2022-08-16	34	2	16	8	3	2022	1	\N
2022-08-17	34	3	17	8	3	2022	1	\N
2022-08-18	34	4	18	8	3	2022	1	\N
2022-08-19	34	5	19	8	3	2022	1	\N
2022-08-20	34	6	20	8	3	2022	0	\N
2022-08-21	34	7	21	8	3	2022	0	\N
2022-08-22	35	1	22	8	3	2022	1	\N
2022-08-23	35	2	23	8	3	2022	1	\N
2022-08-24	35	3	24	8	3	2022	1	\N
2022-08-25	35	4	25	8	3	2022	1	\N
2022-08-26	35	5	26	8	3	2022	1	\N
2022-08-27	35	6	27	8	3	2022	0	\N
2022-08-28	35	7	28	8	3	2022	0	\N
2022-08-29	36	1	29	8	3	2022	1	\N
2022-08-30	36	2	30	8	3	2022	1	\N
2022-08-31	36	3	31	8	3	2022	1	\N
2022-09-01	36	4	1	9	3	2022	1	\N
2022-09-02	36	5	2	9	3	2022	1	\N
2022-09-03	36	6	3	9	3	2022	0	\N
2022-09-04	36	7	4	9	3	2022	0	\N
2022-09-05	37	1	5	9	3	2022	1	\N
2022-09-06	37	2	6	9	3	2022	1	\N
2022-09-07	37	3	7	9	3	2022	1	\N
2022-09-08	37	4	8	9	3	2022	1	\N
2022-09-09	37	5	9	9	3	2022	1	\N
2022-09-10	37	6	10	9	3	2022	0	中秋节
2022-09-11	37	7	11	9	3	2022	0	中秋节
2022-09-12	38	1	12	9	3	2022	0	中秋节
2022-09-13	38	2	13	9	3	2022	1	\N
2022-09-14	38	3	14	9	3	2022	1	\N
2022-09-15	38	4	15	9	3	2022	1	\N
2022-09-16	38	5	16	9	3	2022	1	\N
2022-09-17	38	6	17	9	3	2022	0	\N
2022-09-18	38	7	18	9	3	2022	0	\N
2022-09-19	39	1	19	9	3	2022	1	\N
2022-09-20	39	2	20	9	3	2022	1	\N
2022-09-21	39	3	21	9	3	2022	1	\N
2022-09-22	39	4	22	9	3	2022	1	\N
2022-09-23	39	5	23	9	3	2022	1	\N
2022-09-24	39	6	24	9	3	2022	0	\N
2022-09-25	39	7	25	9	3	2022	0	\N
2022-09-26	40	1	26	9	3	2022	1	\N
2022-09-27	40	2	27	9	3	2022	1	\N
2022-09-28	40	3	28	9	3	2022	1	\N
2022-09-29	40	4	29	9	3	2022	1	\N
2022-09-30	40	5	30	9	3	2022	1	\N
2022-10-01	40	6	1	10	4	2022	0	国庆节
2022-10-02	40	7	2	10	4	2022	0	国庆节
2022-10-03	41	1	3	10	4	2022	0	国庆节
2022-10-04	41	2	4	10	4	2022	0	国庆节
2022-10-05	41	3	5	10	4	2022	0	国庆节
2022-10-06	41	4	6	10	4	2022	0	国庆节
2022-10-07	41	5	7	10	4	2022	0	国庆节
2022-10-08	41	6	8	10	4	2022	1	\N
2022-10-09	41	7	9	10	4	2022	1	\N
2022-10-10	42	1	10	10	4	2022	1	\N
2022-10-11	42	2	11	10	4	2022	1	\N
2022-10-12	42	3	12	10	4	2022	1	\N
2022-10-13	42	4	13	10	4	2022	1	\N
2022-10-14	42	5	14	10	4	2022	1	\N
2022-10-15	42	6	15	10	4	2022	0	\N
2022-10-16	42	7	16	10	4	2022	0	\N
2022-10-17	43	1	17	10	4	2022	1	\N
2022-10-18	43	2	18	10	4	2022	1	\N
2022-10-19	43	3	19	10	4	2022	1	\N
2022-10-20	43	4	20	10	4	2022	1	\N
2022-10-21	43	5	21	10	4	2022	1	\N
2022-10-22	43	6	22	10	4	2022	0	\N
2022-10-23	43	7	23	10	4	2022	0	\N
2022-10-24	44	1	24	10	4	2022	1	\N
2022-10-25	44	2	25	10	4	2022	1	\N
2022-10-26	44	3	26	10	4	2022	1	\N
2022-10-27	44	4	27	10	4	2022	1	\N
2022-10-28	44	5	28	10	4	2022	1	\N
2022-10-29	44	6	29	10	4	2022	0	\N
2022-10-30	44	7	30	10	4	2022	0	\N
2022-10-31	45	1	31	10	4	2022	1	\N
2022-11-01	45	2	1	11	4	2022	1	\N
2022-11-02	45	3	2	11	4	2022	1	\N
2022-11-03	45	4	3	11	4	2022	1	\N
2022-11-04	45	5	4	11	4	2022	1	\N
2022-11-05	45	6	5	11	4	2022	0	\N
2022-11-06	45	7	6	11	4	2022	0	\N
2022-11-07	46	1	7	11	4	2022	1	\N
2022-11-08	46	2	8	11	4	2022	1	\N
2022-11-09	46	3	9	11	4	2022	1	\N
2022-11-10	46	4	10	11	4	2022	1	\N
2022-11-11	46	5	11	11	4	2022	1	\N
2022-11-12	46	6	12	11	4	2022	0	\N
2022-11-13	46	7	13	11	4	2022	0	\N
2022-11-14	47	1	14	11	4	2022	1	\N
2022-11-15	47	2	15	11	4	2022	1	\N
2022-11-16	47	3	16	11	4	2022	1	\N
2022-11-17	47	4	17	11	4	2022	1	\N
2022-11-18	47	5	18	11	4	2022	1	\N
2022-11-19	47	6	19	11	4	2022	0	\N
2022-11-20	47	7	20	11	4	2022	0	\N
2022-11-21	48	1	21	11	4	2022	1	\N
2022-11-22	48	2	22	11	4	2022	1	\N
2022-11-23	48	3	23	11	4	2022	1	\N
2022-11-24	48	4	24	11	4	2022	1	\N
2022-11-25	48	5	25	11	4	2022	1	\N
2022-11-26	48	6	26	11	4	2022	0	\N
2022-11-27	48	7	27	11	4	2022	0	\N
2022-11-28	49	1	28	11	4	2022	1	\N
2022-11-29	49	2	29	11	4	2022	1	\N
2022-11-30	49	3	30	11	4	2022	1	\N
2022-12-01	49	4	1	12	4	2022	1	\N
2022-12-02	49	5	2	12	4	2022	1	\N
2022-12-03	49	6	3	12	4	2022	0	\N
2022-12-04	49	7	4	12	4	2022	0	\N
2022-12-05	50	1	5	12	4	2022	1	\N
2022-12-06	50	2	6	12	4	2022	1	\N
2022-12-07	50	3	7	12	4	2022	1	\N
2022-12-08	50	4	8	12	4	2022	1	\N
2022-12-09	50	5	9	12	4	2022	1	\N
2022-12-10	50	6	10	12	4	2022	0	\N
2022-12-11	50	7	11	12	4	2022	0	\N
2022-12-12	51	1	12	12	4	2022	1	\N
2022-12-13	51	2	13	12	4	2022	1	\N
2022-12-14	51	3	14	12	4	2022	1	\N
2022-12-15	51	4	15	12	4	2022	1	\N
2022-12-16	51	5	16	12	4	2022	1	\N
2022-12-17	51	6	17	12	4	2022	0	\N
2022-12-18	51	7	18	12	4	2022	0	\N
2022-12-19	52	1	19	12	4	2022	1	\N
2022-12-20	52	2	20	12	4	2022	1	\N
2022-12-21	52	3	21	12	4	2022	1	\N
2022-12-22	52	4	22	12	4	2022	1	\N
2022-12-23	52	5	23	12	4	2022	1	\N
2022-12-24	52	6	24	12	4	2022	0	\N
2022-12-25	52	7	25	12	4	2022	0	\N
2022-12-26	53	1	26	12	4	2022	1	\N
2022-12-27	53	2	27	12	4	2022	1	\N
2022-12-28	53	3	28	12	4	2022	1	\N
2022-12-29	53	4	29	12	4	2022	1	\N
2022-12-30	53	5	30	12	4	2022	1	\N
2022-12-31	53	6	31	12	4	2022	0	\N
2023-01-01	53	7	1	1	1	2023	0	元旦
2023-01-02	1	1	2	1	1	2023	0	元旦
2023-01-03	1	2	3	1	1	2023	1	\N
2023-01-04	1	3	4	1	1	2023	1	\N
2023-01-05	1	4	5	1	1	2023	1	\N
2023-01-06	1	5	6	1	1	2023	1	\N
2023-01-07	1	6	7	1	1	2023	0	\N
2023-01-08	1	7	8	1	1	2023	0	\N
2023-01-09	2	1	9	1	1	2023	1	\N
2023-01-10	2	2	10	1	1	2023	1	\N
2023-01-11	2	3	11	1	1	2023	1	\N
2023-01-12	2	4	12	1	1	2023	1	\N
2023-01-13	2	5	13	1	1	2023	1	\N
2023-01-14	2	6	14	1	1	2023	0	\N
2023-01-15	2	7	15	1	1	2023	0	\N
2023-01-16	3	1	16	1	1	2023	1	\N
2023-01-17	3	2	17	1	1	2023	1	\N
2023-01-18	3	3	18	1	1	2023	1	\N
2023-01-19	3	4	19	1	1	2023	1	\N
2023-01-20	3	5	20	1	1	2023	1	\N
2023-01-21	3	6	21	1	1	2023	0	春节
2023-01-22	3	7	22	1	1	2023	0	春节
2023-01-23	4	1	23	1	1	2023	0	春节
2023-01-24	4	2	24	1	1	2023	0	春节
2023-01-25	4	3	25	1	1	2023	0	春节
2023-01-26	4	4	26	1	1	2023	0	春节
2023-01-27	4	5	27	1	1	2023	0	春节
2023-01-28	4	6	28	1	1	2023	1	\N
2023-01-29	4	7	29	1	1	2023	1	\N
2023-01-30	5	1	30	1	1	2023	1	\N
2023-01-31	5	2	31	1	1	2023	1	\N
2023-02-01	5	3	1	2	1	2023	1	\N
2023-02-02	5	4	2	2	1	2023	1	\N
2023-02-03	5	5	3	2	1	2023	1	\N
2023-02-04	5	6	4	2	1	2023	0	\N
2023-02-05	5	7	5	2	1	2023	0	\N
2023-02-06	6	1	6	2	1	2023	1	\N
2023-02-07	6	2	7	2	1	2023	1	\N
2023-02-08	6	3	8	2	1	2023	1	\N
2023-02-09	6	4	9	2	1	2023	1	\N
2023-02-10	6	5	10	2	1	2023	1	\N
2023-02-11	6	6	11	2	1	2023	0	\N
2023-02-12	6	7	12	2	1	2023	0	\N
2023-02-13	7	1	13	2	1	2023	1	\N
2023-02-14	7	2	14	2	1	2023	1	\N
2023-02-15	7	3	15	2	1	2023	1	\N
2023-02-16	7	4	16	2	1	2023	1	\N
2023-02-17	7	5	17	2	1	2023	1	\N
2023-02-18	7	6	18	2	1	2023	0	\N
2023-02-19	7	7	19	2	1	2023	0	\N
2023-02-20	8	1	20	2	1	2023	1	\N
2023-02-21	8	2	21	2	1	2023	1	\N
2023-02-22	8	3	22	2	1	2023	1	\N
2023-02-23	8	4	23	2	1	2023	1	\N
2023-02-24	8	5	24	2	1	2023	1	\N
2023-02-25	8	6	25	2	1	2023	0	\N
2023-02-26	8	7	26	2	1	2023	0	\N
2023-02-27	9	1	27	2	1	2023	1	\N
2023-02-28	9	2	28	2	1	2023	1	\N
2023-03-01	9	3	1	3	1	2023	1	\N
2023-03-02	9	4	2	3	1	2023	1	\N
2023-03-03	9	5	3	3	1	2023	1	\N
2023-03-04	9	6	4	3	1	2023	0	\N
2023-03-05	9	7	5	3	1	2023	0	\N
2023-03-06	10	1	6	3	1	2023	1	\N
2023-03-07	10	2	7	3	1	2023	1	\N
2023-03-08	10	3	8	3	1	2023	1	\N
2023-03-09	10	4	9	3	1	2023	1	\N
2023-03-10	10	5	10	3	1	2023	1	\N
2023-03-11	10	6	11	3	1	2023	0	\N
2023-03-12	10	7	12	3	1	2023	0	\N
2023-03-13	11	1	13	3	1	2023	1	\N
2023-03-14	11	2	14	3	1	2023	1	\N
2023-03-15	11	3	15	3	1	2023	1	\N
2023-03-16	11	4	16	3	1	2023	1	\N
2023-03-17	11	5	17	3	1	2023	1	\N
2023-03-18	11	6	18	3	1	2023	0	\N
2023-03-19	11	7	19	3	1	2023	0	\N
2023-03-20	12	1	20	3	1	2023	1	\N
2023-03-21	12	2	21	3	1	2023	1	\N
2023-03-22	12	3	22	3	1	2023	1	\N
2023-03-23	12	4	23	3	1	2023	1	\N
2023-03-24	12	5	24	3	1	2023	1	\N
2023-03-25	12	6	25	3	1	2023	0	\N
2023-03-26	12	7	26	3	1	2023	0	\N
2023-03-27	13	1	27	3	1	2023	1	\N
2023-03-28	13	2	28	3	1	2023	1	\N
2023-03-29	13	3	29	3	1	2023	1	\N
2023-03-30	13	4	30	3	1	2023	1	\N
2023-03-31	13	5	31	3	1	2023	1	\N
2023-04-01	13	6	1	4	2	2023	0	\N
2023-04-02	13	7	2	4	2	2023	0	\N
2023-04-03	14	1	3	4	2	2023	1	\N
2023-04-04	14	2	4	4	2	2023	1	\N
2023-04-05	14	3	5	4	2	2023	0	清明节
2023-04-06	14	4	6	4	2	2023	1	\N
2023-04-07	14	5	7	4	2	2023	1	\N
2023-04-08	14	6	8	4	2	2023	0	\N
2023-04-09	14	7	9	4	2	2023	0	\N
2023-04-10	15	1	10	4	2	2023	1	\N
2023-04-11	15	2	11	4	2	2023	1	\N
2023-04-12	15	3	12	4	2	2023	1	\N
2023-04-13	15	4	13	4	2	2023	1	\N
2023-04-14	15	5	14	4	2	2023	1	\N
2023-04-15	15	6	15	4	2	2023	0	\N
2023-04-16	15	7	16	4	2	2023	0	\N
2023-04-17	16	1	17	4	2	2023	1	\N
2023-04-18	16	2	18	4	2	2023	1	\N
2023-04-19	16	3	19	4	2	2023	1	\N
2023-04-20	16	4	20	4	2	2023	1	\N
2023-04-21	16	5	21	4	2	2023	1	\N
2023-04-22	16	6	22	4	2	2023	0	\N
2023-04-23	16	7	23	4	2	2023	1	\N
2023-04-24	17	1	24	4	2	2023	1	\N
2023-04-25	17	2	25	4	2	2023	1	\N
2023-04-26	17	3	26	4	2	2023	1	\N
2023-04-27	17	4	27	4	2	2023	1	\N
2023-04-28	17	5	28	4	2	2023	1	\N
2023-04-29	17	6	29	4	2	2023	0	劳动节
2023-04-30	17	7	30	4	2	2023	0	劳动节
2023-05-01	18	1	1	5	2	2023	0	劳动节
2023-05-02	18	2	2	5	2	2023	0	劳动节
2023-05-03	18	3	3	5	2	2023	0	劳动节
2023-05-04	18	4	4	5	2	2023	1	\N
2023-05-05	18	5	5	5	2	2023	1	\N
2023-05-06	18	6	6	5	2	2023	1	\N
2023-05-07	18	7	7	5	2	2023	0	\N
2023-05-08	19	1	8	5	2	2023	1	\N
2023-05-09	19	2	9	5	2	2023	1	\N
2023-05-10	19	3	10	5	2	2023	1	\N
2023-05-11	19	4	11	5	2	2023	1	\N
2023-05-12	19	5	12	5	2	2023	1	\N
2023-05-13	19	6	13	5	2	2023	0	\N
2023-05-14	19	7	14	5	2	2023	0	\N
2023-05-15	20	1	15	5	2	2023	1	\N
2023-05-16	20	2	16	5	2	2023	1	\N
2023-05-17	20	3	17	5	2	2023	1	\N
2023-05-18	20	4	18	5	2	2023	1	\N
2023-05-19	20	5	19	5	2	2023	1	\N
2023-05-20	20	6	20	5	2	2023	0	\N
2023-05-21	20	7	21	5	2	2023	0	\N
2023-05-22	21	1	22	5	2	2023	1	\N
2023-05-23	21	2	23	5	2	2023	1	\N
2023-05-24	21	3	24	5	2	2023	1	\N
2023-05-25	21	4	25	5	2	2023	1	\N
2023-05-26	21	5	26	5	2	2023	1	\N
2023-05-27	21	6	27	5	2	2023	0	\N
2023-05-28	21	7	28	5	2	2023	0	\N
2023-05-29	22	1	29	5	2	2023	1	\N
2023-05-30	22	2	30	5	2	2023	1	\N
2023-05-31	22	3	31	5	2	2023	1	\N
2023-06-01	22	4	1	6	2	2023	1	\N
2023-06-02	22	5	2	6	2	2023	1	\N
2023-06-03	22	6	3	6	2	2023	0	\N
2023-06-04	22	7	4	6	2	2023	0	\N
2023-06-05	23	1	5	6	2	2023	1	\N
2023-06-06	23	2	6	6	2	2023	1	\N
2023-06-07	23	3	7	6	2	2023	1	\N
2023-06-08	23	4	8	6	2	2023	1	\N
2023-06-09	23	5	9	6	2	2023	1	\N
2023-06-10	23	6	10	6	2	2023	0	\N
2023-06-11	23	7	11	6	2	2023	0	\N
2023-06-12	24	1	12	6	2	2023	1	\N
2023-06-13	24	2	13	6	2	2023	1	\N
2023-06-14	24	3	14	6	2	2023	1	\N
2023-06-15	24	4	15	6	2	2023	1	\N
2023-06-16	24	5	16	6	2	2023	1	\N
2023-06-17	24	6	17	6	2	2023	0	\N
2023-06-18	24	7	18	6	2	2023	0	\N
2023-06-19	25	1	19	6	2	2023	1	\N
2023-06-20	25	2	20	6	2	2023	1	\N
2023-06-21	25	3	21	6	2	2023	1	\N
2023-06-22	25	4	22	6	2	2023	0	端午节
2023-06-23	25	5	23	6	2	2023	0	端午节
2023-06-24	25	6	24	6	2	2023	0	端午节
2023-06-25	25	7	25	6	2	2023	1	\N
2023-06-26	26	1	26	6	2	2023	1	\N
2023-06-27	26	2	27	6	2	2023	1	\N
2023-06-28	26	3	28	6	2	2023	1	\N
2023-06-29	26	4	29	6	2	2023	1	\N
2023-06-30	26	5	30	6	2	2023	1	\N
2023-07-01	26	6	1	7	3	2023	0	\N
2023-07-02	26	7	2	7	3	2023	0	\N
2023-07-03	27	1	3	7	3	2023	1	\N
2023-07-04	27	2	4	7	3	2023	1	\N
2023-07-05	27	3	5	7	3	2023	1	\N
2023-07-06	27	4	6	7	3	2023	1	\N
2023-07-07	27	5	7	7	3	2023	1	\N
2023-07-08	27	6	8	7	3	2023	0	\N
2023-07-09	27	7	9	7	3	2023	0	\N
2023-07-10	28	1	10	7	3	2023	1	\N
2023-07-11	28	2	11	7	3	2023	1	\N
2023-07-12	28	3	12	7	3	2023	1	\N
2023-07-13	28	4	13	7	3	2023	1	\N
2023-07-14	28	5	14	7	3	2023	1	\N
2023-07-15	28	6	15	7	3	2023	0	\N
2023-07-16	28	7	16	7	3	2023	0	\N
2023-07-17	29	1	17	7	3	2023	1	\N
2023-07-18	29	2	18	7	3	2023	1	\N
2023-07-19	29	3	19	7	3	2023	1	\N
2023-07-20	29	4	20	7	3	2023	1	\N
2023-07-21	29	5	21	7	3	2023	1	\N
2023-07-22	29	6	22	7	3	2023	0	\N
2023-07-23	29	7	23	7	3	2023	0	\N
2023-07-24	30	1	24	7	3	2023	1	\N
2023-07-25	30	2	25	7	3	2023	1	\N
2023-07-26	30	3	26	7	3	2023	1	\N
2023-07-27	30	4	27	7	3	2023	1	\N
2023-07-28	30	5	28	7	3	2023	1	\N
2023-07-29	30	6	29	7	3	2023	0	\N
2023-07-30	30	7	30	7	3	2023	0	\N
2023-07-31	31	1	31	7	3	2023	1	\N
2023-08-01	31	2	1	8	3	2023	1	\N
2023-08-02	31	3	2	8	3	2023	1	\N
2023-08-03	31	4	3	8	3	2023	1	\N
2023-08-04	31	5	4	8	3	2023	1	\N
2023-08-05	31	6	5	8	3	2023	0	\N
2023-08-06	31	7	6	8	3	2023	0	\N
2023-08-07	32	1	7	8	3	2023	1	\N
2023-08-08	32	2	8	8	3	2023	1	\N
2023-08-09	32	3	9	8	3	2023	1	\N
2023-08-10	32	4	10	8	3	2023	1	\N
2023-08-11	32	5	11	8	3	2023	1	\N
2023-08-12	32	6	12	8	3	2023	0	\N
2023-08-13	32	7	13	8	3	2023	0	\N
2023-08-14	33	1	14	8	3	2023	1	\N
2023-08-15	33	2	15	8	3	2023	1	\N
2023-08-16	33	3	16	8	3	2023	1	\N
2023-08-17	33	4	17	8	3	2023	1	\N
2023-08-18	33	5	18	8	3	2023	1	\N
2023-08-19	33	6	19	8	3	2023	0	\N
2023-08-20	33	7	20	8	3	2023	0	\N
2023-08-21	34	1	21	8	3	2023	1	\N
2023-08-22	34	2	22	8	3	2023	1	\N
2023-08-23	34	3	23	8	3	2023	1	\N
2023-08-24	34	4	24	8	3	2023	1	\N
2023-08-25	34	5	25	8	3	2023	1	\N
2023-08-26	34	6	26	8	3	2023	0	\N
2023-08-27	34	7	27	8	3	2023	0	\N
2023-08-28	35	1	28	8	3	2023	1	\N
2023-08-29	35	2	29	8	3	2023	1	\N
2023-08-30	35	3	30	8	3	2023	1	\N
2023-08-31	35	4	31	8	3	2023	1	\N
2023-09-01	35	5	1	9	3	2023	1	\N
2023-09-02	35	6	2	9	3	2023	0	\N
2023-09-03	35	7	3	9	3	2023	0	\N
2023-09-04	36	1	4	9	3	2023	1	\N
2023-09-05	36	2	5	9	3	2023	1	\N
2023-09-06	36	3	6	9	3	2023	1	\N
2023-09-07	36	4	7	9	3	2023	1	\N
2023-09-08	36	5	8	9	3	2023	1	\N
2023-09-09	36	6	9	9	3	2023	0	\N
2023-09-10	36	7	10	9	3	2023	0	\N
2023-09-11	37	1	11	9	3	2023	1	\N
2023-09-12	37	2	12	9	3	2023	1	\N
2023-09-13	37	3	13	9	3	2023	1	\N
2023-09-14	37	4	14	9	3	2023	1	\N
2023-09-15	37	5	15	9	3	2023	1	\N
2023-09-16	37	6	16	9	3	2023	0	\N
2023-09-17	37	7	17	9	3	2023	0	\N
2023-09-18	38	1	18	9	3	2023	1	\N
2023-09-19	38	2	19	9	3	2023	1	\N
2023-09-20	38	3	20	9	3	2023	1	\N
2023-09-21	38	4	21	9	3	2023	1	\N
2023-09-22	38	5	22	9	3	2023	1	\N
2023-09-23	38	6	23	9	3	2023	0	\N
2023-09-24	38	7	24	9	3	2023	0	\N
2023-09-25	39	1	25	9	3	2023	1	\N
2023-09-26	39	2	26	9	3	2023	1	\N
2023-09-27	39	3	27	9	3	2023	1	\N
2023-09-28	39	4	28	9	3	2023	1	\N
2023-09-29	39	5	29	9	3	2023	0	中秋节
2023-09-30	39	6	30	9	3	2023	0	中秋节
2023-10-01	39	7	1	10	4	2023	0	国庆节
2023-10-02	40	1	2	10	4	2023	0	国庆节
2023-10-03	40	2	3	10	4	2023	0	国庆节
2023-10-04	40	3	4	10	4	2023	0	国庆节
2023-10-05	40	4	5	10	4	2023	0	国庆节
2023-10-06	40	5	6	10	4	2023	0	国庆节
2023-10-07	40	6	7	10	4	2023	1	\N
2023-10-08	40	7	8	10	4	2023	1	\N
2023-10-09	41	1	9	10	4	2023	1	\N
2023-10-10	41	2	10	10	4	2023	1	\N
2023-10-11	41	3	11	10	4	2023	1	\N
2023-10-12	41	4	12	10	4	2023	1	\N
2023-10-13	41	5	13	10	4	2023	1	\N
2023-10-14	41	6	14	10	4	2023	0	\N
2023-10-15	41	7	15	10	4	2023	0	\N
2023-10-16	42	1	16	10	4	2023	1	\N
2023-10-17	42	2	17	10	4	2023	1	\N
2023-10-18	42	3	18	10	4	2023	1	\N
2023-10-19	42	4	19	10	4	2023	1	\N
2023-10-20	42	5	20	10	4	2023	1	\N
2023-10-21	42	6	21	10	4	2023	0	\N
2023-10-22	42	7	22	10	4	2023	0	\N
2023-10-23	43	1	23	10	4	2023	1	\N
2023-10-24	43	2	24	10	4	2023	1	\N
2023-10-25	43	3	25	10	4	2023	1	\N
2023-10-26	43	4	26	10	4	2023	1	\N
2023-10-27	43	5	27	10	4	2023	1	\N
2023-10-28	43	6	28	10	4	2023	0	\N
2023-10-29	43	7	29	10	4	2023	0	\N
2023-10-30	44	1	30	10	4	2023	1	\N
2023-10-31	44	2	31	10	4	2023	1	\N
2023-11-01	44	3	1	11	4	2023	1	\N
2023-11-02	44	4	2	11	4	2023	1	\N
2023-11-03	44	5	3	11	4	2023	1	\N
2023-11-04	44	6	4	11	4	2023	0	\N
2023-11-05	44	7	5	11	4	2023	0	\N
2023-11-06	45	1	6	11	4	2023	1	\N
2023-11-07	45	2	7	11	4	2023	1	\N
2023-11-08	45	3	8	11	4	2023	1	\N
2023-11-09	45	4	9	11	4	2023	1	\N
2023-11-10	45	5	10	11	4	2023	1	\N
2023-11-11	45	6	11	11	4	2023	0	\N
2023-11-12	45	7	12	11	4	2023	0	\N
2023-11-13	46	1	13	11	4	2023	1	\N
2023-11-14	46	2	14	11	4	2023	1	\N
2023-11-15	46	3	15	11	4	2023	1	\N
2023-11-16	46	4	16	11	4	2023	1	\N
2023-11-17	46	5	17	11	4	2023	1	\N
2023-11-18	46	6	18	11	4	2023	0	\N
2023-11-19	46	7	19	11	4	2023	0	\N
2023-11-20	47	1	20	11	4	2023	1	\N
2023-11-21	47	2	21	11	4	2023	1	\N
2023-11-22	47	3	22	11	4	2023	1	\N
2023-11-23	47	4	23	11	4	2023	1	\N
2023-11-24	47	5	24	11	4	2023	1	\N
2023-11-25	47	6	25	11	4	2023	0	\N
2023-11-26	47	7	26	11	4	2023	0	\N
2023-11-27	48	1	27	11	4	2023	1	\N
2023-11-28	48	2	28	11	4	2023	1	\N
2023-11-29	48	3	29	11	4	2023	1	\N
2023-11-30	48	4	30	11	4	2023	1	\N
2023-12-01	48	5	1	12	4	2023	1	\N
2023-12-02	48	6	2	12	4	2023	0	\N
2023-12-03	48	7	3	12	4	2023	0	\N
2023-12-04	49	1	4	12	4	2023	1	\N
2023-12-05	49	2	5	12	4	2023	1	\N
2023-12-06	49	3	6	12	4	2023	1	\N
2023-12-07	49	4	7	12	4	2023	1	\N
2023-12-08	49	5	8	12	4	2023	1	\N
2023-12-09	49	6	9	12	4	2023	0	\N
2023-12-10	49	7	10	12	4	2023	0	\N
2023-12-11	50	1	11	12	4	2023	1	\N
2023-12-12	50	2	12	12	4	2023	1	\N
2023-12-13	50	3	13	12	4	2023	1	\N
2023-12-14	50	4	14	12	4	2023	1	\N
2023-12-15	50	5	15	12	4	2023	1	\N
2023-12-16	50	6	16	12	4	2023	0	\N
2023-12-17	50	7	17	12	4	2023	0	\N
2023-12-18	51	1	18	12	4	2023	1	\N
2023-12-19	51	2	19	12	4	2023	1	\N
2023-12-20	51	3	20	12	4	2023	1	\N
2023-12-21	51	4	21	12	4	2023	1	\N
2023-12-22	51	5	22	12	4	2023	1	\N
2023-12-23	51	6	23	12	4	2023	0	\N
2023-12-24	51	7	24	12	4	2023	0	\N
2023-12-25	52	1	25	12	4	2023	1	\N
2023-12-26	52	2	26	12	4	2023	1	\N
2023-12-27	52	3	27	12	4	2023	1	\N
2023-12-28	52	4	28	12	4	2023	1	\N
2023-12-29	52	5	29	12	4	2023	1	\N
2023-12-30	52	6	30	12	4	2023	0	\N
2023-12-31	52	7	31	12	4	2023	0	\N
2024-01-01	1	1	1	1	1	2024	0	元旦
2024-01-02	1	2	2	1	1	2024	1	\N
2024-01-03	1	3	3	1	1	2024	1	\N
2024-01-04	1	4	4	1	1	2024	1	\N
2024-01-05	1	5	5	1	1	2024	1	\N
2024-01-06	1	6	6	1	1	2024	0	\N
2024-01-07	2	7	7	1	1	2024	0	\N
2024-01-08	2	1	8	1	1	2024	1	\N
2024-01-09	2	2	9	1	1	2024	1	\N
2024-01-10	2	3	10	1	1	2024	1	\N
2024-01-11	2	4	11	1	1	2024	1	\N
2024-01-12	2	5	12	1	1	2024	1	\N
2024-01-13	2	6	13	1	1	2024	0	\N
2024-01-14	3	7	14	1	1	2024	0	\N
2024-01-15	3	1	15	1	1	2024	1	\N
2024-01-16	3	2	16	1	1	2024	1	\N
2024-01-17	3	3	17	1	1	2024	1	\N
2024-01-18	3	4	18	1	1	2024	1	\N
2024-01-19	3	5	19	1	1	2024	1	\N
2024-01-20	3	6	20	1	1	2024	0	\N
2024-01-21	4	7	21	1	1	2024	0	\N
2024-01-22	4	1	22	1	1	2024	1	\N
2024-01-23	4	2	23	1	1	2024	1	\N
2024-01-24	4	3	24	1	1	2024	1	\N
2024-01-25	4	4	25	1	1	2024	1	\N
2024-01-26	4	5	26	1	1	2024	1	\N
2024-01-27	4	6	27	1	1	2024	0	\N
2024-01-28	5	7	28	1	1	2024	0	\N
2024-01-29	5	1	29	1	1	2024	1	\N
2024-01-30	5	2	30	1	1	2024	1	\N
2024-01-31	5	3	31	1	1	2024	1	\N
2024-02-01	5	4	1	2	1	2024	1	\N
2024-02-02	5	5	2	2	1	2024	1	\N
2024-02-03	5	6	3	2	1	2024	0	\N
2024-02-04	6	7	4	2	1	2024	1	\N
2024-02-05	6	1	5	2	1	2024	1	\N
2024-02-06	6	2	6	2	1	2024	1	\N
2024-02-07	6	3	7	2	1	2024	1	\N
2024-02-08	6	4	8	2	1	2024	1	\N
2024-02-09	6	5	9	2	1	2024	1	\N
2024-02-10	6	6	10	2	1	2024	0	春节
2024-02-11	7	7	11	2	1	2024	0	春节
2024-02-12	7	1	12	2	1	2024	0	春节
2024-02-13	7	2	13	2	1	2024	0	春节
2024-02-14	7	3	14	2	1	2024	0	春节
2024-02-15	7	4	15	2	1	2024	0	春节
2024-02-16	7	5	16	2	1	2024	0	春节
2024-02-17	7	6	17	2	1	2024	0	春节
2024-02-18	8	7	18	2	1	2024	1	\N
2024-02-19	8	1	19	2	1	2024	1	\N
2024-02-20	8	2	20	2	1	2024	1	\N
2024-02-21	8	3	21	2	1	2024	1	\N
2024-02-22	8	4	22	2	1	2024	1	\N
2024-02-23	8	5	23	2	1	2024	1	\N
2024-02-24	8	6	24	2	1	2024	0	\N
2024-02-25	9	7	25	2	1	2024	0	\N
2024-02-26	9	1	26	2	1	2024	1	\N
2024-02-27	9	2	27	2	1	2024	1	\N
2024-02-28	9	3	28	2	1	2024	1	\N
2024-02-29	9	4	29	2	1	2024	1	\N
2024-03-01	9	5	1	3	1	2024	1	\N
2024-03-02	9	6	2	3	1	2024	0	\N
2024-03-03	10	7	3	3	1	2024	0	\N
2024-03-04	10	1	4	3	1	2024	1	\N
2024-03-05	10	2	5	3	1	2024	1	\N
2024-03-06	10	3	6	3	1	2024	1	\N
2024-03-07	10	4	7	3	1	2024	1	\N
2024-03-08	10	5	8	3	1	2024	1	\N
2024-03-09	10	6	9	3	1	2024	0	\N
2024-03-10	11	7	10	3	1	2024	0	\N
2024-03-11	11	1	11	3	1	2024	1	\N
2024-03-12	11	2	12	3	1	2024	1	\N
2024-03-13	11	3	13	3	1	2024	1	\N
2024-03-14	11	4	14	3	1	2024	1	\N
2024-03-15	11	5	15	3	1	2024	1	\N
2024-03-16	11	6	16	3	1	2024	0	\N
2024-03-17	12	7	17	3	1	2024	0	\N
2024-03-18	12	1	18	3	1	2024	1	\N
2024-03-19	12	2	19	3	1	2024	1	\N
2024-03-20	12	3	20	3	1	2024	1	\N
2024-03-21	12	4	21	3	1	2024	1	\N
2024-03-22	12	5	22	3	1	2024	1	\N
2024-03-23	12	6	23	3	1	2024	0	\N
2024-03-24	13	7	24	3	1	2024	0	\N
2024-03-25	13	1	25	3	1	2024	1	\N
2024-03-26	13	2	26	3	1	2024	1	\N
2024-03-27	13	3	27	3	1	2024	1	\N
2024-03-28	13	4	28	3	1	2024	1	\N
2024-03-29	13	5	29	3	1	2024	1	\N
2024-03-30	13	6	30	3	1	2024	0	\N
2024-03-31	14	7	31	3	1	2024	0	\N
2024-04-01	14	1	1	4	2	2024	1	\N
2024-04-02	14	2	2	4	2	2024	1	\N
2024-04-03	14	3	3	4	2	2024	1	\N
2024-04-04	14	4	4	4	2	2024	0	清明
2024-04-05	14	5	5	4	2	2024	0	清明
2024-04-06	14	6	6	4	2	2024	0	清明
2024-04-07	15	7	7	4	2	2024	1	\N
2024-04-08	15	1	8	4	2	2024	1	\N
2024-04-09	15	2	9	4	2	2024	1	\N
2024-04-10	15	3	10	4	2	2024	1	\N
2024-04-11	15	4	11	4	2	2024	1	\N
2024-04-12	15	5	12	4	2	2024	1	\N
2024-04-13	15	6	13	4	2	2024	0	\N
2024-04-14	16	7	14	4	2	2024	0	\N
2024-04-15	16	1	15	4	2	2024	1	\N
2024-04-16	16	2	16	4	2	2024	1	\N
2024-04-17	16	3	17	4	2	2024	1	\N
2024-04-18	16	4	18	4	2	2024	1	\N
2024-04-19	16	5	19	4	2	2024	1	\N
2024-04-20	16	6	20	4	2	2024	0	\N
2024-04-21	17	7	21	4	2	2024	0	\N
2024-04-22	17	1	22	4	2	2024	1	\N
2024-04-23	17	2	23	4	2	2024	1	\N
2024-04-24	17	3	24	4	2	2024	1	\N
2024-04-25	17	4	25	4	2	2024	1	\N
2024-04-26	17	5	26	4	2	2024	1	\N
2024-04-27	17	6	27	4	2	2024	0	\N
2024-04-28	18	7	28	4	2	2024	1	\N
2024-04-29	18	1	29	4	2	2024	1	\N
2024-04-30	18	2	30	4	2	2024	1	\N
2024-05-01	18	3	1	5	2	2024	0	劳动节
2024-05-02	18	4	2	5	2	2024	0	劳动节
2024-05-03	18	5	3	5	2	2024	0	劳动节
2024-05-04	18	6	4	5	2	2024	0	劳动节
2024-05-05	19	7	5	5	2	2024	0	劳动节
2024-05-06	19	1	6	5	2	2024	1	\N
2024-05-07	19	2	7	5	2	2024	1	\N
2024-05-08	19	3	8	5	2	2024	1	\N
2024-05-09	19	4	9	5	2	2024	1	\N
2024-05-10	19	5	10	5	2	2024	1	\N
2024-05-11	19	6	11	5	2	2024	1	\N
2024-05-12	20	7	12	5	2	2024	0	\N
2024-05-13	20	1	13	5	2	2024	1	\N
2024-05-14	20	2	14	5	2	2024	1	\N
2024-05-15	20	3	15	5	2	2024	1	\N
2024-05-16	20	4	16	5	2	2024	1	\N
2024-05-17	20	5	17	5	2	2024	1	\N
2024-05-18	20	6	18	5	2	2024	0	\N
2024-05-19	21	7	19	5	2	2024	0	\N
2024-05-20	21	1	20	5	2	2024	1	\N
2024-05-21	21	2	21	5	2	2024	1	\N
2024-05-22	21	3	22	5	2	2024	1	\N
2024-05-23	21	4	23	5	2	2024	1	\N
2024-05-24	21	5	24	5	2	2024	1	\N
2024-05-25	21	6	25	5	2	2024	0	\N
2024-05-26	22	7	26	5	2	2024	0	\N
2024-05-27	22	1	27	5	2	2024	1	\N
2024-05-28	22	2	28	5	2	2024	1	\N
2024-05-29	22	3	29	5	2	2024	1	\N
2024-05-30	22	4	30	5	2	2024	1	\N
2024-05-31	22	5	31	5	2	2024	1	\N
2024-06-01	22	6	1	6	2	2024	0	\N
2024-06-02	23	7	2	6	2	2024	0	\N
2024-06-03	23	1	3	6	2	2024	1	\N
2024-06-04	23	2	4	6	2	2024	1	\N
2024-06-05	23	3	5	6	2	2024	1	\N
2024-06-06	23	4	6	6	2	2024	1	\N
2024-06-07	23	5	7	6	2	2024	1	\N
2024-06-08	23	6	8	6	2	2024	0	\N
2024-06-09	24	7	9	6	2	2024	0	\N
2024-06-10	24	1	10	6	2	2024	0	端午
2024-06-11	24	2	11	6	2	2024	1	\N
2024-06-12	24	3	12	6	2	2024	1	\N
2024-06-13	24	4	13	6	2	2024	1	\N
2024-06-14	24	5	14	6	2	2024	1	\N
2024-06-15	24	6	15	6	2	2024	0	\N
2024-06-16	25	7	16	6	2	2024	0	\N
2024-06-17	25	1	17	6	2	2024	1	\N
2024-06-18	25	2	18	6	2	2024	1	\N
2024-06-19	25	3	19	6	2	2024	1	\N
2024-06-20	25	4	20	6	2	2024	1	\N
2024-06-21	25	5	21	6	2	2024	1	\N
2024-06-22	25	6	22	6	2	2024	0	\N
2024-06-23	26	7	23	6	2	2024	0	\N
2024-06-24	26	1	24	6	2	2024	1	\N
2024-06-25	26	2	25	6	2	2024	1	\N
2024-06-26	26	3	26	6	2	2024	1	\N
2024-06-27	26	4	27	6	2	2024	1	\N
2024-06-28	26	5	28	6	2	2024	1	\N
2024-06-29	26	6	29	6	2	2024	0	\N
2024-06-30	27	7	30	6	2	2024	0	\N
2024-07-01	27	1	1	7	3	2024	1	\N
2024-07-02	27	2	2	7	3	2024	1	\N
2024-07-03	27	3	3	7	3	2024	1	\N
2024-07-04	27	4	4	7	3	2024	1	\N
2024-07-05	27	5	5	7	3	2024	1	\N
2024-07-06	27	6	6	7	3	2024	0	\N
2024-07-07	28	7	7	7	3	2024	0	\N
2024-07-08	28	1	8	7	3	2024	1	\N
2024-07-09	28	2	9	7	3	2024	1	\N
2024-07-10	28	3	10	7	3	2024	1	\N
2024-07-11	28	4	11	7	3	2024	1	\N
2024-07-12	28	5	12	7	3	2024	1	\N
2024-07-13	28	6	13	7	3	2024	0	\N
2024-07-14	29	7	14	7	3	2024	0	\N
2024-07-15	29	1	15	7	3	2024	1	\N
2024-07-16	29	2	16	7	3	2024	1	\N
2024-07-17	29	3	17	7	3	2024	1	\N
2024-07-18	29	4	18	7	3	2024	1	\N
2024-07-19	29	5	19	7	3	2024	1	\N
2024-07-20	29	6	20	7	3	2024	0	\N
2024-07-21	30	7	21	7	3	2024	0	\N
2024-07-22	30	1	22	7	3	2024	1	\N
2024-07-23	30	2	23	7	3	2024	1	\N
2024-07-24	30	3	24	7	3	2024	1	\N
2024-07-25	30	4	25	7	3	2024	1	\N
2024-07-26	30	5	26	7	3	2024	1	\N
2024-07-27	30	6	27	7	3	2024	0	\N
2024-07-28	31	7	28	7	3	2024	0	\N
2024-07-29	31	1	29	7	3	2024	1	\N
2024-07-30	31	2	30	7	3	2024	1	\N
2024-07-31	31	3	31	7	3	2024	1	\N
2024-08-01	31	4	1	8	3	2024	1	\N
2024-08-02	31	5	2	8	3	2024	1	\N
2024-08-03	31	6	3	8	3	2024	0	\N
2024-08-04	32	7	4	8	3	2024	0	\N
2024-08-05	32	1	5	8	3	2024	1	\N
2024-08-06	32	2	6	8	3	2024	1	\N
2024-08-07	32	3	7	8	3	2024	1	\N
2024-08-08	32	4	8	8	3	2024	1	\N
2024-08-09	32	5	9	8	3	2024	1	\N
2024-08-10	32	6	10	8	3	2024	0	\N
2024-08-11	33	7	11	8	3	2024	0	\N
2024-08-12	33	1	12	8	3	2024	1	\N
2024-08-13	33	2	13	8	3	2024	1	\N
2024-08-14	33	3	14	8	3	2024	1	\N
2024-08-15	33	4	15	8	3	2024	1	\N
2024-08-16	33	5	16	8	3	2024	1	\N
2024-08-17	33	6	17	8	3	2024	0	\N
2024-08-18	34	7	18	8	3	2024	0	\N
2024-08-19	34	1	19	8	3	2024	1	\N
2024-08-20	34	2	20	8	3	2024	1	\N
2024-08-21	34	3	21	8	3	2024	1	\N
2024-08-22	34	4	22	8	3	2024	1	\N
2024-08-23	34	5	23	8	3	2024	1	\N
2024-08-24	34	6	24	8	3	2024	0	\N
2024-08-25	35	7	25	8	3	2024	0	\N
2024-08-26	35	1	26	8	3	2024	1	\N
2024-08-27	35	2	27	8	3	2024	1	\N
2024-08-28	35	3	28	8	3	2024	1	\N
2024-08-29	35	4	29	8	3	2024	1	\N
2024-08-30	35	5	30	8	3	2024	1	\N
2024-08-31	35	6	31	8	3	2024	0	\N
2024-09-01	36	7	1	9	3	2024	0	\N
2024-09-02	36	1	2	9	3	2024	1	\N
2024-09-03	36	2	3	9	3	2024	1	\N
2024-09-04	36	3	4	9	3	2024	1	\N
2024-09-05	36	4	5	9	3	2024	1	\N
2024-09-06	36	5	6	9	3	2024	1	\N
2024-09-07	36	6	7	9	3	2024	0	\N
2024-09-08	37	7	8	9	3	2024	0	\N
2024-09-09	37	1	9	9	3	2024	1	\N
2024-09-10	37	2	10	9	3	2024	1	\N
2024-09-11	37	3	11	9	3	2024	1	\N
2024-09-12	37	4	12	9	3	2024	1	\N
2024-09-13	37	5	13	9	3	2024	1	\N
2024-09-14	37	6	14	9	3	2024	1	\N
2024-09-15	38	7	15	9	3	2024	0	中秋
2024-09-16	38	1	16	9	3	2024	0	中秋
2024-09-17	38	2	17	9	3	2024	0	中秋
2024-09-18	38	3	18	9	3	2024	1	\N
2024-09-19	38	4	19	9	3	2024	1	\N
2024-09-20	38	5	20	9	3	2024	1	\N
2024-09-21	38	6	21	9	3	2024	0	\N
2024-09-22	39	7	22	9	3	2024	0	\N
2024-09-23	39	1	23	9	3	2024	1	\N
2024-09-24	39	2	24	9	3	2024	1	\N
2024-09-25	39	3	25	9	3	2024	1	\N
2024-09-26	39	4	26	9	3	2024	1	\N
2024-09-27	39	5	27	9	3	2024	1	\N
2024-09-28	39	6	28	9	3	2024	0	\N
2024-09-29	40	7	29	9	3	2024	1	\N
2024-09-30	40	1	30	9	3	2024	1	\N
2024-10-01	40	2	1	10	4	2024	0	国庆节
2024-10-02	40	3	2	10	4	2024	0	国庆节
2024-10-03	40	4	3	10	4	2024	0	国庆节
2024-10-04	40	5	4	10	4	2024	0	国庆节
2024-10-05	40	6	5	10	4	2024	0	国庆节
2024-10-06	41	7	6	10	4	2024	0	国庆节
2024-10-07	41	1	7	10	4	2024	0	国庆节
2024-10-08	41	2	8	10	4	2024	1	\N
2024-10-09	41	3	9	10	4	2024	1	\N
2024-10-10	41	4	10	10	4	2024	1	\N
2024-10-11	41	5	11	10	4	2024	1	\N
2024-10-12	41	6	12	10	4	2024	1	\N
2024-10-13	42	7	13	10	4	2024	0	\N
2024-10-14	42	1	14	10	4	2024	1	\N
2024-10-15	42	2	15	10	4	2024	1	\N
2024-10-16	42	3	16	10	4	2024	1	\N
2024-10-17	42	4	17	10	4	2024	1	\N
2024-10-18	42	5	18	10	4	2024	1	\N
2024-10-19	42	6	19	10	4	2024	0	\N
2024-10-20	43	7	20	10	4	2024	0	\N
2024-10-21	43	1	21	10	4	2024	1	\N
2024-10-22	43	2	22	10	4	2024	1	\N
2024-10-23	43	3	23	10	4	2024	1	\N
2024-10-24	43	4	24	10	4	2024	1	\N
2024-10-25	43	5	25	10	4	2024	1	\N
2024-10-26	43	6	26	10	4	2024	0	\N
2024-10-27	44	7	27	10	4	2024	0	\N
2024-10-28	44	1	28	10	4	2024	1	\N
2024-10-29	44	2	29	10	4	2024	1	\N
2024-10-30	44	3	30	10	4	2024	1	\N
2024-10-31	44	4	31	10	4	2024	1	\N
2024-11-01	44	5	1	11	4	2024	1	\N
2024-11-02	44	6	2	11	4	2024	0	\N
2024-11-03	45	7	3	11	4	2024	0	\N
2024-11-04	45	1	4	11	4	2024	1	\N
2024-11-05	45	2	5	11	4	2024	1	\N
2024-11-06	45	3	6	11	4	2024	1	\N
2024-11-07	45	4	7	11	4	2024	1	\N
2024-11-08	45	5	8	11	4	2024	1	\N
2024-11-09	45	6	9	11	4	2024	0	\N
2024-11-10	46	7	10	11	4	2024	0	\N
2024-11-11	46	1	11	11	4	2024	1	\N
2024-11-12	46	2	12	11	4	2024	1	\N
2024-11-13	46	3	13	11	4	2024	1	\N
2024-11-14	46	4	14	11	4	2024	1	\N
2024-11-15	46	5	15	11	4	2024	1	\N
2024-11-16	46	6	16	11	4	2024	0	\N
2024-11-17	47	7	17	11	4	2024	0	\N
2024-11-18	47	1	18	11	4	2024	1	\N
2024-11-19	47	2	19	11	4	2024	1	\N
2024-11-20	47	3	20	11	4	2024	1	\N
2024-11-21	47	4	21	11	4	2024	1	\N
2024-11-22	47	5	22	11	4	2024	1	\N
2024-11-23	47	6	23	11	4	2024	0	\N
2024-11-24	48	7	24	11	4	2024	0	\N
2024-11-25	48	1	25	11	4	2024	1	\N
2024-11-26	48	2	26	11	4	2024	1	\N
2024-11-27	48	3	27	11	4	2024	1	\N
2024-11-28	48	4	28	11	4	2024	1	\N
2024-11-29	48	5	29	11	4	2024	1	\N
2024-11-30	48	6	30	11	4	2024	0	\N
2024-12-01	49	7	1	12	4	2024	0	\N
2024-12-02	49	1	2	12	4	2024	1	\N
2024-12-03	49	2	3	12	4	2024	1	\N
2024-12-04	49	3	4	12	4	2024	1	\N
2024-12-05	49	4	5	12	4	2024	1	\N
2024-12-06	49	5	6	12	4	2024	1	\N
2024-12-07	49	6	7	12	4	2024	0	\N
2024-12-08	50	7	8	12	4	2024	0	\N
2024-12-09	50	1	9	12	4	2024	1	\N
2024-12-10	50	2	10	12	4	2024	1	\N
2024-12-11	50	3	11	12	4	2024	1	\N
2024-12-12	50	4	12	12	4	2024	1	\N
2024-12-13	50	5	13	12	4	2024	1	\N
2024-12-14	50	6	14	12	4	2024	0	\N
2024-12-15	51	7	15	12	4	2024	0	\N
2024-12-16	51	1	16	12	4	2024	1	\N
2024-12-17	51	2	17	12	4	2024	1	\N
2024-12-18	51	3	18	12	4	2024	1	\N
2024-12-19	51	4	19	12	4	2024	1	\N
2024-12-20	51	5	20	12	4	2024	1	\N
2024-12-21	51	6	21	12	4	2024	0	\N
2024-12-22	52	7	22	12	4	2024	0	\N
2024-12-23	52	1	23	12	4	2024	1	\N
2024-12-24	52	2	24	12	4	2024	1	\N
2024-12-25	52	3	25	12	4	2024	1	\N
2024-12-26	52	4	26	12	4	2024	1	\N
2024-12-27	52	5	27	12	4	2024	1	\N
2024-12-28	52	6	28	12	4	2024	0	\N
2024-12-29	53	7	29	12	4	2024	0	\N
2024-12-30	53	1	30	12	4	2024	1	\N
2024-12-31	53	2	31	12	4	2024	1	\N