# use at_gui_gu;

-- -------------------------------------------------------------------------------------------------
-- insert data into activity_info
-- -------------------------------------------------------------------------------------------------
insert ignore into activity_info (id, activity_name, activity_type, activity_desc, start_time, end_time, create_time) values (1, '联想专场', '3101', '联想满减', now(), now(), null);
insert ignore into activity_info (id, activity_name, activity_type, activity_desc, start_time, end_time, create_time) values (2, 'Apple品牌日', '3101', 'Apple品牌日', now(), now(), null);
insert ignore into activity_info (id, activity_name, activity_type, activity_desc, start_time, end_time, create_time) values (3, '女神节', '3102', '满件打折', now(), now(), null);


-- -------------------------------------------------------------------------------------------------
-- insert data into activity_rule
-- -------------------------------------------------------------------------------------------------
insert ignore into activity_rule (id, activity_id, activity_type, condition_amount, condition_num, benefit_amount, benefit_discount, benefit_level) values (1, 1, '3101', '10000.00', null, '500.00', null, 1);
insert ignore into activity_rule (id, activity_id, activity_type, condition_amount, condition_num, benefit_amount, benefit_discount, benefit_level) values (2, 1, '3101', '13000.00', null, '700.00', null, 2);
insert ignore into activity_rule (id, activity_id, activity_type, condition_amount, condition_num, benefit_amount, benefit_discount, benefit_level) values (3, 2, '3101', '5000.00', null, '200.00', null, 1);
insert ignore into activity_rule (id, activity_id, activity_type, condition_amount, condition_num, benefit_amount, benefit_discount, benefit_level) values (4, 2, '3101', '10000.00', null, '500.00', null, 2);
insert ignore into activity_rule (id, activity_id, activity_type, condition_amount, condition_num, benefit_amount, benefit_discount, benefit_level) values (5, 3, '3102', null, 3, null, '0.10', 1);
insert ignore into activity_rule (id, activity_id, activity_type, condition_amount, condition_num, benefit_amount, benefit_discount, benefit_level) values (6, 3, '3102', null, 5, null, '0.20', 2);


-- -------------------------------------------------------------------------------------------------
-- insert data into activity_sku
-- -------------------------------------------------------------------------------------------------
insert ignore into activity_sku (id, activity_id, sku_id, create_time) values (1, 1, 11, null);
insert ignore into activity_sku (id, activity_id, sku_id, create_time) values (2, 1, 12, null);
insert ignore into activity_sku (id, activity_id, sku_id, create_time) values (3, 1, 13, null);
insert ignore into activity_sku (id, activity_id, sku_id, create_time) values (4, 2, 8, null);
insert ignore into activity_sku (id, activity_id, sku_id, create_time) values (5, 2, 9, null);
insert ignore into activity_sku (id, activity_id, sku_id, create_time) values (6, 2, 10, null);
insert ignore into activity_sku (id, activity_id, sku_id, create_time) values (7, 2, 11, null);
insert ignore into activity_sku (id, activity_id, sku_id, create_time) values (8, 2, 12, null);
insert ignore into activity_sku (id, activity_id, sku_id, create_time) values (9, 3, 26, null);
insert ignore into activity_sku (id, activity_id, sku_id, create_time) values (10, 3, 27, null);
insert ignore into activity_sku (id, activity_id, sku_id, create_time) values (11, 3, 28, null);
insert ignore into activity_sku (id, activity_id, sku_id, create_time) values (12, 3, 29, null);
insert ignore into activity_sku (id, activity_id, sku_id, create_time) values (13, 3, 30, null);
insert ignore into activity_sku (id, activity_id, sku_id, create_time) values (14, 3, 31, null);


-- -------------------------------------------------------------------------------------------------
-- insert data into base_attr_info
-- -------------------------------------------------------------------------------------------------
insert ignore into base_attr_info (id, attr_name, category_id, category_level) values (23, '运行内存', 61, 3);
insert ignore into base_attr_info (id, attr_name, category_id, category_level) values (24, '机身内存', 61, 3);
insert ignore into base_attr_info (id, attr_name, category_id, category_level) values (25, '处理器', 285, 3);
insert ignore into base_attr_info (id, attr_name, category_id, category_level) values (26, '屏幕尺寸', 285, 3);
insert ignore into base_attr_info (id, attr_name, category_id, category_level) values (37, '分类', 1, 3);
insert ignore into base_attr_info (id, attr_name, category_id, category_level) values (45, '产地', 371, 3);
insert ignore into base_attr_info (id, attr_name, category_id, category_level) values (46, '运行内存', 63, 3);
insert ignore into base_attr_info (id, attr_name, category_id, category_level) values (65, '品牌', 65, 3);
insert ignore into base_attr_info (id, attr_name, category_id, category_level) values (66, '屏幕尺寸', 285, 3);
insert ignore into base_attr_info (id, attr_name, category_id, category_level) values (67, '系列', 285, 3);
insert ignore into base_attr_info (id, attr_name, category_id, category_level) values (73, '像素', 178, 3);
insert ignore into base_attr_info (id, attr_name, category_id, category_level) values (74, '传感器尺寸', 178, 3);
insert ignore into base_attr_info (id, attr_name, category_id, category_level) values (76, '镜头', 178, 3);
insert ignore into base_attr_info (id, attr_name, category_id, category_level) values (81, '机身内存', 63, 3);
insert ignore into base_attr_info (id, attr_name, category_id, category_level) values (83, '价格', 100, 3);
insert ignore into base_attr_info (id, attr_name, category_id, category_level) values (84, '价格', 100, 3);
insert ignore into base_attr_info (id, attr_name, category_id, category_level) values (85, '价格', 100, 3);
insert ignore into base_attr_info (id, attr_name, category_id, category_level) values (86, '价格', 102, 3);
insert ignore into base_attr_info (id, attr_name, category_id, category_level) values (87, '价格', 841, 3);
insert ignore into base_attr_info (id, attr_name, category_id, category_level) values (89, '电视类型', 86, 3);
insert ignore into base_attr_info (id, attr_name, category_id, category_level) values (90, '价格', 930, 3);
insert ignore into base_attr_info (id, attr_name, category_id, category_level) values (91, '价格', 598, 3);
insert ignore into base_attr_info (id, attr_name, category_id, category_level) values (92, '价格', 598, 3);
insert ignore into base_attr_info (id, attr_name, category_id, category_level) values (93, '价格', 598, 3);
insert ignore into base_attr_info (id, attr_name, category_id, category_level) values (94, '价格', 598, 3);
insert ignore into base_attr_info (id, attr_name, category_id, category_level) values (95, '价格', 997, 3);
insert ignore into base_attr_info (id, attr_name, category_id, category_level) values (96, '屏幕尺寸', 86, 3);
insert ignore into base_attr_info (id, attr_name, category_id, category_level) values (97, '分辨率', 86, 3);
insert ignore into base_attr_info (id, attr_name, category_id, category_level) values (98, '观看距离', 86, 3);
insert ignore into base_attr_info (id, attr_name, category_id, category_level) values (99, '画幅', 180, 3);
insert ignore into base_attr_info (id, attr_name, category_id, category_level) values (103, '面料', 233, 3);
insert ignore into base_attr_info (id, attr_name, category_id, category_level) values (104, '12312', 286, 3);
insert ignore into base_attr_info (id, attr_name, category_id, category_level) values (105, '品牌', 62, 3);
insert ignore into base_attr_info (id, attr_name, category_id, category_level) values (106, '手机一级', 2, 1);
insert ignore into base_attr_info (id, attr_name, category_id, category_level) values (107, '二级手机', 13, 2);
insert ignore into base_attr_info (id, attr_name, category_id, category_level) values (108, '粮食调味', 803, 3);
insert ignore into base_attr_info (id, attr_name, category_id, category_level) values (109, '是否有机', 803, 3);
insert ignore into base_attr_info (id, attr_name, category_id, category_level) values (110, '分类', 803, 3);
insert ignore into base_attr_info (id, attr_name, category_id, category_level) values (111, '功效', 477, 3);
insert ignore into base_attr_info (id, attr_name, category_id, category_level) values (112, '香水彩妆', 477, 3);
insert ignore into base_attr_info (id, attr_name, category_id, category_level) values (113, '面部护肤', 477, 3);
insert ignore into base_attr_info (id, attr_name, category_id, category_level) values (114, '香调', 473, 3);


-- -------------------------------------------------------------------------------------------------
-- insert data into base_attr_value
-- -------------------------------------------------------------------------------------------------
insert ignore into base_attr_value (id, value_name, attr_id) values (1, '红色', 18);
insert ignore into base_attr_value (id, value_name, attr_id) values (2, '白色', 18);
insert ignore into base_attr_value (id, value_name, attr_id) values (3, '红色', 19);
insert ignore into base_attr_value (id, value_name, attr_id) values (4, '白色', 19);
insert ignore into base_attr_value (id, value_name, attr_id) values (5, '华为', 20);
insert ignore into base_attr_value (id, value_name, attr_id) values (6, '联想', 20);
insert ignore into base_attr_value (id, value_name, attr_id) values (7, 'X5', 21);
insert ignore into base_attr_value (id, value_name, attr_id) values (8, 'X6', 21);
insert ignore into base_attr_value (id, value_name, attr_id) values (9, 'X7', 21);
insert ignore into base_attr_value (id, value_name, attr_id) values (10, '3.0', 22);
insert ignore into base_attr_value (id, value_name, attr_id) values (11, '4.0', 22);
insert ignore into base_attr_value (id, value_name, attr_id) values (12, '5.0', 22);
insert ignore into base_attr_value (id, value_name, attr_id) values (13, '3G', 23);
insert ignore into base_attr_value (id, value_name, attr_id) values (14, '4G', 23);
insert ignore into base_attr_value (id, value_name, attr_id) values (19, 'i3', 25);
insert ignore into base_attr_value (id, value_name, attr_id) values (20, 'i5', 25);
insert ignore into base_attr_value (id, value_name, attr_id) values (21, '13.3', 26);
insert ignore into base_attr_value (id, value_name, attr_id) values (22, '14.0', 26);
insert ignore into base_attr_value (id, value_name, attr_id) values (35, '123123', 38);
insert ignore into base_attr_value (id, value_name, attr_id) values (36, '222222', 38);
insert ignore into base_attr_value (id, value_name, attr_id) values (37, '红色', 39);
insert ignore into base_attr_value (id, value_name, attr_id) values (38, '白色', 39);
insert ignore into base_attr_value (id, value_name, attr_id) values (39, '红色', 40);
insert ignore into base_attr_value (id, value_name, attr_id) values (40, '白色', 40);
insert ignore into base_attr_value (id, value_name, attr_id) values (41, '南非', 41);
insert ignore into base_attr_value (id, value_name, attr_id) values (64, '16G', 46);
insert ignore into base_attr_value (id, value_name, attr_id) values (69, '10', 57);
insert ignore into base_attr_value (id, value_name, attr_id) values (71, '10', 59);
insert ignore into base_attr_value (id, value_name, attr_id) values (72, '10', 60);
insert ignore into base_attr_value (id, value_name, attr_id) values (73, '10', 61);
insert ignore into base_attr_value (id, value_name, attr_id) values (78, '国内', 65);
insert ignore into base_attr_value (id, value_name, attr_id) values (79, '南非', 65);
insert ignore into base_attr_value (id, value_name, attr_id) values (83, '8G', 23);
insert ignore into base_attr_value (id, value_name, attr_id) values (84, '14', 66);
insert ignore into base_attr_value (id, value_name, attr_id) values (85, '15.6', 66);
insert ignore into base_attr_value (id, value_name, attr_id) values (86, '神州', 67);
insert ignore into base_attr_value (id, value_name, attr_id) values (87, '微软', 67);
insert ignore into base_attr_value (id, value_name, attr_id) values (89, '3434', 68);
insert ignore into base_attr_value (id, value_name, attr_id) values (90, '5.0', 69);
insert ignore into base_attr_value (id, value_name, attr_id) values (91, '5.6', 69);
insert ignore into base_attr_value (id, value_name, attr_id) values (93, '国内', 70);
insert ignore into base_attr_value (id, value_name, attr_id) values (94, '国外', 70);
insert ignore into base_attr_value (id, value_name, attr_id) values (95, '国内', 71);
insert ignore into base_attr_value (id, value_name, attr_id) values (96, '国外', 71);
insert ignore into base_attr_value (id, value_name, attr_id) values (97, '100W', 72);
insert ignore into base_attr_value (id, value_name, attr_id) values (99, '2000万', 73);
insert ignore into base_attr_value (id, value_name, attr_id) values (100, '3000万', 73);
insert ignore into base_attr_value (id, value_name, attr_id) values (101, '1英寸', 74);
insert ignore into base_attr_value (id, value_name, attr_id) values (102, '2.3英寸', 74);
insert ignore into base_attr_value (id, value_name, attr_id) values (115, '1000G', 81);
insert ignore into base_attr_value (id, value_name, attr_id) values (120, '12G', 23);
insert ignore into base_attr_value (id, value_name, attr_id) values (121, '5.5', 82);
insert ignore into base_attr_value (id, value_name, attr_id) values (122, '6.5', 82);
insert ignore into base_attr_value (id, value_name, attr_id) values (123, '123', 83);
insert ignore into base_attr_value (id, value_name, attr_id) values (124, '123', 85);
insert ignore into base_attr_value (id, value_name, attr_id) values (125, '123', 84);
insert ignore into base_attr_value (id, value_name, attr_id) values (126, '234', 83);
insert ignore into base_attr_value (id, value_name, attr_id) values (128, '234', 84);
insert ignore into base_attr_value (id, value_name, attr_id) values (129, '2000', 86);
insert ignore into base_attr_value (id, value_name, attr_id) values (130, '4000', 86);
insert ignore into base_attr_value (id, value_name, attr_id) values (132, '2000', 87);
insert ignore into base_attr_value (id, value_name, attr_id) values (133, '88888', 87);
insert ignore into base_attr_value (id, value_name, attr_id) values (135, '200', 88);
insert ignore into base_attr_value (id, value_name, attr_id) values (136, '4K超清', 89);
insert ignore into base_attr_value (id, value_name, attr_id) values (139, '2000', 90);
insert ignore into base_attr_value (id, value_name, attr_id) values (140, '2000', 91);
insert ignore into base_attr_value (id, value_name, attr_id) values (141, '3000', 91);
insert ignore into base_attr_value (id, value_name, attr_id) values (143, '400', 95);
insert ignore into base_attr_value (id, value_name, attr_id) values (144, '70-75', 96);
insert ignore into base_attr_value (id, value_name, attr_id) values (145, '75以上', 96);
insert ignore into base_attr_value (id, value_name, attr_id) values (146, '8K超高清', 97);
insert ignore into base_attr_value (id, value_name, attr_id) values (147, '4K超高清', 97);
insert ignore into base_attr_value (id, value_name, attr_id) values (148, '12K超高清', 97);
insert ignore into base_attr_value (id, value_name, attr_id) values (149, '3.5m', 98);
insert ignore into base_attr_value (id, value_name, attr_id) values (150, '3m', 98);
insert ignore into base_attr_value (id, value_name, attr_id) values (151, 'APS-C画幅全画', 99);
insert ignore into base_attr_value (id, value_name, attr_id) values (152, '全画幅', 99);
insert ignore into base_attr_value (id, value_name, attr_id) values (162, '棉', 103);
insert ignore into base_attr_value (id, value_name, attr_id) values (163, '麻', 103);
insert ignore into base_attr_value (id, value_name, attr_id) values (164, '200W', 72);
insert ignore into base_attr_value (id, value_name, attr_id) values (165, '2000', 88);
insert ignore into base_attr_value (id, value_name, attr_id) values (169, '6G', 23);
insert ignore into base_attr_value (id, value_name, attr_id) values (170, '128G', 23);
insert ignore into base_attr_value (id, value_name, attr_id) values (171, '256G', 23);
insert ignore into base_attr_value (id, value_name, attr_id) values (172, '国内', 105);
insert ignore into base_attr_value (id, value_name, attr_id) values (174, '国外', 105);
insert ignore into base_attr_value (id, value_name, attr_id) values (175, '苹果手机', 106);
insert ignore into base_attr_value (id, value_name, attr_id) values (176, '安卓手机', 106);
insert ignore into base_attr_value (id, value_name, attr_id) values (177, '小米', 107);
insert ignore into base_attr_value (id, value_name, attr_id) values (178, '华为', 107);
insert ignore into base_attr_value (id, value_name, attr_id) values (179, '苹果', 107);
insert ignore into base_attr_value (id, value_name, attr_id) values (180, '32G', 24);
insert ignore into base_attr_value (id, value_name, attr_id) values (181, '64G', 24);
insert ignore into base_attr_value (id, value_name, attr_id) values (182, '128G', 24);
insert ignore into base_attr_value (id, value_name, attr_id) values (183, '256G', 24);
insert ignore into base_attr_value (id, value_name, attr_id) values (184, '512G', 24);
insert ignore into base_attr_value (id, value_name, attr_id) values (185, '1T', 24);
insert ignore into base_attr_value (id, value_name, attr_id) values (186, 'fdgsdfgsdg', 24);
insert ignore into base_attr_value (id, value_name, attr_id) values (187, 'Java', 37);
insert ignore into base_attr_value (id, value_name, attr_id) values (188, 'C#', 37);
insert ignore into base_attr_value (id, value_name, attr_id) values (189, 'JavaScript', 37);
insert ignore into base_attr_value (id, value_name, attr_id) values (190, 'rtrt', 37);
insert ignore into base_attr_value (id, value_name, attr_id) values (191, '曲面', 89);
insert ignore into base_attr_value (id, value_name, attr_id) values (192, '超薄', 89);
insert ignore into base_attr_value (id, value_name, attr_id) values (193, '人工智能', 89);
insert ignore into base_attr_value (id, value_name, attr_id) values (194, '60以下', 96);
insert ignore into base_attr_value (id, value_name, attr_id) values (195, '60-70', 96);
insert ignore into base_attr_value (id, value_name, attr_id) values (196, '杂粮', 108);
insert ignore into base_attr_value (id, value_name, attr_id) values (197, '大米', 108);
insert ignore into base_attr_value (id, value_name, attr_id) values (198, '面食', 108);
insert ignore into base_attr_value (id, value_name, attr_id) values (199, '调味品', 108);
insert ignore into base_attr_value (id, value_name, attr_id) values (200, '有机食品', 109);
insert ignore into base_attr_value (id, value_name, attr_id) values (201, '非有机食品', 109);
insert ignore into base_attr_value (id, value_name, attr_id) values (202, '杂粮组合', 110);
insert ignore into base_attr_value (id, value_name, attr_id) values (203, '米', 110);
insert ignore into base_attr_value (id, value_name, attr_id) values (204, '面', 110);
insert ignore into base_attr_value (id, value_name, attr_id) values (205, '黑米', 110);
insert ignore into base_attr_value (id, value_name, attr_id) values (206, '滋润', 111);
insert ignore into base_attr_value (id, value_name, attr_id) values (207, '保湿', 111);
insert ignore into base_attr_value (id, value_name, attr_id) values (208, '防水', 111);
insert ignore into base_attr_value (id, value_name, attr_id) values (209, '防晒', 111);
insert ignore into base_attr_value (id, value_name, attr_id) values (210, '口红', 112);
insert ignore into base_attr_value (id, value_name, attr_id) values (211, '香水', 112);
insert ignore into base_attr_value (id, value_name, attr_id) values (212, '润唇膏', 113);
insert ignore into base_attr_value (id, value_name, attr_id) values (213, '乳液/面霜', 113);
insert ignore into base_attr_value (id, value_name, attr_id) values (214, '面部精华', 113);
insert ignore into base_attr_value (id, value_name, attr_id) values (215, '花果香调', 114);
insert ignore into base_attr_value (id, value_name, attr_id) values (216, '海洋香调', 114);
insert ignore into base_attr_value (id, value_name, attr_id) values (217, '古龙香调', 114);
insert ignore into base_attr_value (id, value_name, attr_id) values (218, '花香调', 114);


-- -------------------------------------------------------------------------------------------------
-- insert data into base_category1
-- -------------------------------------------------------------------------------------------------
insert ignore into base_category1 (id, name) values (1, '图书、音像、电子书刊');
insert ignore into base_category1 (id, name) values (2, '手机');
insert ignore into base_category1 (id, name) values (3, '家用电器');
insert ignore into base_category1 (id, name) values (4, '数码');
insert ignore into base_category1 (id, name) values (5, '家居家装');
insert ignore into base_category1 (id, name) values (6, '电脑办公');
insert ignore into base_category1 (id, name) values (7, '厨具');
insert ignore into base_category1 (id, name) values (8, '个护化妆');
insert ignore into base_category1 (id, name) values (9, '服饰内衣');
insert ignore into base_category1 (id, name) values (10, '钟表');
insert ignore into base_category1 (id, name) values (11, '鞋靴');
insert ignore into base_category1 (id, name) values (12, '母婴');
insert ignore into base_category1 (id, name) values (13, '礼品箱包');
insert ignore into base_category1 (id, name) values (14, '食品饮料、保健食品');
insert ignore into base_category1 (id, name) values (15, '珠宝');
insert ignore into base_category1 (id, name) values (16, '汽车用品');
insert ignore into base_category1 (id, name) values (17, '运动健康');


-- -------------------------------------------------------------------------------------------------
-- insert data into base_category2
-- -------------------------------------------------------------------------------------------------
insert ignore into base_category2 (id, name, category1_id) values (1, '电子书刊', 1);
insert ignore into base_category2 (id, name, category1_id) values (2, '音像', 1);
insert ignore into base_category2 (id, name, category1_id) values (3, '英文原版', 1);
insert ignore into base_category2 (id, name, category1_id) values (4, '文艺', 1);
insert ignore into base_category2 (id, name, category1_id) values (5, '少儿', 1);
insert ignore into base_category2 (id, name, category1_id) values (6, '人文社科', 1);
insert ignore into base_category2 (id, name, category1_id) values (7, '经管励志', 1);
insert ignore into base_category2 (id, name, category1_id) values (8, '生活', 1);
insert ignore into base_category2 (id, name, category1_id) values (9, '科技', 1);
insert ignore into base_category2 (id, name, category1_id) values (10, '教育', 1);
insert ignore into base_category2 (id, name, category1_id) values (11, '港台图书', 1);
insert ignore into base_category2 (id, name, category1_id) values (12, '其他', 1);
insert ignore into base_category2 (id, name, category1_id) values (13, '手机通讯', 2);
insert ignore into base_category2 (id, name, category1_id) values (14, '运营商', 2);
insert ignore into base_category2 (id, name, category1_id) values (15, '手机配件', 2);
insert ignore into base_category2 (id, name, category1_id) values (16, '大 家 电', 3);
insert ignore into base_category2 (id, name, category1_id) values (17, '厨卫大电', 3);
insert ignore into base_category2 (id, name, category1_id) values (18, '厨房小电', 3);
insert ignore into base_category2 (id, name, category1_id) values (19, '生活电器', 3);
insert ignore into base_category2 (id, name, category1_id) values (20, '个护健康', 3);
insert ignore into base_category2 (id, name, category1_id) values (21, '五金家装', 3);
insert ignore into base_category2 (id, name, category1_id) values (22, '摄影摄像', 4);
insert ignore into base_category2 (id, name, category1_id) values (23, '数码配件', 4);
insert ignore into base_category2 (id, name, category1_id) values (24, '智能设备', 4);
insert ignore into base_category2 (id, name, category1_id) values (25, '影音娱乐', 4);
insert ignore into base_category2 (id, name, category1_id) values (26, '电子教育', 4);
insert ignore into base_category2 (id, name, category1_id) values (27, '虚拟商品', 4);
insert ignore into base_category2 (id, name, category1_id) values (28, '家纺', 5);
insert ignore into base_category2 (id, name, category1_id) values (29, '灯具', 5);
insert ignore into base_category2 (id, name, category1_id) values (30, '生活日用', 5);
insert ignore into base_category2 (id, name, category1_id) values (31, '家装软饰', 5);
insert ignore into base_category2 (id, name, category1_id) values (32, '宠物生活', 5);
insert ignore into base_category2 (id, name, category1_id) values (33, '电脑整机', 6);
insert ignore into base_category2 (id, name, category1_id) values (34, '电脑配件', 6);
insert ignore into base_category2 (id, name, category1_id) values (35, '外设产品', 6);
insert ignore into base_category2 (id, name, category1_id) values (36, '游戏设备', 6);
insert ignore into base_category2 (id, name, category1_id) values (37, '网络产品', 6);
insert ignore into base_category2 (id, name, category1_id) values (38, '办公设备', 6);
insert ignore into base_category2 (id, name, category1_id) values (39, '文具/耗材', 6);
insert ignore into base_category2 (id, name, category1_id) values (40, '服务产品', 6);
insert ignore into base_category2 (id, name, category1_id) values (41, '烹饪锅具', 7);
insert ignore into base_category2 (id, name, category1_id) values (42, '刀剪菜板', 7);
insert ignore into base_category2 (id, name, category1_id) values (43, '厨房配件', 7);
insert ignore into base_category2 (id, name, category1_id) values (44, '水具酒具', 7);
insert ignore into base_category2 (id, name, category1_id) values (45, '餐具', 7);
insert ignore into base_category2 (id, name, category1_id) values (46, '酒店用品', 7);
insert ignore into base_category2 (id, name, category1_id) values (47, '茶具/咖啡具', 7);
insert ignore into base_category2 (id, name, category1_id) values (48, '清洁用品', 8);
insert ignore into base_category2 (id, name, category1_id) values (49, '面部护肤', 8);
insert ignore into base_category2 (id, name, category1_id) values (50, '身体护理', 8);
insert ignore into base_category2 (id, name, category1_id) values (51, '口腔护理', 8);
insert ignore into base_category2 (id, name, category1_id) values (52, '女性护理', 8);
insert ignore into base_category2 (id, name, category1_id) values (53, '洗发护发', 8);
insert ignore into base_category2 (id, name, category1_id) values (54, '香水彩妆', 8);
insert ignore into base_category2 (id, name, category1_id) values (55, '女装', 9);
insert ignore into base_category2 (id, name, category1_id) values (56, '男装', 9);
insert ignore into base_category2 (id, name, category1_id) values (57, '内衣', 9);
insert ignore into base_category2 (id, name, category1_id) values (58, '洗衣服务', 9);
insert ignore into base_category2 (id, name, category1_id) values (59, '服饰配件', 9);
insert ignore into base_category2 (id, name, category1_id) values (60, '钟表', 10);
insert ignore into base_category2 (id, name, category1_id) values (61, '流行男鞋', 11);
insert ignore into base_category2 (id, name, category1_id) values (62, '时尚女鞋', 11);
insert ignore into base_category2 (id, name, category1_id) values (63, '奶粉', 12);
insert ignore into base_category2 (id, name, category1_id) values (64, '营养辅食', 12);
insert ignore into base_category2 (id, name, category1_id) values (65, '尿裤湿巾', 12);
insert ignore into base_category2 (id, name, category1_id) values (66, '喂养用品', 12);
insert ignore into base_category2 (id, name, category1_id) values (67, '洗护用品', 12);
insert ignore into base_category2 (id, name, category1_id) values (68, '童车童床', 12);
insert ignore into base_category2 (id, name, category1_id) values (69, '寝居服饰', 12);
insert ignore into base_category2 (id, name, category1_id) values (70, '妈妈专区', 12);
insert ignore into base_category2 (id, name, category1_id) values (71, '童装童鞋', 12);
insert ignore into base_category2 (id, name, category1_id) values (72, '安全座椅', 12);
insert ignore into base_category2 (id, name, category1_id) values (73, '潮流女包', 13);
insert ignore into base_category2 (id, name, category1_id) values (74, '精品男包', 13);
insert ignore into base_category2 (id, name, category1_id) values (75, '功能箱包', 13);
insert ignore into base_category2 (id, name, category1_id) values (76, '礼品', 13);
insert ignore into base_category2 (id, name, category1_id) values (77, '奢侈品', 13);
insert ignore into base_category2 (id, name, category1_id) values (78, '婚庆', 13);
insert ignore into base_category2 (id, name, category1_id) values (79, '进口食品', 14);
insert ignore into base_category2 (id, name, category1_id) values (80, '地方特产', 14);
insert ignore into base_category2 (id, name, category1_id) values (81, '休闲食品', 14);
insert ignore into base_category2 (id, name, category1_id) values (82, '粮油调味', 14);
insert ignore into base_category2 (id, name, category1_id) values (83, '饮料冲调', 14);
insert ignore into base_category2 (id, name, category1_id) values (84, '食品礼券', 14);
insert ignore into base_category2 (id, name, category1_id) values (85, '茗茶', 14);
insert ignore into base_category2 (id, name, category1_id) values (86, '时尚饰品', 15);
insert ignore into base_category2 (id, name, category1_id) values (87, '黄金', 15);
insert ignore into base_category2 (id, name, category1_id) values (88, 'K金饰品', 15);
insert ignore into base_category2 (id, name, category1_id) values (89, '金银投资', 15);
insert ignore into base_category2 (id, name, category1_id) values (90, '银饰', 15);
insert ignore into base_category2 (id, name, category1_id) values (91, '钻石', 15);
insert ignore into base_category2 (id, name, category1_id) values (92, '翡翠玉石', 15);
insert ignore into base_category2 (id, name, category1_id) values (93, '水晶玛瑙', 15);
insert ignore into base_category2 (id, name, category1_id) values (94, '彩宝', 15);
insert ignore into base_category2 (id, name, category1_id) values (95, '铂金', 15);
insert ignore into base_category2 (id, name, category1_id) values (96, '木手串/把件', 15);
insert ignore into base_category2 (id, name, category1_id) values (97, '珍珠', 15);
insert ignore into base_category2 (id, name, category1_id) values (98, '维修保养', 16);
insert ignore into base_category2 (id, name, category1_id) values (99, '车载电器', 16);
insert ignore into base_category2 (id, name, category1_id) values (100, '美容清洗', 16);
insert ignore into base_category2 (id, name, category1_id) values (101, '汽车装饰', 16);
insert ignore into base_category2 (id, name, category1_id) values (102, '安全自驾', 16);
insert ignore into base_category2 (id, name, category1_id) values (103, '汽车服务', 16);
insert ignore into base_category2 (id, name, category1_id) values (104, '赛事改装', 16);
insert ignore into base_category2 (id, name, category1_id) values (105, '运动鞋包', 17);
insert ignore into base_category2 (id, name, category1_id) values (106, '运动服饰', 17);
insert ignore into base_category2 (id, name, category1_id) values (107, '骑行运动', 17);
insert ignore into base_category2 (id, name, category1_id) values (108, '垂钓用品', 17);
insert ignore into base_category2 (id, name, category1_id) values (109, '游泳用品', 17);
insert ignore into base_category2 (id, name, category1_id) values (110, '户外鞋服', 17);
insert ignore into base_category2 (id, name, category1_id) values (111, '户外装备', 17);
insert ignore into base_category2 (id, name, category1_id) values (112, '健身训练', 17);
insert ignore into base_category2 (id, name, category1_id) values (113, '体育用品', 17);


-- -------------------------------------------------------------------------------------------------
-- insert data into base_category3
-- -------------------------------------------------------------------------------------------------
insert ignore into base_category3 (id, name, category2_id) values (1, '电子书', 1);
insert ignore into base_category3 (id, name, category2_id) values (2, '网络原创', 1);
insert ignore into base_category3 (id, name, category2_id) values (3, '数字杂志', 1);
insert ignore into base_category3 (id, name, category2_id) values (4, '多媒体图书', 1);
insert ignore into base_category3 (id, name, category2_id) values (5, '音乐', 2);
insert ignore into base_category3 (id, name, category2_id) values (6, '影视', 2);
insert ignore into base_category3 (id, name, category2_id) values (7, '教育音像', 2);
insert ignore into base_category3 (id, name, category2_id) values (8, '少儿', 3);
insert ignore into base_category3 (id, name, category2_id) values (9, '商务投资', 3);
insert ignore into base_category3 (id, name, category2_id) values (10, '英语学习与考试', 3);
insert ignore into base_category3 (id, name, category2_id) values (11, '文学', 3);
insert ignore into base_category3 (id, name, category2_id) values (12, '传记', 3);
insert ignore into base_category3 (id, name, category2_id) values (13, '励志', 3);
insert ignore into base_category3 (id, name, category2_id) values (14, '小说', 4);
insert ignore into base_category3 (id, name, category2_id) values (15, '文学', 4);
insert ignore into base_category3 (id, name, category2_id) values (16, '青春文学', 4);
insert ignore into base_category3 (id, name, category2_id) values (17, '传记', 4);
insert ignore into base_category3 (id, name, category2_id) values (18, '艺术', 4);
insert ignore into base_category3 (id, name, category2_id) values (19, '少儿', 5);
insert ignore into base_category3 (id, name, category2_id) values (20, '0-2岁', 5);
insert ignore into base_category3 (id, name, category2_id) values (21, '3-6岁', 5);
insert ignore into base_category3 (id, name, category2_id) values (22, '7-10岁', 5);
insert ignore into base_category3 (id, name, category2_id) values (23, '11-14岁', 5);
insert ignore into base_category3 (id, name, category2_id) values (24, '历史', 6);
insert ignore into base_category3 (id, name, category2_id) values (25, '哲学', 6);
insert ignore into base_category3 (id, name, category2_id) values (26, '国学', 6);
insert ignore into base_category3 (id, name, category2_id) values (27, '政治/军事', 6);
insert ignore into base_category3 (id, name, category2_id) values (28, '法律', 6);
insert ignore into base_category3 (id, name, category2_id) values (29, '人文社科', 6);
insert ignore into base_category3 (id, name, category2_id) values (30, '心理学', 6);
insert ignore into base_category3 (id, name, category2_id) values (31, '文化', 6);
insert ignore into base_category3 (id, name, category2_id) values (32, '社会科学', 6);
insert ignore into base_category3 (id, name, category2_id) values (33, '经济', 7);
insert ignore into base_category3 (id, name, category2_id) values (34, '金融与投资', 7);
insert ignore into base_category3 (id, name, category2_id) values (35, '管理', 7);
insert ignore into base_category3 (id, name, category2_id) values (36, '励志与成功', 7);
insert ignore into base_category3 (id, name, category2_id) values (37, '生活', 8);
insert ignore into base_category3 (id, name, category2_id) values (38, '健身与保健', 8);
insert ignore into base_category3 (id, name, category2_id) values (39, '家庭与育儿', 8);
insert ignore into base_category3 (id, name, category2_id) values (40, '旅游', 8);
insert ignore into base_category3 (id, name, category2_id) values (41, '烹饪美食', 8);
insert ignore into base_category3 (id, name, category2_id) values (42, '工业技术', 9);
insert ignore into base_category3 (id, name, category2_id) values (43, '科普读物', 9);
insert ignore into base_category3 (id, name, category2_id) values (44, '建筑', 9);
insert ignore into base_category3 (id, name, category2_id) values (45, '医学', 9);
insert ignore into base_category3 (id, name, category2_id) values (46, '科学与自然', 9);
insert ignore into base_category3 (id, name, category2_id) values (47, '计算机与互联网', 9);
insert ignore into base_category3 (id, name, category2_id) values (48, '电子通信', 9);
insert ignore into base_category3 (id, name, category2_id) values (49, '中小学教辅', 10);
insert ignore into base_category3 (id, name, category2_id) values (50, '教育与考试', 10);
insert ignore into base_category3 (id, name, category2_id) values (51, '外语学习', 10);
insert ignore into base_category3 (id, name, category2_id) values (52, '大中专教材', 10);
insert ignore into base_category3 (id, name, category2_id) values (53, '字典词典', 10);
insert ignore into base_category3 (id, name, category2_id) values (54, '艺术/设计/收藏', 11);
insert ignore into base_category3 (id, name, category2_id) values (55, '经济管理', 11);
insert ignore into base_category3 (id, name, category2_id) values (56, '文化/学术', 11);
insert ignore into base_category3 (id, name, category2_id) values (57, '少儿', 11);
insert ignore into base_category3 (id, name, category2_id) values (58, '工具书', 12);
insert ignore into base_category3 (id, name, category2_id) values (59, '杂志/期刊', 12);
insert ignore into base_category3 (id, name, category2_id) values (60, '套装书', 12);
insert ignore into base_category3 (id, name, category2_id) values (61, '手机', 13);
insert ignore into base_category3 (id, name, category2_id) values (62, '对讲机', 13);
insert ignore into base_category3 (id, name, category2_id) values (63, '合约机', 14);
insert ignore into base_category3 (id, name, category2_id) values (64, '选号中心', 14);
insert ignore into base_category3 (id, name, category2_id) values (65, '装宽带', 14);
insert ignore into base_category3 (id, name, category2_id) values (66, '办套餐', 14);
insert ignore into base_category3 (id, name, category2_id) values (67, '移动电源', 15);
insert ignore into base_category3 (id, name, category2_id) values (68, '电池/移动电源', 15);
insert ignore into base_category3 (id, name, category2_id) values (69, '蓝牙耳机', 15);
insert ignore into base_category3 (id, name, category2_id) values (70, '充电器/数据线', 15);
insert ignore into base_category3 (id, name, category2_id) values (71, '苹果周边', 15);
insert ignore into base_category3 (id, name, category2_id) values (72, '手机耳机', 15);
insert ignore into base_category3 (id, name, category2_id) values (73, '手机贴膜', 15);
insert ignore into base_category3 (id, name, category2_id) values (74, '手机存储卡', 15);
insert ignore into base_category3 (id, name, category2_id) values (75, '充电器', 15);
insert ignore into base_category3 (id, name, category2_id) values (76, '数据线', 15);
insert ignore into base_category3 (id, name, category2_id) values (77, '手机保护套', 15);
insert ignore into base_category3 (id, name, category2_id) values (78, '车载配件', 15);
insert ignore into base_category3 (id, name, category2_id) values (79, 'iPhone 配件', 15);
insert ignore into base_category3 (id, name, category2_id) values (80, '手机电池', 15);
insert ignore into base_category3 (id, name, category2_id) values (81, '创意配件', 15);
insert ignore into base_category3 (id, name, category2_id) values (82, '便携/无线音响', 15);
insert ignore into base_category3 (id, name, category2_id) values (83, '手机饰品', 15);
insert ignore into base_category3 (id, name, category2_id) values (84, '拍照配件', 15);
insert ignore into base_category3 (id, name, category2_id) values (85, '手机支架', 15);
insert ignore into base_category3 (id, name, category2_id) values (86, '平板电视', 16);
insert ignore into base_category3 (id, name, category2_id) values (87, '空调', 16);
insert ignore into base_category3 (id, name, category2_id) values (88, '冰箱', 16);
insert ignore into base_category3 (id, name, category2_id) values (89, '洗衣机', 16);
insert ignore into base_category3 (id, name, category2_id) values (90, '家庭影院', 16);
insert ignore into base_category3 (id, name, category2_id) values (91, 'DVD/电视盒子', 16);
insert ignore into base_category3 (id, name, category2_id) values (92, '迷你音响', 16);
insert ignore into base_category3 (id, name, category2_id) values (93, '冷柜/冰吧', 16);
insert ignore into base_category3 (id, name, category2_id) values (94, '家电配件', 16);
insert ignore into base_category3 (id, name, category2_id) values (95, '功放', 16);
insert ignore into base_category3 (id, name, category2_id) values (96, '回音壁/Soundbar', 16);
insert ignore into base_category3 (id, name, category2_id) values (97, 'Hi-Fi专区', 16);
insert ignore into base_category3 (id, name, category2_id) values (98, '电视盒子', 16);
insert ignore into base_category3 (id, name, category2_id) values (99, '酒柜', 16);
insert ignore into base_category3 (id, name, category2_id) values (100, '燃气灶', 17);
insert ignore into base_category3 (id, name, category2_id) values (101, '油烟机', 17);
insert ignore into base_category3 (id, name, category2_id) values (102, '热水器', 17);
insert ignore into base_category3 (id, name, category2_id) values (103, '消毒柜', 17);
insert ignore into base_category3 (id, name, category2_id) values (104, '洗碗机', 17);
insert ignore into base_category3 (id, name, category2_id) values (105, '料理机', 18);
insert ignore into base_category3 (id, name, category2_id) values (106, '榨汁机', 18);
insert ignore into base_category3 (id, name, category2_id) values (107, '电饭煲', 18);
insert ignore into base_category3 (id, name, category2_id) values (108, '电压力锅', 18);
insert ignore into base_category3 (id, name, category2_id) values (109, '豆浆机', 18);
insert ignore into base_category3 (id, name, category2_id) values (110, '咖啡机', 18);
insert ignore into base_category3 (id, name, category2_id) values (111, '微波炉', 18);
insert ignore into base_category3 (id, name, category2_id) values (112, '电烤箱', 18);
insert ignore into base_category3 (id, name, category2_id) values (113, '电磁炉', 18);
insert ignore into base_category3 (id, name, category2_id) values (114, '面包机', 18);
insert ignore into base_category3 (id, name, category2_id) values (115, '煮蛋器', 18);
insert ignore into base_category3 (id, name, category2_id) values (116, '酸奶机', 18);
insert ignore into base_category3 (id, name, category2_id) values (117, '电炖锅', 18);
insert ignore into base_category3 (id, name, category2_id) values (118, '电水壶/热水瓶', 18);
insert ignore into base_category3 (id, name, category2_id) values (119, '电饼铛', 18);
insert ignore into base_category3 (id, name, category2_id) values (120, '多用途锅', 18);
insert ignore into base_category3 (id, name, category2_id) values (121, '电烧烤炉', 18);
insert ignore into base_category3 (id, name, category2_id) values (122, '果蔬解毒机', 18);
insert ignore into base_category3 (id, name, category2_id) values (123, '其它厨房电器', 18);
insert ignore into base_category3 (id, name, category2_id) values (124, '养生壶/煎药壶', 18);
insert ignore into base_category3 (id, name, category2_id) values (125, '电热饭盒', 18);
insert ignore into base_category3 (id, name, category2_id) values (126, '取暖电器', 19);
insert ignore into base_category3 (id, name, category2_id) values (127, '净化器', 19);
insert ignore into base_category3 (id, name, category2_id) values (128, '加湿器', 19);
insert ignore into base_category3 (id, name, category2_id) values (129, '扫地机器人', 19);
insert ignore into base_category3 (id, name, category2_id) values (130, '吸尘器', 19);
insert ignore into base_category3 (id, name, category2_id) values (131, '挂烫机/熨斗', 19);
insert ignore into base_category3 (id, name, category2_id) values (132, '插座', 19);
insert ignore into base_category3 (id, name, category2_id) values (133, '电话机', 19);
insert ignore into base_category3 (id, name, category2_id) values (134, '清洁机', 19);
insert ignore into base_category3 (id, name, category2_id) values (135, '除湿机', 19);
insert ignore into base_category3 (id, name, category2_id) values (136, '干衣机', 19);
insert ignore into base_category3 (id, name, category2_id) values (137, '收录/音机', 19);
insert ignore into base_category3 (id, name, category2_id) values (138, '电风扇', 19);
insert ignore into base_category3 (id, name, category2_id) values (139, '冷风扇', 19);
insert ignore into base_category3 (id, name, category2_id) values (140, '其它生活电器', 19);
insert ignore into base_category3 (id, name, category2_id) values (141, '生活电器配件', 19);
insert ignore into base_category3 (id, name, category2_id) values (142, '净水器', 19);
insert ignore into base_category3 (id, name, category2_id) values (143, '饮水机', 19);
insert ignore into base_category3 (id, name, category2_id) values (144, '剃须刀', 20);
insert ignore into base_category3 (id, name, category2_id) values (145, '剃/脱毛器', 20);
insert ignore into base_category3 (id, name, category2_id) values (146, '口腔护理', 20);
insert ignore into base_category3 (id, name, category2_id) values (147, '电吹风', 20);
insert ignore into base_category3 (id, name, category2_id) values (148, '美容器', 20);
insert ignore into base_category3 (id, name, category2_id) values (149, '理发器', 20);
insert ignore into base_category3 (id, name, category2_id) values (150, '卷/直发器', 20);
insert ignore into base_category3 (id, name, category2_id) values (151, '按摩椅', 20);
insert ignore into base_category3 (id, name, category2_id) values (152, '按摩器', 20);
insert ignore into base_category3 (id, name, category2_id) values (153, '足浴盆', 20);
insert ignore into base_category3 (id, name, category2_id) values (154, '血压计', 20);
insert ignore into base_category3 (id, name, category2_id) values (155, '电子秤/厨房秤', 20);
insert ignore into base_category3 (id, name, category2_id) values (156, '血糖仪', 20);
insert ignore into base_category3 (id, name, category2_id) values (157, '体温计', 20);
insert ignore into base_category3 (id, name, category2_id) values (158, '其它健康电器', 20);
insert ignore into base_category3 (id, name, category2_id) values (159, '计步器/脂肪检测仪', 20);
insert ignore into base_category3 (id, name, category2_id) values (160, '电动工具', 21);
insert ignore into base_category3 (id, name, category2_id) values (161, '手动工具', 21);
insert ignore into base_category3 (id, name, category2_id) values (162, '仪器仪表', 21);
insert ignore into base_category3 (id, name, category2_id) values (163, '浴霸/排气扇', 21);
insert ignore into base_category3 (id, name, category2_id) values (164, '灯具', 21);
insert ignore into base_category3 (id, name, category2_id) values (165, 'LED灯', 21);
insert ignore into base_category3 (id, name, category2_id) values (166, '洁身器', 21);
insert ignore into base_category3 (id, name, category2_id) values (167, '水槽', 21);
insert ignore into base_category3 (id, name, category2_id) values (168, '龙头', 21);
insert ignore into base_category3 (id, name, category2_id) values (169, '淋浴花洒', 21);
insert ignore into base_category3 (id, name, category2_id) values (170, '厨卫五金', 21);
insert ignore into base_category3 (id, name, category2_id) values (171, '家具五金', 21);
insert ignore into base_category3 (id, name, category2_id) values (172, '门铃', 21);
insert ignore into base_category3 (id, name, category2_id) values (173, '电气开关', 21);
insert ignore into base_category3 (id, name, category2_id) values (174, '插座', 21);
insert ignore into base_category3 (id, name, category2_id) values (175, '电工电料', 21);
insert ignore into base_category3 (id, name, category2_id) values (176, '监控安防', 21);
insert ignore into base_category3 (id, name, category2_id) values (177, '电线/线缆', 21);
insert ignore into base_category3 (id, name, category2_id) values (178, '数码相机', 22);
insert ignore into base_category3 (id, name, category2_id) values (179, '单电/微单相机', 22);
insert ignore into base_category3 (id, name, category2_id) values (180, '单反相机', 22);
insert ignore into base_category3 (id, name, category2_id) values (181, '摄像机', 22);
insert ignore into base_category3 (id, name, category2_id) values (182, '拍立得', 22);
insert ignore into base_category3 (id, name, category2_id) values (183, '运动相机', 22);
insert ignore into base_category3 (id, name, category2_id) values (184, '镜头', 22);
insert ignore into base_category3 (id, name, category2_id) values (185, '户外器材', 22);
insert ignore into base_category3 (id, name, category2_id) values (186, '影棚器材', 22);
insert ignore into base_category3 (id, name, category2_id) values (187, '冲印服务', 22);
insert ignore into base_category3 (id, name, category2_id) values (188, '数码相框', 22);
insert ignore into base_category3 (id, name, category2_id) values (189, '存储卡', 23);
insert ignore into base_category3 (id, name, category2_id) values (190, '读卡器', 23);
insert ignore into base_category3 (id, name, category2_id) values (191, '滤镜', 23);
insert ignore into base_category3 (id, name, category2_id) values (192, '闪光灯/手柄', 23);
insert ignore into base_category3 (id, name, category2_id) values (193, '相机包', 23);
insert ignore into base_category3 (id, name, category2_id) values (194, '三脚架/云台', 23);
insert ignore into base_category3 (id, name, category2_id) values (195, '相机清洁/贴膜', 23);
insert ignore into base_category3 (id, name, category2_id) values (196, '机身附件', 23);
insert ignore into base_category3 (id, name, category2_id) values (197, '镜头附件', 23);
insert ignore into base_category3 (id, name, category2_id) values (198, '电池/充电器', 23);
insert ignore into base_category3 (id, name, category2_id) values (199, '移动电源', 23);
insert ignore into base_category3 (id, name, category2_id) values (200, '数码支架', 23);
insert ignore into base_category3 (id, name, category2_id) values (201, '智能手环', 24);
insert ignore into base_category3 (id, name, category2_id) values (202, '智能手表', 24);
insert ignore into base_category3 (id, name, category2_id) values (203, '智能眼镜', 24);
insert ignore into base_category3 (id, name, category2_id) values (204, '运动跟踪器', 24);
insert ignore into base_category3 (id, name, category2_id) values (205, '健康监测', 24);
insert ignore into base_category3 (id, name, category2_id) values (206, '智能配饰', 24);
insert ignore into base_category3 (id, name, category2_id) values (207, '智能家居', 24);
insert ignore into base_category3 (id, name, category2_id) values (208, '体感车', 24);
insert ignore into base_category3 (id, name, category2_id) values (209, '其他配件', 24);
insert ignore into base_category3 (id, name, category2_id) values (210, '智能机器人', 24);
insert ignore into base_category3 (id, name, category2_id) values (211, '无人机', 24);
insert ignore into base_category3 (id, name, category2_id) values (212, 'MP3/MP4', 25);
insert ignore into base_category3 (id, name, category2_id) values (213, '智能设备', 25);
insert ignore into base_category3 (id, name, category2_id) values (214, '耳机/耳麦', 25);
insert ignore into base_category3 (id, name, category2_id) values (215, '便携/无线音箱', 25);
insert ignore into base_category3 (id, name, category2_id) values (216, '音箱/音响', 25);
insert ignore into base_category3 (id, name, category2_id) values (217, '高清播放器', 25);
insert ignore into base_category3 (id, name, category2_id) values (218, '收音机', 25);
insert ignore into base_category3 (id, name, category2_id) values (219, 'MP3/MP4配件', 25);
insert ignore into base_category3 (id, name, category2_id) values (220, '麦克风', 25);
insert ignore into base_category3 (id, name, category2_id) values (221, '专业音频', 25);
insert ignore into base_category3 (id, name, category2_id) values (222, '苹果配件', 25);
insert ignore into base_category3 (id, name, category2_id) values (223, '学生平板', 26);
insert ignore into base_category3 (id, name, category2_id) values (224, '点读机/笔', 26);
insert ignore into base_category3 (id, name, category2_id) values (225, '早教益智', 26);
insert ignore into base_category3 (id, name, category2_id) values (226, '录音笔', 26);
insert ignore into base_category3 (id, name, category2_id) values (227, '电纸书', 26);
insert ignore into base_category3 (id, name, category2_id) values (228, '电子词典', 26);
insert ignore into base_category3 (id, name, category2_id) values (229, '复读机', 26);
insert ignore into base_category3 (id, name, category2_id) values (230, '延保服务', 27);
insert ignore into base_category3 (id, name, category2_id) values (231, '杀毒软件', 27);
insert ignore into base_category3 (id, name, category2_id) values (232, '积分商品', 27);
insert ignore into base_category3 (id, name, category2_id) values (233, '桌布/罩件', 28);
insert ignore into base_category3 (id, name, category2_id) values (234, '地毯地垫', 28);
insert ignore into base_category3 (id, name, category2_id) values (235, '沙发垫套/椅垫', 28);
insert ignore into base_category3 (id, name, category2_id) values (236, '床品套件', 28);
insert ignore into base_category3 (id, name, category2_id) values (237, '被子', 28);
insert ignore into base_category3 (id, name, category2_id) values (238, '枕芯', 28);
insert ignore into base_category3 (id, name, category2_id) values (239, '床单被罩', 28);
insert ignore into base_category3 (id, name, category2_id) values (240, '毯子', 28);
insert ignore into base_category3 (id, name, category2_id) values (241, '床垫/床褥', 28);
insert ignore into base_category3 (id, name, category2_id) values (242, '蚊帐', 28);
insert ignore into base_category3 (id, name, category2_id) values (243, '抱枕靠垫', 28);
insert ignore into base_category3 (id, name, category2_id) values (244, '毛巾浴巾', 28);
insert ignore into base_category3 (id, name, category2_id) values (245, '电热毯', 28);
insert ignore into base_category3 (id, name, category2_id) values (246, '窗帘/窗纱', 28);
insert ignore into base_category3 (id, name, category2_id) values (247, '布艺软饰', 28);
insert ignore into base_category3 (id, name, category2_id) values (248, '凉席', 28);
insert ignore into base_category3 (id, name, category2_id) values (249, '台灯', 29);
insert ignore into base_category3 (id, name, category2_id) values (250, '节能灯', 29);
insert ignore into base_category3 (id, name, category2_id) values (251, '装饰灯', 29);
insert ignore into base_category3 (id, name, category2_id) values (252, '落地灯', 29);
insert ignore into base_category3 (id, name, category2_id) values (253, '应急灯/手电', 29);
insert ignore into base_category3 (id, name, category2_id) values (254, 'LED灯', 29);
insert ignore into base_category3 (id, name, category2_id) values (255, '吸顶灯', 29);
insert ignore into base_category3 (id, name, category2_id) values (256, '五金电器', 29);
insert ignore into base_category3 (id, name, category2_id) values (257, '筒灯射灯', 29);
insert ignore into base_category3 (id, name, category2_id) values (258, '吊灯', 29);
insert ignore into base_category3 (id, name, category2_id) values (259, '氛围照明', 29);
insert ignore into base_category3 (id, name, category2_id) values (260, '保暖防护', 30);
insert ignore into base_category3 (id, name, category2_id) values (261, '收纳用品', 30);
insert ignore into base_category3 (id, name, category2_id) values (262, '雨伞雨具', 30);
insert ignore into base_category3 (id, name, category2_id) values (263, '浴室用品', 30);
insert ignore into base_category3 (id, name, category2_id) values (264, '缝纫/针织用品', 30);
insert ignore into base_category3 (id, name, category2_id) values (265, '洗晒/熨烫', 30);
insert ignore into base_category3 (id, name, category2_id) values (266, '净化除味', 30);
insert ignore into base_category3 (id, name, category2_id) values (267, '相框/照片墙', 31);
insert ignore into base_category3 (id, name, category2_id) values (268, '装饰字画', 31);
insert ignore into base_category3 (id, name, category2_id) values (269, '节庆饰品', 31);
insert ignore into base_category3 (id, name, category2_id) values (270, '手工/十字绣', 31);
insert ignore into base_category3 (id, name, category2_id) values (271, '装饰摆件', 31);
insert ignore into base_category3 (id, name, category2_id) values (272, '帘艺隔断', 31);
insert ignore into base_category3 (id, name, category2_id) values (273, '墙贴/装饰贴', 31);
insert ignore into base_category3 (id, name, category2_id) values (274, '钟饰', 31);
insert ignore into base_category3 (id, name, category2_id) values (275, '花瓶花艺', 31);
insert ignore into base_category3 (id, name, category2_id) values (276, '香薰蜡烛', 31);
insert ignore into base_category3 (id, name, category2_id) values (277, '创意家居', 31);
insert ignore into base_category3 (id, name, category2_id) values (278, '宠物主粮', 32);
insert ignore into base_category3 (id, name, category2_id) values (279, '宠物零食', 32);
insert ignore into base_category3 (id, name, category2_id) values (280, '医疗保健', 32);
insert ignore into base_category3 (id, name, category2_id) values (281, '家居日用', 32);
insert ignore into base_category3 (id, name, category2_id) values (282, '宠物玩具', 32);
insert ignore into base_category3 (id, name, category2_id) values (283, '出行装备', 32);
insert ignore into base_category3 (id, name, category2_id) values (284, '洗护美容', 32);
insert ignore into base_category3 (id, name, category2_id) values (285, '笔记本', 33);
insert ignore into base_category3 (id, name, category2_id) values (286, '超极本', 33);
insert ignore into base_category3 (id, name, category2_id) values (287, '游戏本', 33);
insert ignore into base_category3 (id, name, category2_id) values (288, '平板电脑', 33);
insert ignore into base_category3 (id, name, category2_id) values (289, '平板电脑配件', 33);
insert ignore into base_category3 (id, name, category2_id) values (290, '台式机', 33);
insert ignore into base_category3 (id, name, category2_id) values (291, '服务器/工作站', 33);
insert ignore into base_category3 (id, name, category2_id) values (292, '笔记本配件', 33);
insert ignore into base_category3 (id, name, category2_id) values (293, '一体机', 33);
insert ignore into base_category3 (id, name, category2_id) values (294, 'CPU', 34);
insert ignore into base_category3 (id, name, category2_id) values (295, '主板', 34);
insert ignore into base_category3 (id, name, category2_id) values (296, '显卡', 34);
insert ignore into base_category3 (id, name, category2_id) values (297, '硬盘', 34);
insert ignore into base_category3 (id, name, category2_id) values (298, 'SSD固态硬盘', 34);
insert ignore into base_category3 (id, name, category2_id) values (299, '内存', 34);
insert ignore into base_category3 (id, name, category2_id) values (300, '机箱', 34);
insert ignore into base_category3 (id, name, category2_id) values (301, '电源', 34);
insert ignore into base_category3 (id, name, category2_id) values (302, '显示器', 34);
insert ignore into base_category3 (id, name, category2_id) values (303, '刻录机/光驱', 34);
insert ignore into base_category3 (id, name, category2_id) values (304, '散热器', 34);
insert ignore into base_category3 (id, name, category2_id) values (305, '声卡/扩展卡', 34);
insert ignore into base_category3 (id, name, category2_id) values (306, '装机配件', 34);
insert ignore into base_category3 (id, name, category2_id) values (307, '组装电脑', 34);
insert ignore into base_category3 (id, name, category2_id) values (308, '移动硬盘', 35);
insert ignore into base_category3 (id, name, category2_id) values (309, 'U盘', 35);
insert ignore into base_category3 (id, name, category2_id) values (310, '鼠标', 35);
insert ignore into base_category3 (id, name, category2_id) values (311, '键盘', 35);
insert ignore into base_category3 (id, name, category2_id) values (312, '鼠标垫', 35);
insert ignore into base_category3 (id, name, category2_id) values (313, '摄像头', 35);
insert ignore into base_category3 (id, name, category2_id) values (314, '手写板', 35);
insert ignore into base_category3 (id, name, category2_id) values (315, '硬盘盒', 35);
insert ignore into base_category3 (id, name, category2_id) values (316, '插座', 35);
insert ignore into base_category3 (id, name, category2_id) values (317, '线缆', 35);
insert ignore into base_category3 (id, name, category2_id) values (318, 'UPS电源', 35);
insert ignore into base_category3 (id, name, category2_id) values (319, '电脑工具', 35);
insert ignore into base_category3 (id, name, category2_id) values (320, '游戏设备', 35);
insert ignore into base_category3 (id, name, category2_id) values (321, '电玩', 35);
insert ignore into base_category3 (id, name, category2_id) values (322, '电脑清洁', 35);
insert ignore into base_category3 (id, name, category2_id) values (323, '网络仪表仪器', 35);
insert ignore into base_category3 (id, name, category2_id) values (324, '游戏机', 36);
insert ignore into base_category3 (id, name, category2_id) values (325, '游戏耳机', 36);
insert ignore into base_category3 (id, name, category2_id) values (326, '手柄/方向盘', 36);
insert ignore into base_category3 (id, name, category2_id) values (327, '游戏软件', 36);
insert ignore into base_category3 (id, name, category2_id) values (328, '游戏周边', 36);
insert ignore into base_category3 (id, name, category2_id) values (329, '路由器', 37);
insert ignore into base_category3 (id, name, category2_id) values (330, '网卡', 37);
insert ignore into base_category3 (id, name, category2_id) values (331, '交换机', 37);
insert ignore into base_category3 (id, name, category2_id) values (332, '网络存储', 37);
insert ignore into base_category3 (id, name, category2_id) values (333, '4G/3G上网', 37);
insert ignore into base_category3 (id, name, category2_id) values (334, '网络盒子', 37);
insert ignore into base_category3 (id, name, category2_id) values (335, '网络配件', 37);
insert ignore into base_category3 (id, name, category2_id) values (336, '投影机', 38);
insert ignore into base_category3 (id, name, category2_id) values (337, '投影配件', 38);
insert ignore into base_category3 (id, name, category2_id) values (338, '多功能一体机', 38);
insert ignore into base_category3 (id, name, category2_id) values (339, '打印机', 38);
insert ignore into base_category3 (id, name, category2_id) values (340, '传真设备', 38);
insert ignore into base_category3 (id, name, category2_id) values (341, '验钞/点钞机', 38);
insert ignore into base_category3 (id, name, category2_id) values (342, '扫描设备', 38);
insert ignore into base_category3 (id, name, category2_id) values (343, '复合机', 38);
insert ignore into base_category3 (id, name, category2_id) values (344, '碎纸机', 38);
insert ignore into base_category3 (id, name, category2_id) values (345, '考勤机', 38);
insert ignore into base_category3 (id, name, category2_id) values (346, '收款/POS机', 38);
insert ignore into base_category3 (id, name, category2_id) values (347, '会议音频视频', 38);
insert ignore into base_category3 (id, name, category2_id) values (348, '保险柜', 38);
insert ignore into base_category3 (id, name, category2_id) values (349, '装订/封装机', 38);
insert ignore into base_category3 (id, name, category2_id) values (350, '安防监控', 38);
insert ignore into base_category3 (id, name, category2_id) values (351, '办公家具', 38);
insert ignore into base_category3 (id, name, category2_id) values (352, '白板', 38);
insert ignore into base_category3 (id, name, category2_id) values (353, '硒鼓/墨粉', 39);
insert ignore into base_category3 (id, name, category2_id) values (354, '墨盒', 39);
insert ignore into base_category3 (id, name, category2_id) values (355, '色带', 39);
insert ignore into base_category3 (id, name, category2_id) values (356, '纸类', 39);
insert ignore into base_category3 (id, name, category2_id) values (357, '办公文具', 39);
insert ignore into base_category3 (id, name, category2_id) values (358, '学生文具', 39);
insert ignore into base_category3 (id, name, category2_id) values (359, '财会用品', 39);
insert ignore into base_category3 (id, name, category2_id) values (360, '文件管理', 39);
insert ignore into base_category3 (id, name, category2_id) values (361, '本册/便签', 39);
insert ignore into base_category3 (id, name, category2_id) values (362, '计算器', 39);
insert ignore into base_category3 (id, name, category2_id) values (363, '笔类', 39);
insert ignore into base_category3 (id, name, category2_id) values (364, '画具画材', 39);
insert ignore into base_category3 (id, name, category2_id) values (365, '刻录碟片/附件', 39);
insert ignore into base_category3 (id, name, category2_id) values (366, '上门安装', 40);
insert ignore into base_category3 (id, name, category2_id) values (367, '延保服务', 40);
insert ignore into base_category3 (id, name, category2_id) values (368, '维修保养', 40);
insert ignore into base_category3 (id, name, category2_id) values (369, '电脑软件', 40);
insert ignore into base_category3 (id, name, category2_id) values (370, '京东服务', 40);
insert ignore into base_category3 (id, name, category2_id) values (371, '炒锅', 41);
insert ignore into base_category3 (id, name, category2_id) values (372, '煎锅', 41);
insert ignore into base_category3 (id, name, category2_id) values (373, '压力锅', 41);
insert ignore into base_category3 (id, name, category2_id) values (374, '蒸锅', 41);
insert ignore into base_category3 (id, name, category2_id) values (375, '汤锅', 41);
insert ignore into base_category3 (id, name, category2_id) values (376, '奶锅', 41);
insert ignore into base_category3 (id, name, category2_id) values (377, '锅具套装', 41);
insert ignore into base_category3 (id, name, category2_id) values (378, '煲类', 41);
insert ignore into base_category3 (id, name, category2_id) values (379, '水壶', 41);
insert ignore into base_category3 (id, name, category2_id) values (380, '火锅', 41);
insert ignore into base_category3 (id, name, category2_id) values (381, '菜刀', 42);
insert ignore into base_category3 (id, name, category2_id) values (382, '剪刀', 42);
insert ignore into base_category3 (id, name, category2_id) values (383, '刀具套装', 42);
insert ignore into base_category3 (id, name, category2_id) values (384, '砧板', 42);
insert ignore into base_category3 (id, name, category2_id) values (385, '瓜果刀/刨', 42);
insert ignore into base_category3 (id, name, category2_id) values (386, '多功能刀', 42);
insert ignore into base_category3 (id, name, category2_id) values (387, '保鲜盒', 43);
insert ignore into base_category3 (id, name, category2_id) values (388, '烘焙/烧烤', 43);
insert ignore into base_category3 (id, name, category2_id) values (389, '饭盒/提锅', 43);
insert ignore into base_category3 (id, name, category2_id) values (390, '储物/置物架', 43);
insert ignore into base_category3 (id, name, category2_id) values (391, '厨房DIY/小工具', 43);
insert ignore into base_category3 (id, name, category2_id) values (392, '塑料杯', 44);
insert ignore into base_category3 (id, name, category2_id) values (393, '运动水壶', 44);
insert ignore into base_category3 (id, name, category2_id) values (394, '玻璃杯', 44);
insert ignore into base_category3 (id, name, category2_id) values (395, '陶瓷/马克杯', 44);
insert ignore into base_category3 (id, name, category2_id) values (396, '保温杯', 44);
insert ignore into base_category3 (id, name, category2_id) values (397, '保温壶', 44);
insert ignore into base_category3 (id, name, category2_id) values (398, '酒杯/酒具', 44);
insert ignore into base_category3 (id, name, category2_id) values (399, '杯具套装', 44);
insert ignore into base_category3 (id, name, category2_id) values (400, '餐具套装', 45);
insert ignore into base_category3 (id, name, category2_id) values (401, '碗/碟/盘', 45);
insert ignore into base_category3 (id, name, category2_id) values (402, '筷勺/刀叉', 45);
insert ignore into base_category3 (id, name, category2_id) values (403, '一次性用品', 45);
insert ignore into base_category3 (id, name, category2_id) values (404, '果盘/果篮', 45);
insert ignore into base_category3 (id, name, category2_id) values (405, '自助餐炉', 46);
insert ignore into base_category3 (id, name, category2_id) values (406, '酒店餐具', 46);
insert ignore into base_category3 (id, name, category2_id) values (407, '酒店水具', 46);
insert ignore into base_category3 (id, name, category2_id) values (408, '整套茶具', 47);
insert ignore into base_category3 (id, name, category2_id) values (409, '茶杯', 47);
insert ignore into base_category3 (id, name, category2_id) values (410, '茶壶', 47);
insert ignore into base_category3 (id, name, category2_id) values (411, '茶盘茶托', 47);
insert ignore into base_category3 (id, name, category2_id) values (412, '茶叶罐', 47);
insert ignore into base_category3 (id, name, category2_id) values (413, '茶具配件', 47);
insert ignore into base_category3 (id, name, category2_id) values (414, '茶宠摆件', 47);
insert ignore into base_category3 (id, name, category2_id) values (415, '咖啡具', 47);
insert ignore into base_category3 (id, name, category2_id) values (416, '其他', 47);
insert ignore into base_category3 (id, name, category2_id) values (417, '纸品湿巾', 48);
insert ignore into base_category3 (id, name, category2_id) values (418, '衣物清洁', 48);
insert ignore into base_category3 (id, name, category2_id) values (419, '清洁工具', 48);
insert ignore into base_category3 (id, name, category2_id) values (420, '驱虫用品', 48);
insert ignore into base_category3 (id, name, category2_id) values (421, '家庭清洁', 48);
insert ignore into base_category3 (id, name, category2_id) values (422, '皮具护理', 48);
insert ignore into base_category3 (id, name, category2_id) values (423, '一次性用品', 48);
insert ignore into base_category3 (id, name, category2_id) values (424, '洁面', 49);
insert ignore into base_category3 (id, name, category2_id) values (425, '乳液面霜', 49);
insert ignore into base_category3 (id, name, category2_id) values (426, '面膜', 49);
insert ignore into base_category3 (id, name, category2_id) values (427, '剃须', 49);
insert ignore into base_category3 (id, name, category2_id) values (428, '套装', 49);
insert ignore into base_category3 (id, name, category2_id) values (429, '精华', 49);
insert ignore into base_category3 (id, name, category2_id) values (430, '眼霜', 49);
insert ignore into base_category3 (id, name, category2_id) values (431, '卸妆', 49);
insert ignore into base_category3 (id, name, category2_id) values (432, '防晒', 49);
insert ignore into base_category3 (id, name, category2_id) values (433, '防晒隔离', 49);
insert ignore into base_category3 (id, name, category2_id) values (434, 'T区护理', 49);
insert ignore into base_category3 (id, name, category2_id) values (435, '眼部护理', 49);
insert ignore into base_category3 (id, name, category2_id) values (436, '精华露', 49);
insert ignore into base_category3 (id, name, category2_id) values (437, '爽肤水', 49);
insert ignore into base_category3 (id, name, category2_id) values (438, '沐浴', 50);
insert ignore into base_category3 (id, name, category2_id) values (439, '润肤', 50);
insert ignore into base_category3 (id, name, category2_id) values (440, '颈部', 50);
insert ignore into base_category3 (id, name, category2_id) values (441, '手足', 50);
insert ignore into base_category3 (id, name, category2_id) values (442, '纤体塑形', 50);
insert ignore into base_category3 (id, name, category2_id) values (443, '美胸', 50);
insert ignore into base_category3 (id, name, category2_id) values (444, '套装', 50);
insert ignore into base_category3 (id, name, category2_id) values (445, '精油', 50);
insert ignore into base_category3 (id, name, category2_id) values (446, '洗发护发', 50);
insert ignore into base_category3 (id, name, category2_id) values (447, '染发/造型', 50);
insert ignore into base_category3 (id, name, category2_id) values (448, '香薰精油', 50);
insert ignore into base_category3 (id, name, category2_id) values (449, '磨砂/浴盐', 50);
insert ignore into base_category3 (id, name, category2_id) values (450, '手工/香皂', 50);
insert ignore into base_category3 (id, name, category2_id) values (451, '洗发', 50);
insert ignore into base_category3 (id, name, category2_id) values (452, '护发', 50);
insert ignore into base_category3 (id, name, category2_id) values (453, '染发', 50);
insert ignore into base_category3 (id, name, category2_id) values (454, '磨砂膏', 50);
insert ignore into base_category3 (id, name, category2_id) values (455, '香皂', 50);
insert ignore into base_category3 (id, name, category2_id) values (456, '牙膏/牙粉', 51);
insert ignore into base_category3 (id, name, category2_id) values (457, '牙刷/牙线', 51);
insert ignore into base_category3 (id, name, category2_id) values (458, '漱口水', 51);
insert ignore into base_category3 (id, name, category2_id) values (459, '套装', 51);
insert ignore into base_category3 (id, name, category2_id) values (460, '卫生巾', 52);
insert ignore into base_category3 (id, name, category2_id) values (461, '卫生护垫', 52);
insert ignore into base_category3 (id, name, category2_id) values (462, '私密护理', 52);
insert ignore into base_category3 (id, name, category2_id) values (463, '脱毛膏', 52);
insert ignore into base_category3 (id, name, category2_id) values (464, '其他', 52);
insert ignore into base_category3 (id, name, category2_id) values (465, '洗发', 53);
insert ignore into base_category3 (id, name, category2_id) values (466, '护发', 53);
insert ignore into base_category3 (id, name, category2_id) values (467, '染发', 53);
insert ignore into base_category3 (id, name, category2_id) values (468, '造型', 53);
insert ignore into base_category3 (id, name, category2_id) values (469, '假发', 53);
insert ignore into base_category3 (id, name, category2_id) values (470, '套装', 53);
insert ignore into base_category3 (id, name, category2_id) values (471, '美发工具', 53);
insert ignore into base_category3 (id, name, category2_id) values (472, '脸部护理', 53);
insert ignore into base_category3 (id, name, category2_id) values (473, '香水', 54);
insert ignore into base_category3 (id, name, category2_id) values (474, '底妆', 54);
insert ignore into base_category3 (id, name, category2_id) values (475, '腮红', 54);
insert ignore into base_category3 (id, name, category2_id) values (476, '眼影', 54);
insert ignore into base_category3 (id, name, category2_id) values (477, '唇部', 54);
insert ignore into base_category3 (id, name, category2_id) values (478, '美甲', 54);
insert ignore into base_category3 (id, name, category2_id) values (479, '眼线', 54);
insert ignore into base_category3 (id, name, category2_id) values (480, '美妆工具', 54);
insert ignore into base_category3 (id, name, category2_id) values (481, '套装', 54);
insert ignore into base_category3 (id, name, category2_id) values (482, '防晒隔离', 54);
insert ignore into base_category3 (id, name, category2_id) values (483, '卸妆', 54);
insert ignore into base_category3 (id, name, category2_id) values (484, '眉笔', 54);
insert ignore into base_category3 (id, name, category2_id) values (485, '睫毛膏', 54);
insert ignore into base_category3 (id, name, category2_id) values (486, 'T恤', 55);
insert ignore into base_category3 (id, name, category2_id) values (487, '衬衫', 55);
insert ignore into base_category3 (id, name, category2_id) values (488, '针织衫', 55);
insert ignore into base_category3 (id, name, category2_id) values (489, '雪纺衫', 55);
insert ignore into base_category3 (id, name, category2_id) values (490, '卫衣', 55);
insert ignore into base_category3 (id, name, category2_id) values (491, '马甲', 55);
insert ignore into base_category3 (id, name, category2_id) values (492, '连衣裙', 55);
insert ignore into base_category3 (id, name, category2_id) values (493, '半身裙', 55);
insert ignore into base_category3 (id, name, category2_id) values (494, '牛仔裤', 55);
insert ignore into base_category3 (id, name, category2_id) values (495, '休闲裤', 55);
insert ignore into base_category3 (id, name, category2_id) values (496, '打底裤', 55);
insert ignore into base_category3 (id, name, category2_id) values (497, '正装裤', 55);
insert ignore into base_category3 (id, name, category2_id) values (498, '小西装', 55);
insert ignore into base_category3 (id, name, category2_id) values (499, '短外套', 55);
insert ignore into base_category3 (id, name, category2_id) values (500, '风衣', 55);
insert ignore into base_category3 (id, name, category2_id) values (501, '毛呢大衣', 55);
insert ignore into base_category3 (id, name, category2_id) values (502, '真皮皮衣', 55);
insert ignore into base_category3 (id, name, category2_id) values (503, '棉服', 55);
insert ignore into base_category3 (id, name, category2_id) values (504, '羽绒服', 55);
insert ignore into base_category3 (id, name, category2_id) values (505, '大码女装', 55);
insert ignore into base_category3 (id, name, category2_id) values (506, '中老年女装', 55);
insert ignore into base_category3 (id, name, category2_id) values (507, '婚纱', 55);
insert ignore into base_category3 (id, name, category2_id) values (508, '打底衫', 55);
insert ignore into base_category3 (id, name, category2_id) values (509, '旗袍/唐装', 55);
insert ignore into base_category3 (id, name, category2_id) values (510, '加绒裤', 55);
insert ignore into base_category3 (id, name, category2_id) values (511, '吊带/背心', 55);
insert ignore into base_category3 (id, name, category2_id) values (512, '羊绒衫', 55);
insert ignore into base_category3 (id, name, category2_id) values (513, '短裤', 55);
insert ignore into base_category3 (id, name, category2_id) values (514, '皮草', 55);
insert ignore into base_category3 (id, name, category2_id) values (515, '礼服', 55);
insert ignore into base_category3 (id, name, category2_id) values (516, '仿皮皮衣', 55);
insert ignore into base_category3 (id, name, category2_id) values (517, '羊毛衫', 55);
insert ignore into base_category3 (id, name, category2_id) values (518, '设计师/潮牌', 55);
insert ignore into base_category3 (id, name, category2_id) values (519, '衬衫', 56);
insert ignore into base_category3 (id, name, category2_id) values (520, 'T恤', 56);
insert ignore into base_category3 (id, name, category2_id) values (521, 'POLO衫', 56);
insert ignore into base_category3 (id, name, category2_id) values (522, '针织衫', 56);
insert ignore into base_category3 (id, name, category2_id) values (523, '羊绒衫', 56);
insert ignore into base_category3 (id, name, category2_id) values (524, '卫衣', 56);
insert ignore into base_category3 (id, name, category2_id) values (525, '马甲/背心', 56);
insert ignore into base_category3 (id, name, category2_id) values (526, '夹克', 56);
insert ignore into base_category3 (id, name, category2_id) values (527, '风衣', 56);
insert ignore into base_category3 (id, name, category2_id) values (528, '毛呢大衣', 56);
insert ignore into base_category3 (id, name, category2_id) values (529, '仿皮皮衣', 56);
insert ignore into base_category3 (id, name, category2_id) values (530, '西服', 56);
insert ignore into base_category3 (id, name, category2_id) values (531, '棉服', 56);
insert ignore into base_category3 (id, name, category2_id) values (532, '羽绒服', 56);
insert ignore into base_category3 (id, name, category2_id) values (533, '牛仔裤', 56);
insert ignore into base_category3 (id, name, category2_id) values (534, '休闲裤', 56);
insert ignore into base_category3 (id, name, category2_id) values (535, '西裤', 56);
insert ignore into base_category3 (id, name, category2_id) values (536, '西服套装', 56);
insert ignore into base_category3 (id, name, category2_id) values (537, '大码男装', 56);
insert ignore into base_category3 (id, name, category2_id) values (538, '中老年男装', 56);
insert ignore into base_category3 (id, name, category2_id) values (539, '唐装/中山装', 56);
insert ignore into base_category3 (id, name, category2_id) values (540, '工装', 56);
insert ignore into base_category3 (id, name, category2_id) values (541, '真皮皮衣', 56);
insert ignore into base_category3 (id, name, category2_id) values (542, '加绒裤', 56);
insert ignore into base_category3 (id, name, category2_id) values (543, '卫裤/运动裤', 56);
insert ignore into base_category3 (id, name, category2_id) values (544, '短裤', 56);
insert ignore into base_category3 (id, name, category2_id) values (545, '设计师/潮牌', 56);
insert ignore into base_category3 (id, name, category2_id) values (546, '羊毛衫', 56);
insert ignore into base_category3 (id, name, category2_id) values (547, '文胸', 57);
insert ignore into base_category3 (id, name, category2_id) values (548, '女式内裤', 57);
insert ignore into base_category3 (id, name, category2_id) values (549, '男式内裤', 57);
insert ignore into base_category3 (id, name, category2_id) values (550, '睡衣/家居服', 57);
insert ignore into base_category3 (id, name, category2_id) values (551, '塑身美体', 57);
insert ignore into base_category3 (id, name, category2_id) values (552, '泳衣', 57);
insert ignore into base_category3 (id, name, category2_id) values (553, '吊带/背心', 57);
insert ignore into base_category3 (id, name, category2_id) values (554, '抹胸', 57);
insert ignore into base_category3 (id, name, category2_id) values (555, '连裤袜/丝袜', 57);
insert ignore into base_category3 (id, name, category2_id) values (556, '美腿袜', 57);
insert ignore into base_category3 (id, name, category2_id) values (557, '商务男袜', 57);
insert ignore into base_category3 (id, name, category2_id) values (558, '保暖内衣', 57);
insert ignore into base_category3 (id, name, category2_id) values (559, '情侣睡衣', 57);
insert ignore into base_category3 (id, name, category2_id) values (560, '文胸套装', 57);
insert ignore into base_category3 (id, name, category2_id) values (561, '少女文胸', 57);
insert ignore into base_category3 (id, name, category2_id) values (562, '休闲棉袜', 57);
insert ignore into base_category3 (id, name, category2_id) values (563, '大码内衣', 57);
insert ignore into base_category3 (id, name, category2_id) values (564, '内衣配件', 57);
insert ignore into base_category3 (id, name, category2_id) values (565, '打底裤袜', 57);
insert ignore into base_category3 (id, name, category2_id) values (566, '打底衫', 57);
insert ignore into base_category3 (id, name, category2_id) values (567, '秋衣秋裤', 57);
insert ignore into base_category3 (id, name, category2_id) values (568, '情趣内衣', 57);
insert ignore into base_category3 (id, name, category2_id) values (569, '服装洗护', 58);
insert ignore into base_category3 (id, name, category2_id) values (570, '太阳镜', 59);
insert ignore into base_category3 (id, name, category2_id) values (571, '光学镜架/镜片', 59);
insert ignore into base_category3 (id, name, category2_id) values (572, '围巾/手套/帽子套装', 59);
insert ignore into base_category3 (id, name, category2_id) values (573, '袖扣', 59);
insert ignore into base_category3 (id, name, category2_id) values (574, '棒球帽', 59);
insert ignore into base_category3 (id, name, category2_id) values (575, '毛线帽', 59);
insert ignore into base_category3 (id, name, category2_id) values (576, '遮阳帽', 59);
insert ignore into base_category3 (id, name, category2_id) values (577, '老花镜', 59);
insert ignore into base_category3 (id, name, category2_id) values (578, '装饰眼镜', 59);
insert ignore into base_category3 (id, name, category2_id) values (579, '防辐射眼镜', 59);
insert ignore into base_category3 (id, name, category2_id) values (580, '游泳镜', 59);
insert ignore into base_category3 (id, name, category2_id) values (581, '女士丝巾/围巾/披肩', 59);
insert ignore into base_category3 (id, name, category2_id) values (582, '男士丝巾/围巾', 59);
insert ignore into base_category3 (id, name, category2_id) values (583, '鸭舌帽', 59);
insert ignore into base_category3 (id, name, category2_id) values (584, '贝雷帽', 59);
insert ignore into base_category3 (id, name, category2_id) values (585, '礼帽', 59);
insert ignore into base_category3 (id, name, category2_id) values (586, '真皮手套', 59);
insert ignore into base_category3 (id, name, category2_id) values (587, '毛线手套', 59);
insert ignore into base_category3 (id, name, category2_id) values (588, '防晒手套', 59);
insert ignore into base_category3 (id, name, category2_id) values (589, '男士腰带/礼盒', 59);
insert ignore into base_category3 (id, name, category2_id) values (590, '女士腰带/礼盒', 59);
insert ignore into base_category3 (id, name, category2_id) values (591, '钥匙扣', 59);
insert ignore into base_category3 (id, name, category2_id) values (592, '遮阳伞/雨伞', 59);
insert ignore into base_category3 (id, name, category2_id) values (593, '口罩', 59);
insert ignore into base_category3 (id, name, category2_id) values (594, '耳罩/耳包', 59);
insert ignore into base_category3 (id, name, category2_id) values (595, '假领', 59);
insert ignore into base_category3 (id, name, category2_id) values (596, '毛线/布面料', 59);
insert ignore into base_category3 (id, name, category2_id) values (597, '领带/领结/领带夹', 59);
insert ignore into base_category3 (id, name, category2_id) values (598, '男表', 60);
insert ignore into base_category3 (id, name, category2_id) values (599, '瑞表', 60);
insert ignore into base_category3 (id, name, category2_id) values (600, '女表', 60);
insert ignore into base_category3 (id, name, category2_id) values (601, '国表', 60);
insert ignore into base_category3 (id, name, category2_id) values (602, '日韩表', 60);
insert ignore into base_category3 (id, name, category2_id) values (603, '欧美表', 60);
insert ignore into base_category3 (id, name, category2_id) values (604, '德表', 60);
insert ignore into base_category3 (id, name, category2_id) values (605, '儿童手表', 60);
insert ignore into base_category3 (id, name, category2_id) values (606, '智能手表', 60);
insert ignore into base_category3 (id, name, category2_id) values (607, '闹钟', 60);
insert ignore into base_category3 (id, name, category2_id) values (608, '座钟挂钟', 60);
insert ignore into base_category3 (id, name, category2_id) values (609, '钟表配件', 60);
insert ignore into base_category3 (id, name, category2_id) values (610, '商务休闲鞋', 61);
insert ignore into base_category3 (id, name, category2_id) values (611, '正装鞋', 61);
insert ignore into base_category3 (id, name, category2_id) values (612, '休闲鞋', 61);
insert ignore into base_category3 (id, name, category2_id) values (613, '凉鞋/沙滩鞋', 61);
insert ignore into base_category3 (id, name, category2_id) values (614, '男靴', 61);
insert ignore into base_category3 (id, name, category2_id) values (615, '功能鞋', 61);
insert ignore into base_category3 (id, name, category2_id) values (616, '拖鞋/人字拖', 61);
insert ignore into base_category3 (id, name, category2_id) values (617, '雨鞋/雨靴', 61);
insert ignore into base_category3 (id, name, category2_id) values (618, '传统布鞋', 61);
insert ignore into base_category3 (id, name, category2_id) values (619, '鞋配件', 61);
insert ignore into base_category3 (id, name, category2_id) values (620, '帆布鞋', 61);
insert ignore into base_category3 (id, name, category2_id) values (621, '增高鞋', 61);
insert ignore into base_category3 (id, name, category2_id) values (622, '工装鞋', 61);
insert ignore into base_category3 (id, name, category2_id) values (623, '定制鞋', 61);
insert ignore into base_category3 (id, name, category2_id) values (624, '高跟鞋', 62);
insert ignore into base_category3 (id, name, category2_id) values (625, '单鞋', 62);
insert ignore into base_category3 (id, name, category2_id) values (626, '休闲鞋', 62);
insert ignore into base_category3 (id, name, category2_id) values (627, '凉鞋', 62);
insert ignore into base_category3 (id, name, category2_id) values (628, '女靴', 62);
insert ignore into base_category3 (id, name, category2_id) values (629, '雪地靴', 62);
insert ignore into base_category3 (id, name, category2_id) values (630, '拖鞋/人字拖', 62);
insert ignore into base_category3 (id, name, category2_id) values (631, '踝靴', 62);
insert ignore into base_category3 (id, name, category2_id) values (632, '筒靴', 62);
insert ignore into base_category3 (id, name, category2_id) values (633, '帆布鞋', 62);
insert ignore into base_category3 (id, name, category2_id) values (634, '雨鞋/雨靴', 62);
insert ignore into base_category3 (id, name, category2_id) values (635, '妈妈鞋', 62);
insert ignore into base_category3 (id, name, category2_id) values (636, '鞋配件', 62);
insert ignore into base_category3 (id, name, category2_id) values (637, '特色鞋', 62);
insert ignore into base_category3 (id, name, category2_id) values (638, '鱼嘴鞋', 62);
insert ignore into base_category3 (id, name, category2_id) values (639, '布鞋/绣花鞋', 62);
insert ignore into base_category3 (id, name, category2_id) values (640, '马丁靴', 62);
insert ignore into base_category3 (id, name, category2_id) values (641, '坡跟鞋', 62);
insert ignore into base_category3 (id, name, category2_id) values (642, '松糕鞋', 62);
insert ignore into base_category3 (id, name, category2_id) values (643, '内增高', 62);
insert ignore into base_category3 (id, name, category2_id) values (644, '防水台', 62);
insert ignore into base_category3 (id, name, category2_id) values (645, '婴幼奶粉', 63);
insert ignore into base_category3 (id, name, category2_id) values (646, '孕妈奶粉', 63);
insert ignore into base_category3 (id, name, category2_id) values (647, '益生菌/初乳', 64);
insert ignore into base_category3 (id, name, category2_id) values (648, '米粉/菜粉', 64);
insert ignore into base_category3 (id, name, category2_id) values (649, '果泥/果汁', 64);
insert ignore into base_category3 (id, name, category2_id) values (650, 'DHA', 64);
insert ignore into base_category3 (id, name, category2_id) values (651, '宝宝零食', 64);
insert ignore into base_category3 (id, name, category2_id) values (652, '钙铁锌/维生素', 64);
insert ignore into base_category3 (id, name, category2_id) values (653, '清火/开胃', 64);
insert ignore into base_category3 (id, name, category2_id) values (654, '面条/粥', 64);
insert ignore into base_category3 (id, name, category2_id) values (655, '婴儿尿裤', 65);
insert ignore into base_category3 (id, name, category2_id) values (656, '拉拉裤', 65);
insert ignore into base_category3 (id, name, category2_id) values (657, '婴儿湿巾', 65);
insert ignore into base_category3 (id, name, category2_id) values (658, '成人尿裤', 65);
insert ignore into base_category3 (id, name, category2_id) values (659, '奶瓶奶嘴', 66);
insert ignore into base_category3 (id, name, category2_id) values (660, '吸奶器', 66);
insert ignore into base_category3 (id, name, category2_id) values (661, '暖奶消毒', 66);
insert ignore into base_category3 (id, name, category2_id) values (662, '儿童餐具', 66);
insert ignore into base_category3 (id, name, category2_id) values (663, '水壶/水杯', 66);
insert ignore into base_category3 (id, name, category2_id) values (664, '牙胶安抚', 66);
insert ignore into base_category3 (id, name, category2_id) values (665, '围兜/防溅衣', 66);
insert ignore into base_category3 (id, name, category2_id) values (666, '辅食料理机', 66);
insert ignore into base_category3 (id, name, category2_id) values (667, '食物存储', 66);
insert ignore into base_category3 (id, name, category2_id) values (668, '宝宝护肤', 67);
insert ignore into base_category3 (id, name, category2_id) values (669, '洗发沐浴', 67);
insert ignore into base_category3 (id, name, category2_id) values (670, '奶瓶清洗', 67);
insert ignore into base_category3 (id, name, category2_id) values (671, '驱蚊防晒', 67);
insert ignore into base_category3 (id, name, category2_id) values (672, '理发器', 67);
insert ignore into base_category3 (id, name, category2_id) values (673, '洗澡用具', 67);
insert ignore into base_category3 (id, name, category2_id) values (674, '婴儿口腔清洁', 67);
insert ignore into base_category3 (id, name, category2_id) values (675, '洗衣液/皂', 67);
insert ignore into base_category3 (id, name, category2_id) values (676, '日常护理', 67);
insert ignore into base_category3 (id, name, category2_id) values (677, '座便器', 67);
insert ignore into base_category3 (id, name, category2_id) values (678, '婴儿推车', 68);
insert ignore into base_category3 (id, name, category2_id) values (679, '餐椅摇椅', 68);
insert ignore into base_category3 (id, name, category2_id) values (680, '婴儿床', 68);
insert ignore into base_category3 (id, name, category2_id) values (681, '学步车', 68);
insert ignore into base_category3 (id, name, category2_id) values (682, '三轮车', 68);
insert ignore into base_category3 (id, name, category2_id) values (683, '自行车', 68);
insert ignore into base_category3 (id, name, category2_id) values (684, '电动车', 68);
insert ignore into base_category3 (id, name, category2_id) values (685, '扭扭车', 68);
insert ignore into base_category3 (id, name, category2_id) values (686, '滑板车', 68);
insert ignore into base_category3 (id, name, category2_id) values (687, '婴儿床垫', 68);
insert ignore into base_category3 (id, name, category2_id) values (688, '婴儿外出服', 69);
insert ignore into base_category3 (id, name, category2_id) values (689, '婴儿内衣', 69);
insert ignore into base_category3 (id, name, category2_id) values (690, '婴儿礼盒', 69);
insert ignore into base_category3 (id, name, category2_id) values (691, '婴儿鞋帽袜', 69);
insert ignore into base_category3 (id, name, category2_id) values (692, '安全防护', 69);
insert ignore into base_category3 (id, name, category2_id) values (693, '家居床品', 69);
insert ignore into base_category3 (id, name, category2_id) values (694, '睡袋/抱被', 69);
insert ignore into base_category3 (id, name, category2_id) values (695, '爬行垫', 69);
insert ignore into base_category3 (id, name, category2_id) values (696, '妈咪包/背婴带', 70);
insert ignore into base_category3 (id, name, category2_id) values (697, '产后塑身', 70);
insert ignore into base_category3 (id, name, category2_id) values (698, '文胸/内裤', 70);
insert ignore into base_category3 (id, name, category2_id) values (699, '防辐射服', 70);
insert ignore into base_category3 (id, name, category2_id) values (700, '孕妈装', 70);
insert ignore into base_category3 (id, name, category2_id) values (701, '孕期营养', 70);
insert ignore into base_category3 (id, name, category2_id) values (702, '孕妇护肤', 70);
insert ignore into base_category3 (id, name, category2_id) values (703, '待产护理', 70);
insert ignore into base_category3 (id, name, category2_id) values (704, '月子装', 70);
insert ignore into base_category3 (id, name, category2_id) values (705, '防溢乳垫', 70);
insert ignore into base_category3 (id, name, category2_id) values (706, '套装', 71);
insert ignore into base_category3 (id, name, category2_id) values (707, '上衣', 71);
insert ignore into base_category3 (id, name, category2_id) values (708, '裤子', 71);
insert ignore into base_category3 (id, name, category2_id) values (709, '裙子', 71);
insert ignore into base_category3 (id, name, category2_id) values (710, '内衣/家居服', 71);
insert ignore into base_category3 (id, name, category2_id) values (711, '羽绒服/棉服', 71);
insert ignore into base_category3 (id, name, category2_id) values (712, '亲子装', 71);
insert ignore into base_category3 (id, name, category2_id) values (713, '儿童配饰', 71);
insert ignore into base_category3 (id, name, category2_id) values (714, '礼服/演出服', 71);
insert ignore into base_category3 (id, name, category2_id) values (715, '运动鞋', 71);
insert ignore into base_category3 (id, name, category2_id) values (716, '皮鞋/帆布鞋', 71);
insert ignore into base_category3 (id, name, category2_id) values (717, '靴子', 71);
insert ignore into base_category3 (id, name, category2_id) values (718, '凉鞋', 71);
insert ignore into base_category3 (id, name, category2_id) values (719, '功能鞋', 71);
insert ignore into base_category3 (id, name, category2_id) values (720, '户外/运动服', 71);
insert ignore into base_category3 (id, name, category2_id) values (721, '提篮式', 72);
insert ignore into base_category3 (id, name, category2_id) values (722, '安全座椅', 72);
insert ignore into base_category3 (id, name, category2_id) values (723, '增高垫', 72);
insert ignore into base_category3 (id, name, category2_id) values (724, '钱包', 73);
insert ignore into base_category3 (id, name, category2_id) values (725, '手拿包', 73);
insert ignore into base_category3 (id, name, category2_id) values (726, '单肩包', 73);
insert ignore into base_category3 (id, name, category2_id) values (727, '双肩包', 73);
insert ignore into base_category3 (id, name, category2_id) values (728, '手提包', 73);
insert ignore into base_category3 (id, name, category2_id) values (729, '斜挎包', 73);
insert ignore into base_category3 (id, name, category2_id) values (730, '钥匙包', 73);
insert ignore into base_category3 (id, name, category2_id) values (731, '卡包/零钱包', 73);
insert ignore into base_category3 (id, name, category2_id) values (732, '男士钱包', 74);
insert ignore into base_category3 (id, name, category2_id) values (733, '男士手包', 74);
insert ignore into base_category3 (id, name, category2_id) values (734, '卡包名片夹', 74);
insert ignore into base_category3 (id, name, category2_id) values (735, '商务公文包', 74);
insert ignore into base_category3 (id, name, category2_id) values (736, '双肩包', 74);
insert ignore into base_category3 (id, name, category2_id) values (737, '单肩/斜挎包', 74);
insert ignore into base_category3 (id, name, category2_id) values (738, '钥匙包', 74);
insert ignore into base_category3 (id, name, category2_id) values (739, '电脑包', 75);
insert ignore into base_category3 (id, name, category2_id) values (740, '拉杆箱', 75);
insert ignore into base_category3 (id, name, category2_id) values (741, '旅行包', 75);
insert ignore into base_category3 (id, name, category2_id) values (742, '旅行配件', 75);
insert ignore into base_category3 (id, name, category2_id) values (743, '休闲运动包', 75);
insert ignore into base_category3 (id, name, category2_id) values (744, '拉杆包', 75);
insert ignore into base_category3 (id, name, category2_id) values (745, '登山包', 75);
insert ignore into base_category3 (id, name, category2_id) values (746, '妈咪包', 75);
insert ignore into base_category3 (id, name, category2_id) values (747, '书包', 75);
insert ignore into base_category3 (id, name, category2_id) values (748, '相机包', 75);
insert ignore into base_category3 (id, name, category2_id) values (749, '腰包/胸包', 75);
insert ignore into base_category3 (id, name, category2_id) values (750, '火机烟具', 76);
insert ignore into base_category3 (id, name, category2_id) values (751, '礼品文具', 76);
insert ignore into base_category3 (id, name, category2_id) values (752, '军刀军具', 76);
insert ignore into base_category3 (id, name, category2_id) values (753, '收藏品', 76);
insert ignore into base_category3 (id, name, category2_id) values (754, '工艺礼品', 76);
insert ignore into base_category3 (id, name, category2_id) values (755, '创意礼品', 76);
insert ignore into base_category3 (id, name, category2_id) values (756, '礼盒礼券', 76);
insert ignore into base_category3 (id, name, category2_id) values (757, '鲜花绿植', 76);
insert ignore into base_category3 (id, name, category2_id) values (758, '婚庆节庆', 76);
insert ignore into base_category3 (id, name, category2_id) values (759, '京东卡', 76);
insert ignore into base_category3 (id, name, category2_id) values (760, '美妆礼品', 76);
insert ignore into base_category3 (id, name, category2_id) values (761, '礼品定制', 76);
insert ignore into base_category3 (id, name, category2_id) values (762, '京东福卡', 76);
insert ignore into base_category3 (id, name, category2_id) values (763, '古董文玩', 76);
insert ignore into base_category3 (id, name, category2_id) values (764, '箱包', 77);
insert ignore into base_category3 (id, name, category2_id) values (765, '钱包', 77);
insert ignore into base_category3 (id, name, category2_id) values (766, '服饰', 77);
insert ignore into base_category3 (id, name, category2_id) values (767, '腰带', 77);
insert ignore into base_category3 (id, name, category2_id) values (768, '太阳镜/眼镜框', 77);
insert ignore into base_category3 (id, name, category2_id) values (769, '配件', 77);
insert ignore into base_category3 (id, name, category2_id) values (770, '鞋靴', 77);
insert ignore into base_category3 (id, name, category2_id) values (771, '饰品', 77);
insert ignore into base_category3 (id, name, category2_id) values (772, '名品腕表', 77);
insert ignore into base_category3 (id, name, category2_id) values (773, '高档化妆品', 77);
insert ignore into base_category3 (id, name, category2_id) values (774, '婚嫁首饰', 78);
insert ignore into base_category3 (id, name, category2_id) values (775, '婚纱摄影', 78);
insert ignore into base_category3 (id, name, category2_id) values (776, '婚纱礼服', 78);
insert ignore into base_category3 (id, name, category2_id) values (777, '婚庆服务', 78);
insert ignore into base_category3 (id, name, category2_id) values (778, '婚庆礼品/用品', 78);
insert ignore into base_category3 (id, name, category2_id) values (779, '婚宴', 78);
insert ignore into base_category3 (id, name, category2_id) values (780, '饼干蛋糕', 79);
insert ignore into base_category3 (id, name, category2_id) values (781, '糖果/巧克力', 79);
insert ignore into base_category3 (id, name, category2_id) values (782, '休闲零食', 79);
insert ignore into base_category3 (id, name, category2_id) values (783, '冲调饮品', 79);
insert ignore into base_category3 (id, name, category2_id) values (784, '粮油调味', 79);
insert ignore into base_category3 (id, name, category2_id) values (785, '牛奶', 79);
insert ignore into base_category3 (id, name, category2_id) values (786, '其他特产', 80);
insert ignore into base_category3 (id, name, category2_id) values (787, '新疆', 80);
insert ignore into base_category3 (id, name, category2_id) values (788, '北京', 80);
insert ignore into base_category3 (id, name, category2_id) values (789, '山西', 80);
insert ignore into base_category3 (id, name, category2_id) values (790, '内蒙古', 80);
insert ignore into base_category3 (id, name, category2_id) values (791, '福建', 80);
insert ignore into base_category3 (id, name, category2_id) values (792, '湖南', 80);
insert ignore into base_category3 (id, name, category2_id) values (793, '四川', 80);
insert ignore into base_category3 (id, name, category2_id) values (794, '云南', 80);
insert ignore into base_category3 (id, name, category2_id) values (795, '东北', 80);
insert ignore into base_category3 (id, name, category2_id) values (796, '休闲零食', 81);
insert ignore into base_category3 (id, name, category2_id) values (797, '坚果炒货', 81);
insert ignore into base_category3 (id, name, category2_id) values (798, '肉干肉脯', 81);
insert ignore into base_category3 (id, name, category2_id) values (799, '蜜饯果干', 81);
insert ignore into base_category3 (id, name, category2_id) values (800, '糖果/巧克力', 81);
insert ignore into base_category3 (id, name, category2_id) values (801, '饼干蛋糕', 81);
insert ignore into base_category3 (id, name, category2_id) values (802, '无糖食品', 81);
insert ignore into base_category3 (id, name, category2_id) values (803, '米面杂粮', 82);
insert ignore into base_category3 (id, name, category2_id) values (804, '食用油', 82);
insert ignore into base_category3 (id, name, category2_id) values (805, '调味品', 82);
insert ignore into base_category3 (id, name, category2_id) values (806, '南北干货', 82);
insert ignore into base_category3 (id, name, category2_id) values (807, '方便食品', 82);
insert ignore into base_category3 (id, name, category2_id) values (808, '有机食品', 82);
insert ignore into base_category3 (id, name, category2_id) values (809, '饮用水', 83);
insert ignore into base_category3 (id, name, category2_id) values (810, '饮料', 83);
insert ignore into base_category3 (id, name, category2_id) values (811, '牛奶乳品', 83);
insert ignore into base_category3 (id, name, category2_id) values (812, '咖啡/奶茶', 83);
insert ignore into base_category3 (id, name, category2_id) values (813, '冲饮谷物', 83);
insert ignore into base_category3 (id, name, category2_id) values (814, '蜂蜜/柚子茶', 83);
insert ignore into base_category3 (id, name, category2_id) values (815, '成人奶粉', 83);
insert ignore into base_category3 (id, name, category2_id) values (816, '月饼', 84);
insert ignore into base_category3 (id, name, category2_id) values (817, '大闸蟹', 84);
insert ignore into base_category3 (id, name, category2_id) values (818, '粽子', 84);
insert ignore into base_category3 (id, name, category2_id) values (819, '卡券', 84);
insert ignore into base_category3 (id, name, category2_id) values (820, '铁观音', 85);
insert ignore into base_category3 (id, name, category2_id) values (821, '普洱', 85);
insert ignore into base_category3 (id, name, category2_id) values (822, '龙井', 85);
insert ignore into base_category3 (id, name, category2_id) values (823, '绿茶', 85);
insert ignore into base_category3 (id, name, category2_id) values (824, '红茶', 85);
insert ignore into base_category3 (id, name, category2_id) values (825, '乌龙茶', 85);
insert ignore into base_category3 (id, name, category2_id) values (826, '花草茶', 85);
insert ignore into base_category3 (id, name, category2_id) values (827, '花果茶', 85);
insert ignore into base_category3 (id, name, category2_id) values (828, '养生茶', 85);
insert ignore into base_category3 (id, name, category2_id) values (829, '黑茶', 85);
insert ignore into base_category3 (id, name, category2_id) values (830, '白茶', 85);
insert ignore into base_category3 (id, name, category2_id) values (831, '其它茶', 85);
insert ignore into base_category3 (id, name, category2_id) values (832, '项链', 86);
insert ignore into base_category3 (id, name, category2_id) values (833, '手链/脚链', 86);
insert ignore into base_category3 (id, name, category2_id) values (834, '戒指', 86);
insert ignore into base_category3 (id, name, category2_id) values (835, '耳饰', 86);
insert ignore into base_category3 (id, name, category2_id) values (836, '毛衣链', 86);
insert ignore into base_category3 (id, name, category2_id) values (837, '发饰/发卡', 86);
insert ignore into base_category3 (id, name, category2_id) values (838, '胸针', 86);
insert ignore into base_category3 (id, name, category2_id) values (839, '饰品配件', 86);
insert ignore into base_category3 (id, name, category2_id) values (840, '婚庆饰品', 86);
insert ignore into base_category3 (id, name, category2_id) values (841, '黄金吊坠', 87);
insert ignore into base_category3 (id, name, category2_id) values (842, '黄金项链', 87);
insert ignore into base_category3 (id, name, category2_id) values (843, '黄金转运珠', 87);
insert ignore into base_category3 (id, name, category2_id) values (844, '黄金手镯/手链/脚链', 87);
insert ignore into base_category3 (id, name, category2_id) values (845, '黄金耳饰', 87);
insert ignore into base_category3 (id, name, category2_id) values (846, '黄金戒指', 87);
insert ignore into base_category3 (id, name, category2_id) values (847, 'K金吊坠', 88);
insert ignore into base_category3 (id, name, category2_id) values (848, 'K金项链', 88);
insert ignore into base_category3 (id, name, category2_id) values (849, 'K金手镯/手链/脚链', 88);
insert ignore into base_category3 (id, name, category2_id) values (850, 'K金戒指', 88);
insert ignore into base_category3 (id, name, category2_id) values (851, 'K金耳饰', 88);
insert ignore into base_category3 (id, name, category2_id) values (852, '投资金', 89);
insert ignore into base_category3 (id, name, category2_id) values (853, '投资银', 89);
insert ignore into base_category3 (id, name, category2_id) values (854, '投资收藏', 89);
insert ignore into base_category3 (id, name, category2_id) values (855, '银吊坠/项链', 90);
insert ignore into base_category3 (id, name, category2_id) values (856, '银手镯/手链/脚链', 90);
insert ignore into base_category3 (id, name, category2_id) values (857, '银戒指', 90);
insert ignore into base_category3 (id, name, category2_id) values (858, '银耳饰', 90);
insert ignore into base_category3 (id, name, category2_id) values (859, '足银手镯', 90);
insert ignore into base_category3 (id, name, category2_id) values (860, '宝宝银饰', 90);
insert ignore into base_category3 (id, name, category2_id) values (861, '裸钻', 91);
insert ignore into base_category3 (id, name, category2_id) values (862, '钻戒', 91);
insert ignore into base_category3 (id, name, category2_id) values (863, '钻石项链/吊坠', 91);
insert ignore into base_category3 (id, name, category2_id) values (864, '钻石耳饰', 91);
insert ignore into base_category3 (id, name, category2_id) values (865, '钻石手镯/手链', 91);
insert ignore into base_category3 (id, name, category2_id) values (866, '项链/吊坠', 92);
insert ignore into base_category3 (id, name, category2_id) values (867, '手镯/手串', 92);
insert ignore into base_category3 (id, name, category2_id) values (868, '戒指', 92);
insert ignore into base_category3 (id, name, category2_id) values (869, '耳饰', 92);
insert ignore into base_category3 (id, name, category2_id) values (870, '挂件/摆件/把件', 92);
insert ignore into base_category3 (id, name, category2_id) values (871, '玉石孤品', 92);
insert ignore into base_category3 (id, name, category2_id) values (872, '项链/吊坠', 93);
insert ignore into base_category3 (id, name, category2_id) values (873, '耳饰', 93);
insert ignore into base_category3 (id, name, category2_id) values (874, '手镯/手链/脚链', 93);
insert ignore into base_category3 (id, name, category2_id) values (875, '戒指', 93);
insert ignore into base_category3 (id, name, category2_id) values (876, '头饰/胸针', 93);
insert ignore into base_category3 (id, name, category2_id) values (877, '摆件/挂件', 93);
insert ignore into base_category3 (id, name, category2_id) values (878, '琥珀/蜜蜡', 94);
insert ignore into base_category3 (id, name, category2_id) values (879, '碧玺', 94);
insert ignore into base_category3 (id, name, category2_id) values (880, '红宝石/蓝宝石', 94);
insert ignore into base_category3 (id, name, category2_id) values (881, '坦桑石', 94);
insert ignore into base_category3 (id, name, category2_id) values (882, '珊瑚', 94);
insert ignore into base_category3 (id, name, category2_id) values (883, '祖母绿', 94);
insert ignore into base_category3 (id, name, category2_id) values (884, '葡萄石', 94);
insert ignore into base_category3 (id, name, category2_id) values (885, '其他天然宝石', 94);
insert ignore into base_category3 (id, name, category2_id) values (886, '项链/吊坠', 94);
insert ignore into base_category3 (id, name, category2_id) values (887, '耳饰', 94);
insert ignore into base_category3 (id, name, category2_id) values (888, '手镯/手链', 94);
insert ignore into base_category3 (id, name, category2_id) values (889, '戒指', 94);
insert ignore into base_category3 (id, name, category2_id) values (890, '铂金项链/吊坠', 95);
insert ignore into base_category3 (id, name, category2_id) values (891, '铂金手镯/手链/脚链', 95);
insert ignore into base_category3 (id, name, category2_id) values (892, '铂金戒指', 95);
insert ignore into base_category3 (id, name, category2_id) values (893, '铂金耳饰', 95);
insert ignore into base_category3 (id, name, category2_id) values (894, '小叶紫檀', 96);
insert ignore into base_category3 (id, name, category2_id) values (895, '黄花梨', 96);
insert ignore into base_category3 (id, name, category2_id) values (896, '沉香木', 96);
insert ignore into base_category3 (id, name, category2_id) values (897, '金丝楠', 96);
insert ignore into base_category3 (id, name, category2_id) values (898, '菩提', 96);
insert ignore into base_category3 (id, name, category2_id) values (899, '其他', 96);
insert ignore into base_category3 (id, name, category2_id) values (900, '橄榄核/核桃', 96);
insert ignore into base_category3 (id, name, category2_id) values (901, '檀香', 96);
insert ignore into base_category3 (id, name, category2_id) values (902, '珍珠项链', 97);
insert ignore into base_category3 (id, name, category2_id) values (903, '珍珠吊坠', 97);
insert ignore into base_category3 (id, name, category2_id) values (904, '珍珠耳饰', 97);
insert ignore into base_category3 (id, name, category2_id) values (905, '珍珠手链', 97);
insert ignore into base_category3 (id, name, category2_id) values (906, '珍珠戒指', 97);
insert ignore into base_category3 (id, name, category2_id) values (907, '珍珠胸针', 97);
insert ignore into base_category3 (id, name, category2_id) values (908, '机油', 98);
insert ignore into base_category3 (id, name, category2_id) values (909, '正时皮带', 98);
insert ignore into base_category3 (id, name, category2_id) values (910, '添加剂', 98);
insert ignore into base_category3 (id, name, category2_id) values (911, '汽车喇叭', 98);
insert ignore into base_category3 (id, name, category2_id) values (912, '防冻液', 98);
insert ignore into base_category3 (id, name, category2_id) values (913, '汽车玻璃', 98);
insert ignore into base_category3 (id, name, category2_id) values (914, '滤清器', 98);
insert ignore into base_category3 (id, name, category2_id) values (915, '火花塞', 98);
insert ignore into base_category3 (id, name, category2_id) values (916, '减震器', 98);
insert ignore into base_category3 (id, name, category2_id) values (917, '柴机油/辅助油', 98);
insert ignore into base_category3 (id, name, category2_id) values (918, '雨刷', 98);
insert ignore into base_category3 (id, name, category2_id) values (919, '车灯', 98);
insert ignore into base_category3 (id, name, category2_id) values (920, '后视镜', 98);
insert ignore into base_category3 (id, name, category2_id) values (921, '轮胎', 98);
insert ignore into base_category3 (id, name, category2_id) values (922, '轮毂', 98);
insert ignore into base_category3 (id, name, category2_id) values (923, '刹车片/盘', 98);
insert ignore into base_category3 (id, name, category2_id) values (924, '维修配件', 98);
insert ignore into base_category3 (id, name, category2_id) values (925, '蓄电池', 98);
insert ignore into base_category3 (id, name, category2_id) values (926, '底盘装甲/护板', 98);
insert ignore into base_category3 (id, name, category2_id) values (927, '贴膜', 98);
insert ignore into base_category3 (id, name, category2_id) values (928, '汽修工具', 98);
insert ignore into base_category3 (id, name, category2_id) values (929, '改装配件', 98);
insert ignore into base_category3 (id, name, category2_id) values (930, '导航仪', 99);
insert ignore into base_category3 (id, name, category2_id) values (931, '安全预警仪', 99);
insert ignore into base_category3 (id, name, category2_id) values (932, '行车记录仪', 99);
insert ignore into base_category3 (id, name, category2_id) values (933, '倒车雷达', 99);
insert ignore into base_category3 (id, name, category2_id) values (934, '蓝牙设备', 99);
insert ignore into base_category3 (id, name, category2_id) values (935, '车载影音', 99);
insert ignore into base_category3 (id, name, category2_id) values (936, '净化器', 99);
insert ignore into base_category3 (id, name, category2_id) values (937, '电源', 99);
insert ignore into base_category3 (id, name, category2_id) values (938, '智能驾驶', 99);
insert ignore into base_category3 (id, name, category2_id) values (939, '车载电台', 99);
insert ignore into base_category3 (id, name, category2_id) values (940, '车载电器配件', 99);
insert ignore into base_category3 (id, name, category2_id) values (941, '吸尘器', 99);
insert ignore into base_category3 (id, name, category2_id) values (942, '智能车机', 99);
insert ignore into base_category3 (id, name, category2_id) values (943, '冰箱', 99);
insert ignore into base_category3 (id, name, category2_id) values (944, '汽车音响', 99);
insert ignore into base_category3 (id, name, category2_id) values (945, '车载生活电器', 99);
insert ignore into base_category3 (id, name, category2_id) values (946, '车蜡', 100);
insert ignore into base_category3 (id, name, category2_id) values (947, '补漆笔', 100);
insert ignore into base_category3 (id, name, category2_id) values (948, '玻璃水', 100);
insert ignore into base_category3 (id, name, category2_id) values (949, '清洁剂', 100);
insert ignore into base_category3 (id, name, category2_id) values (950, '洗车工具', 100);
insert ignore into base_category3 (id, name, category2_id) values (951, '镀晶镀膜', 100);
insert ignore into base_category3 (id, name, category2_id) values (952, '打蜡机', 100);
insert ignore into base_category3 (id, name, category2_id) values (953, '洗车配件', 100);
insert ignore into base_category3 (id, name, category2_id) values (954, '洗车机', 100);
insert ignore into base_category3 (id, name, category2_id) values (955, '洗车水枪', 100);
insert ignore into base_category3 (id, name, category2_id) values (956, '毛巾掸子', 100);
insert ignore into base_category3 (id, name, category2_id) values (957, '脚垫', 101);
insert ignore into base_category3 (id, name, category2_id) values (958, '座垫', 101);
insert ignore into base_category3 (id, name, category2_id) values (959, '座套', 101);
insert ignore into base_category3 (id, name, category2_id) values (960, '后备箱垫', 101);
insert ignore into base_category3 (id, name, category2_id) values (961, '头枕腰靠', 101);
insert ignore into base_category3 (id, name, category2_id) values (962, '方向盘套', 101);
insert ignore into base_category3 (id, name, category2_id) values (963, '香水', 101);
insert ignore into base_category3 (id, name, category2_id) values (964, '空气净化', 101);
insert ignore into base_category3 (id, name, category2_id) values (965, '挂件摆件', 101);
insert ignore into base_category3 (id, name, category2_id) values (966, '功能小件', 101);
insert ignore into base_category3 (id, name, category2_id) values (967, '车身装饰件', 101);
insert ignore into base_category3 (id, name, category2_id) values (968, '车衣', 101);
insert ignore into base_category3 (id, name, category2_id) values (969, '安全座椅', 102);
insert ignore into base_category3 (id, name, category2_id) values (970, '胎压监测', 102);
insert ignore into base_category3 (id, name, category2_id) values (971, '防盗设备', 102);
insert ignore into base_category3 (id, name, category2_id) values (972, '应急救援', 102);
insert ignore into base_category3 (id, name, category2_id) values (973, '保温箱', 102);
insert ignore into base_category3 (id, name, category2_id) values (974, '地锁', 102);
insert ignore into base_category3 (id, name, category2_id) values (975, '摩托车', 102);
insert ignore into base_category3 (id, name, category2_id) values (976, '充气泵', 102);
insert ignore into base_category3 (id, name, category2_id) values (977, '储物箱', 102);
insert ignore into base_category3 (id, name, category2_id) values (978, '自驾野营', 102);
insert ignore into base_category3 (id, name, category2_id) values (979, '摩托车装备', 102);
insert ignore into base_category3 (id, name, category2_id) values (980, '清洗美容', 103);
insert ignore into base_category3 (id, name, category2_id) values (981, '功能升级', 103);
insert ignore into base_category3 (id, name, category2_id) values (982, '保养维修', 103);
insert ignore into base_category3 (id, name, category2_id) values (983, '油卡充值', 103);
insert ignore into base_category3 (id, name, category2_id) values (984, '车险', 103);
insert ignore into base_category3 (id, name, category2_id) values (985, '加油卡', 103);
insert ignore into base_category3 (id, name, category2_id) values (986, 'ETC', 103);
insert ignore into base_category3 (id, name, category2_id) values (987, '驾驶培训', 103);
insert ignore into base_category3 (id, name, category2_id) values (988, '赛事服装', 104);
insert ignore into base_category3 (id, name, category2_id) values (989, '赛事用品', 104);
insert ignore into base_category3 (id, name, category2_id) values (990, '制动系统', 104);
insert ignore into base_category3 (id, name, category2_id) values (991, '悬挂系统', 104);
insert ignore into base_category3 (id, name, category2_id) values (992, '进气系统', 104);
insert ignore into base_category3 (id, name, category2_id) values (993, '排气系统', 104);
insert ignore into base_category3 (id, name, category2_id) values (994, '电子管理', 104);
insert ignore into base_category3 (id, name, category2_id) values (995, '车身强化', 104);
insert ignore into base_category3 (id, name, category2_id) values (996, '赛事座椅', 104);
insert ignore into base_category3 (id, name, category2_id) values (997, '跑步鞋', 105);
insert ignore into base_category3 (id, name, category2_id) values (998, '休闲鞋', 105);
insert ignore into base_category3 (id, name, category2_id) values (999, '篮球鞋', 105);
insert ignore into base_category3 (id, name, category2_id) values (1000, '板鞋', 105);
insert ignore into base_category3 (id, name, category2_id) values (1001, '帆布鞋', 105);
insert ignore into base_category3 (id, name, category2_id) values (1002, '足球鞋', 105);
insert ignore into base_category3 (id, name, category2_id) values (1003, '乒羽网鞋', 105);
insert ignore into base_category3 (id, name, category2_id) values (1004, '专项运动鞋', 105);
insert ignore into base_category3 (id, name, category2_id) values (1005, '训练鞋', 105);
insert ignore into base_category3 (id, name, category2_id) values (1006, '拖鞋', 105);
insert ignore into base_category3 (id, name, category2_id) values (1007, '运动包', 105);
insert ignore into base_category3 (id, name, category2_id) values (1008, '羽绒服', 106);
insert ignore into base_category3 (id, name, category2_id) values (1009, '棉服', 106);
insert ignore into base_category3 (id, name, category2_id) values (1010, '运动裤', 106);
insert ignore into base_category3 (id, name, category2_id) values (1011, '夹克/风衣', 106);
insert ignore into base_category3 (id, name, category2_id) values (1012, '卫衣/套头衫', 106);
insert ignore into base_category3 (id, name, category2_id) values (1013, 'T恤', 106);
insert ignore into base_category3 (id, name, category2_id) values (1014, '套装', 106);
insert ignore into base_category3 (id, name, category2_id) values (1015, '乒羽网服', 106);
insert ignore into base_category3 (id, name, category2_id) values (1016, '健身服', 106);
insert ignore into base_category3 (id, name, category2_id) values (1017, '运动背心', 106);
insert ignore into base_category3 (id, name, category2_id) values (1018, '毛衫/线衫', 106);
insert ignore into base_category3 (id, name, category2_id) values (1019, '运动配饰', 106);
insert ignore into base_category3 (id, name, category2_id) values (1020, '折叠车', 107);
insert ignore into base_category3 (id, name, category2_id) values (1021, '山地车/公路车', 107);
insert ignore into base_category3 (id, name, category2_id) values (1022, '电动车', 107);
insert ignore into base_category3 (id, name, category2_id) values (1023, '其他整车', 107);
insert ignore into base_category3 (id, name, category2_id) values (1024, '骑行服', 107);
insert ignore into base_category3 (id, name, category2_id) values (1025, '骑行装备', 107);
insert ignore into base_category3 (id, name, category2_id) values (1026, '平衡车', 107);
insert ignore into base_category3 (id, name, category2_id) values (1027, '鱼竿鱼线', 108);
insert ignore into base_category3 (id, name, category2_id) values (1028, '浮漂鱼饵', 108);
insert ignore into base_category3 (id, name, category2_id) values (1029, '钓鱼桌椅', 108);
insert ignore into base_category3 (id, name, category2_id) values (1030, '钓鱼配件', 108);
insert ignore into base_category3 (id, name, category2_id) values (1031, '钓箱鱼包', 108);
insert ignore into base_category3 (id, name, category2_id) values (1032, '其它', 108);
insert ignore into base_category3 (id, name, category2_id) values (1033, '泳镜', 109);
insert ignore into base_category3 (id, name, category2_id) values (1034, '泳帽', 109);
insert ignore into base_category3 (id, name, category2_id) values (1035, '游泳包防水包', 109);
insert ignore into base_category3 (id, name, category2_id) values (1036, '女士泳衣', 109);
insert ignore into base_category3 (id, name, category2_id) values (1037, '男士泳衣', 109);
insert ignore into base_category3 (id, name, category2_id) values (1038, '比基尼', 109);
insert ignore into base_category3 (id, name, category2_id) values (1039, '其它', 109);
insert ignore into base_category3 (id, name, category2_id) values (1040, '冲锋衣裤', 110);
insert ignore into base_category3 (id, name, category2_id) values (1041, '速干衣裤', 110);
insert ignore into base_category3 (id, name, category2_id) values (1042, '滑雪服', 110);
insert ignore into base_category3 (id, name, category2_id) values (1043, '羽绒服/棉服', 110);
insert ignore into base_category3 (id, name, category2_id) values (1044, '休闲衣裤', 110);
insert ignore into base_category3 (id, name, category2_id) values (1045, '抓绒衣裤', 110);
insert ignore into base_category3 (id, name, category2_id) values (1046, '软壳衣裤', 110);
insert ignore into base_category3 (id, name, category2_id) values (1047, 'T恤', 110);
insert ignore into base_category3 (id, name, category2_id) values (1048, '户外风衣', 110);
insert ignore into base_category3 (id, name, category2_id) values (1049, '功能内衣', 110);
insert ignore into base_category3 (id, name, category2_id) values (1050, '军迷服饰', 110);
insert ignore into base_category3 (id, name, category2_id) values (1051, '登山鞋', 110);
insert ignore into base_category3 (id, name, category2_id) values (1052, '雪地靴', 110);
insert ignore into base_category3 (id, name, category2_id) values (1053, '徒步鞋', 110);
insert ignore into base_category3 (id, name, category2_id) values (1054, '越野跑鞋', 110);
insert ignore into base_category3 (id, name, category2_id) values (1055, '休闲鞋', 110);
insert ignore into base_category3 (id, name, category2_id) values (1056, '工装鞋', 110);
insert ignore into base_category3 (id, name, category2_id) values (1057, '溯溪鞋', 110);
insert ignore into base_category3 (id, name, category2_id) values (1058, '沙滩/凉拖', 110);
insert ignore into base_category3 (id, name, category2_id) values (1059, '户外袜', 110);
insert ignore into base_category3 (id, name, category2_id) values (1060, '帐篷/垫子', 111);
insert ignore into base_category3 (id, name, category2_id) values (1061, '睡袋/吊床', 111);
insert ignore into base_category3 (id, name, category2_id) values (1062, '登山攀岩', 111);
insert ignore into base_category3 (id, name, category2_id) values (1063, '户外配饰', 111);
insert ignore into base_category3 (id, name, category2_id) values (1064, '背包', 111);
insert ignore into base_category3 (id, name, category2_id) values (1065, '户外照明', 111);
insert ignore into base_category3 (id, name, category2_id) values (1066, '户外仪表', 111);
insert ignore into base_category3 (id, name, category2_id) values (1067, '户外工具', 111);
insert ignore into base_category3 (id, name, category2_id) values (1068, '望远镜', 111);
insert ignore into base_category3 (id, name, category2_id) values (1069, '旅游用品', 111);
insert ignore into base_category3 (id, name, category2_id) values (1070, '便携桌椅床', 111);
insert ignore into base_category3 (id, name, category2_id) values (1071, '野餐烧烤', 111);
insert ignore into base_category3 (id, name, category2_id) values (1072, '军迷用品', 111);
insert ignore into base_category3 (id, name, category2_id) values (1073, '救援装备', 111);
insert ignore into base_category3 (id, name, category2_id) values (1074, '滑雪装备', 111);
insert ignore into base_category3 (id, name, category2_id) values (1075, '极限户外', 111);
insert ignore into base_category3 (id, name, category2_id) values (1076, '冲浪潜水', 111);
insert ignore into base_category3 (id, name, category2_id) values (1077, '综合训练器', 112);
insert ignore into base_category3 (id, name, category2_id) values (1078, '其他大型器械', 112);
insert ignore into base_category3 (id, name, category2_id) values (1079, '哑铃', 112);
insert ignore into base_category3 (id, name, category2_id) values (1080, '仰卧板/收腹机', 112);
insert ignore into base_category3 (id, name, category2_id) values (1081, '其他中小型器材', 112);
insert ignore into base_category3 (id, name, category2_id) values (1082, '瑜伽舞蹈', 112);
insert ignore into base_category3 (id, name, category2_id) values (1083, '甩脂机', 112);
insert ignore into base_category3 (id, name, category2_id) values (1084, '踏步机', 112);
insert ignore into base_category3 (id, name, category2_id) values (1085, '武术搏击', 112);
insert ignore into base_category3 (id, name, category2_id) values (1086, '健身车/动感单车', 112);
insert ignore into base_category3 (id, name, category2_id) values (1087, '跑步机', 112);
insert ignore into base_category3 (id, name, category2_id) values (1088, '运动护具', 112);
insert ignore into base_category3 (id, name, category2_id) values (1089, '羽毛球', 113);
insert ignore into base_category3 (id, name, category2_id) values (1090, '乒乓球', 113);
insert ignore into base_category3 (id, name, category2_id) values (1091, '篮球', 113);
insert ignore into base_category3 (id, name, category2_id) values (1092, '足球', 113);
insert ignore into base_category3 (id, name, category2_id) values (1093, '网球', 113);
insert ignore into base_category3 (id, name, category2_id) values (1094, '排球', 113);
insert ignore into base_category3 (id, name, category2_id) values (1095, '高尔夫', 113);
insert ignore into base_category3 (id, name, category2_id) values (1096, '台球', 113);
insert ignore into base_category3 (id, name, category2_id) values (1097, '棋牌麻将', 113);
insert ignore into base_category3 (id, name, category2_id) values (1098, '轮滑滑板', 113);
insert ignore into base_category3 (id, name, category2_id) values (1099, '其他', 113);


-- -------------------------------------------------------------------------------------------------
-- insert data into base_category_view
-- -------------------------------------------------------------------------------------------------
# insert ignore into base_category_view (id, category1_id, category1_name, category2_id, category2_name, category3_id, category3_name) values (1, 1, '图书、音像、电子书刊', 1, '电子书刊', 1, '电子书');
# insert ignore into base_category_view (id, category1_id, category1_name, category2_id, category2_name, category3_id, category3_name) values (2, 1, '图书、音像、电子书刊', 1, '电子书刊', 2, '网络原创');
# insert ignore into base_category_view (id, category1_id, category1_name, category2_id, category2_name, category3_id, category3_name) values (3, 1, '图书、音像、电子书刊', 1, '电子书刊', 3, '数字杂志');
# insert ignore into base_category_view (id, category1_id, category1_name, category2_id, category2_name, category3_id, category3_name) values (4, 1, '图书、音像、电子书刊', 1, '电子书刊', 4, '多媒体图书');
# insert ignore into base_category_view (id, category1_id, category1_name, category2_id, category2_name, category3_id, category3_name) values (5, 1, '图书、音像、电子书刊', 2, '音像', 5, '音乐');
# insert ignore into base_category_view (id, category1_id, category1_name, category2_id, category2_name, category3_id, category3_name) values (6, 1, '图书、音像、电子书刊', 2, '音像', 6, '影视');
# insert ignore into base_category_view (id, category1_id, category1_name, category2_id, category2_name, category3_id, category3_name) values (7, 1, '图书、音像、电子书刊', 2, '音像', 7, '教育音像');
# insert ignore into base_category_view (id, category1_id, category1_name, category2_id, category2_name, category3_id, category3_name) values (8, 1, '图书、音像、电子书刊', 3, '英文原版', 8, '少儿');
# insert ignore into base_category_view (id, category1_id, category1_name, category2_id, category2_name, category3_id, category3_name) values (9, 1, '图书、音像、电子书刊', 3, '英文原版', 9, '商务投资');
# insert ignore into base_category_view (id, category1_id, category1_name, category2_id, category2_name, category3_id, category3_name) values (10, 1, '图书、音像、电子书刊', 3, '英文原版', 10, '英语学习与考试');
# insert ignore into base_category_view (id, category1_id, category1_name, category2_id, category2_name, category3_id, category3_name) values (11, 1, '图书、音像、电子书刊', 3, '英文原版', 11, '文学');
# insert ignore into base_category_view (id, category1_id, category1_name, category2_id, category2_name, category3_id, category3_name) values (12, 1, '图书、音像、电子书刊', 3, '英文原版', 12, '传记');
# insert ignore into base_category_view (id, category1_id, category1_name, category2_id, category2_name, category3_id, category3_name) values (13, 1, '图书、音像、电子书刊', 3, '英文原版', 13, '励志');
# insert ignore into base_category_view (id, category1_id, category1_name, category2_id, category2_name, category3_id, category3_name) values (14, 1, '图书、音像、电子书刊', 4, '文艺', 14, '小说');
# insert ignore into base_category_view (id, category1_id, category1_name, category2_id, category2_name, category3_id, category3_name) values (15, 1, '图书、音像、电子书刊', 4, '文艺', 15, '文学');
# insert ignore into base_category_view (id, category1_id, category1_name, category2_id, category2_name, category3_id, category3_name) values (16, 1, '图书、音像、电子书刊', 4, '文艺', 16, '青春文学');
# insert ignore into base_category_view (id, category1_id, category1_name, category2_id, category2_name, category3_id, category3_name) values (17, 1, '图书、音像、电子书刊', 4, '文艺', 17, '传记');
# insert ignore into base_category_view (id, category1_id, category1_name, category2_id, category2_name, category3_id, category3_name) values (18, 1, '图书、音像、电子书刊', 4, '文艺', 18, '艺术');
# insert ignore into base_category_view (id, category1_id, category1_name, category2_id, category2_name, category3_id, category3_name) values (19, 1, '图书、音像、电子书刊', 5, '少儿', 19, '少儿');
# insert ignore into base_category_view (id, category1_id, category1_name, category2_id, category2_name, category3_id, category3_name) values (20, 1, '图书、音像、电子书刊', 5, '少儿', 20, '0-2岁');
# insert ignore into base_category_view (id, category1_id, category1_name, category2_id, category2_name, category3_id, category3_name) values (21, 1, '图书、音像、电子书刊', 5, '少儿', 21, '3-6岁');
# insert ignore into base_category_view (id, category1_id, category1_name, category2_id, category2_name, category3_id, category3_name) values (22, 1, '图书、音像、电子书刊', 5, '少儿', 22, '7-10岁');
# insert ignore into base_category_view (id, category1_id, category1_name, category2_id, category2_name, category3_id, category3_name) values (23, 1, '图书、音像、电子书刊', 5, '少儿', 23, '11-14岁');
# insert ignore into base_category_view (id, category1_id, category1_name, category2_id, category2_name, category3_id, category3_name) values (24, 1, '图书、音像、电子书刊', 6, '人文社科', 24, '历史');
# insert ignore into base_category_view (id, category1_id, category1_name, category2_id, category2_name, category3_id, category3_name) values (25, 1, '图书、音像、电子书刊', 6, '人文社科', 25, '哲学');
# insert ignore into base_category_view (id, category1_id, category1_name, category2_id, category2_name, category3_id, category3_name) values (26, 1, '图书、音像、电子书刊', 6, '人文社科', 26, '国学');
# insert ignore into base_category_view (id, category1_id, category1_name, category2_id, category2_name, category3_id, category3_name) values (27, 1, '图书、音像、电子书刊', 6, '人文社科', 27, '政治/军事');
# insert ignore into base_category_view (id, category1_id, category1_name, category2_id, category2_name, category3_id, category3_name) values (28, 1, '图书、音像、电子书刊', 6, '人文社科', 28, '法律');
# insert ignore into base_category_view (id, category1_id, category1_name, category2_id, category2_name, category3_id, category3_name) values (29, 1, '图书、音像、电子书刊', 6, '人文社科', 29, '人文社科');
# insert ignore into base_category_view (id, category1_id, category1_name, category2_id, category2_name, category3_id, category3_name) values (30, 1, '图书、音像、电子书刊', 6, '人文社科', 30, '心理学');
# insert ignore into base_category_view (id, category1_id, category1_name, category2_id, category2_name, category3_id, category3_name) values (31, 1, '图书、音像、电子书刊', 6, '人文社科', 31, '文化');
# insert ignore into base_category_view (id, category1_id, category1_name, category2_id, category2_name, category3_id, category3_name) values (32, 1, '图书、音像、电子书刊', 6, '人文社科', 32, '社会科学');
# insert ignore into base_category_view (id, category1_id, category1_name, category2_id, category2_name, category3_id, category3_name) values (33, 1, '图书、音像、电子书刊', 7, '经管励志', 33, '经济');
# insert ignore into base_category_view (id, category1_id, category1_name, category2_id, category2_name, category3_id, category3_name) values (34, 1, '图书、音像、电子书刊', 7, '经管励志', 34, '金融与投资');
# insert ignore into base_category_view (id, category1_id, category1_name, category2_id, category2_name, category3_id, category3_name) values (35, 1, '图书、音像、电子书刊', 7, '经管励志', 35, '管理');
# insert ignore into base_category_view (id, category1_id, category1_name, category2_id, category2_name, category3_id, category3_name) values (36, 1, '图书、音像、电子书刊', 7, '经管励志', 36, '励志与成功');
# insert ignore into base_category_view (id, category1_id, category1_name, category2_id, category2_name, category3_id, category3_name) values (37, 1, '图书、音像、电子书刊', 8, '生活', 37, '生活');
# insert ignore into base_category_view (id, category1_id, category1_name, category2_id, category2_name, category3_id, category3_name) values (38, 1, '图书、音像、电子书刊', 8, '生活', 38, '健身与保健');
# insert ignore into base_category_view (id, category1_id, category1_name, category2_id, category2_name, category3_id, category3_name) values (39, 1, '图书、音像、电子书刊', 8, '生活', 39, '家庭与育儿');
# insert ignore into base_category_view (id, category1_id, category1_name, category2_id, category2_name, category3_id, category3_name) values (40, 1, '图书、音像、电子书刊', 8, '生活', 40, '旅游');
# insert ignore into base_category_view (id, category1_id, category1_name, category2_id, category2_name, category3_id, category3_name) values (41, 1, '图书、音像、电子书刊', 8, '生活', 41, '烹饪美食');
# insert ignore into base_category_view (id, category1_id, category1_name, category2_id, category2_name, category3_id, category3_name) values (42, 1, '图书、音像、电子书刊', 9, '科技', 42, '工业技术');
# insert ignore into base_category_view (id, category1_id, category1_name, category2_id, category2_name, category3_id, category3_name) values (43, 1, '图书、音像、电子书刊', 9, '科技', 43, '科普读物');
# insert ignore into base_category_view (id, category1_id, category1_name, category2_id, category2_name, category3_id, category3_name) values (44, 1, '图书、音像、电子书刊', 9, '科技', 44, '建筑');
# insert ignore into base_category_view (id, category1_id, category1_name, category2_id, category2_name, category3_id, category3_name) values (45, 1, '图书、音像、电子书刊', 9, '科技', 45, '医学');
# insert ignore into base_category_view (id, category1_id, category1_name, category2_id, category2_name, category3_id, category3_name) values (46, 1, '图书、音像、电子书刊', 9, '科技', 46, '科学与自然');
# insert ignore into base_category_view (id, category1_id, category1_name, category2_id, category2_name, category3_id, category3_name) values (47, 1, '图书、音像、电子书刊', 9, '科技', 47, '计算机与互联网');
# insert ignore into base_category_view (id, category1_id, category1_name, category2_id, category2_name, category3_id, category3_name) values (48, 1, '图书、音像、电子书刊', 9, '科技', 48, '电子通信');
# insert ignore into base_category_view (id, category1_id, category1_name, category2_id, category2_name, category3_id, category3_name) values (49, 1, '图书、音像、电子书刊', 10, '教育', 49, '中小学教辅');
# insert ignore into base_category_view (id, category1_id, category1_name, category2_id, category2_name, category3_id, category3_name) values (50, 1, '图书、音像、电子书刊', 10, '教育', 50, '教育与考试');
# insert ignore into base_category_view (id, category1_id, category1_name, category2_id, category2_name, category3_id, category3_name) values (51, 1, '图书、音像、电子书刊', 10, '教育', 51, '外语学习');
# insert ignore into base_category_view (id, category1_id, category1_name, category2_id, category2_name, category3_id, category3_name) values (52, 1, '图书、音像、电子书刊', 10, '教育', 52, '大中专教材');
# insert ignore into base_category_view (id, category1_id, category1_name, category2_id, category2_name, category3_id, category3_name) values (53, 1, '图书、音像、电子书刊', 10, '教育', 53, '字典词典');
# insert ignore into base_category_view (id, category1_id, category1_name, category2_id, category2_name, category3_id, category3_name) values (54, 1, '图书、音像、电子书刊', 11, '港台图书', 54, '艺术/设计/收藏');
# insert ignore into base_category_view (id, category1_id, category1_name, category2_id, category2_name, category3_id, category3_name) values (55, 1, '图书、音像、电子书刊', 11, '港台图书', 55, '经济管理');
# insert ignore into base_category_view (id, category1_id, category1_name, category2_id, category2_name, category3_id, category3_name) values (56, 1, '图书、音像、电子书刊', 11, '港台图书', 56, '文化/学术');
# insert ignore into base_category_view (id, category1_id, category1_name, category2_id, category2_name, category3_id, category3_name) values (57, 1, '图书、音像、电子书刊', 11, '港台图书', 57, '少儿');
# insert ignore into base_category_view (id, category1_id, category1_name, category2_id, category2_name, category3_id, category3_name) values (58, 1, '图书、音像、电子书刊', 12, '其他', 58, '工具书');
# insert ignore into base_category_view (id, category1_id, category1_name, category2_id, category2_name, category3_id, category3_name) values (59, 1, '图书、音像、电子书刊', 12, '其他', 59, '杂志/期刊');
# insert ignore into base_category_view (id, category1_id, category1_name, category2_id, category2_name, category3_id, category3_name) values (60, 1, '图书、音像、电子书刊', 12, '其他', 60, '套装书');
# insert ignore into base_category_view (id, category1_id, category1_name, category2_id, category2_name, category3_id, category3_name) values (61, 2, '手机', 13, '手机通讯', 61, '手机');
# insert ignore into base_category_view (id, category1_id, category1_name, category2_id, category2_name, category3_id, category3_name) values (62, 2, '手机', 13, '手机通讯', 62, '对讲机');
# insert ignore into base_category_view (id, category1_id, category1_name, category2_id, category2_name, category3_id, category3_name) values (63, 2, '手机', 14, '运营商', 63, '合约机');
# insert ignore into base_category_view (id, category1_id, category1_name, category2_id, category2_name, category3_id, category3_name) values (64, 2, '手机', 14, '运营商', 64, '选号中心');
# insert ignore into base_category_view (id, category1_id, category1_name, category2_id, category2_name, category3_id, category3_name) values (65, 2, '手机', 14, '运营商', 65, '装宽带');
# insert ignore into base_category_view (id, category1_id, category1_name, category2_id, category2_name, category3_id, category3_name) values (66, 2, '手机', 14, '运营商', 66, '办套餐');
# insert ignore into base_category_view (id, category1_id, category1_name, category2_id, category2_name, category3_id, category3_name) values (67, 2, '手机', 15, '手机配件', 67, '移动电源');
# insert ignore into base_category_view (id, category1_id, category1_name, category2_id, category2_name, category3_id, category3_name) values (68, 2, '手机', 15, '手机配件', 68, '电池/移动电源');
# insert ignore into base_category_view (id, category1_id, category1_name, category2_id, category2_name, category3_id, category3_name) values (69, 2, '手机', 15, '手机配件', 69, '蓝牙耳机');
# insert ignore into base_category_view (id, category1_id, category1_name, category2_id, category2_name, category3_id, category3_name) values (70, 2, '手机', 15, '手机配件', 70, '充电器/数据线');
# insert ignore into base_category_view (id, category1_id, category1_name, category2_id, category2_name, category3_id, category3_name) values (71, 2, '手机', 15, '手机配件', 71, '苹果周边');
# insert ignore into base_category_view (id, category1_id, category1_name, category2_id, category2_name, category3_id, category3_name) values (72, 2, '手机', 15, '手机配件', 72, '手机耳机');
# insert ignore into base_category_view (id, category1_id, category1_name, category2_id, category2_name, category3_id, category3_name) values (73, 2, '手机', 15, '手机配件', 73, '手机贴膜');
# insert ignore into base_category_view (id, category1_id, category1_name, category2_id, category2_name, category3_id, category3_name) values (74, 2, '手机', 15, '手机配件', 74, '手机存储卡');
# insert ignore into base_category_view (id, category1_id, category1_name, category2_id, category2_name, category3_id, category3_name) values (75, 2, '手机', 15, '手机配件', 75, '充电器');
# insert ignore into base_category_view (id, category1_id, category1_name, category2_id, category2_name, category3_id, category3_name) values (76, 2, '手机', 15, '手机配件', 76, '数据线');
# insert ignore into base_category_view (id, category1_id, category1_name, category2_id, category2_name, category3_id, category3_name) values (77, 2, '手机', 15, '手机配件', 77, '手机保护套');
# insert ignore into base_category_view (id, category1_id, category1_name, category2_id, category2_name, category3_id, category3_name) values (78, 2, '手机', 15, '手机配件', 78, '车载配件');
# insert ignore into base_category_view (id, category1_id, category1_name, category2_id, category2_name, category3_id, category3_name) values (79, 2, '手机', 15, '手机配件', 79, 'iPhone 配件');
# insert ignore into base_category_view (id, category1_id, category1_name, category2_id, category2_name, category3_id, category3_name) values (80, 2, '手机', 15, '手机配件', 80, '手机电池');
# insert ignore into base_category_view (id, category1_id, category1_name, category2_id, category2_name, category3_id, category3_name) values (81, 2, '手机', 15, '手机配件', 81, '创意配件');
# insert ignore into base_category_view (id, category1_id, category1_name, category2_id, category2_name, category3_id, category3_name) values (82, 2, '手机', 15, '手机配件', 82, '便携/无线音响');
# insert ignore into base_category_view (id, category1_id, category1_name, category2_id, category2_name, category3_id, category3_name) values (83, 2, '手机', 15, '手机配件', 83, '手机饰品');
# insert ignore into base_category_view (id, category1_id, category1_name, category2_id, category2_name, category3_id, category3_name) values (84, 2, '手机', 15, '手机配件', 84, '拍照配件');
# insert ignore into base_category_view (id, category1_id, category1_name, category2_id, category2_name, category3_id, category3_name) values (85, 2, '手机', 15, '手机配件', 85, '手机支架');
# insert ignore into base_category_view (id, category1_id, category1_name, category2_id, category2_name, category3_id, category3_name) values (86, 3, '家用电器', 16, '大 家 电', 86, '平板电视');
# insert ignore into base_category_view (id, category1_id, category1_name, category2_id, category2_name, category3_id, category3_name) values (87, 3, '家用电器', 16, '大 家 电', 87, '空调');
# insert ignore into base_category_view (id, category1_id, category1_name, category2_id, category2_name, category3_id, category3_name) values (88, 3, '家用电器', 16, '大 家 电', 88, '冰箱');
# insert ignore into base_category_view (id, category1_id, category1_name, category2_id, category2_name, category3_id, category3_name) values (89, 3, '家用电器', 16, '大 家 电', 89, '洗衣机');
# insert ignore into base_category_view (id, category1_id, category1_name, category2_id, category2_name, category3_id, category3_name) values (90, 3, '家用电器', 16, '大 家 电', 90, '家庭影院');
# insert ignore into base_category_view (id, category1_id, category1_name, category2_id, category2_name, category3_id, category3_name) values (91, 3, '家用电器', 16, '大 家 电', 91, 'DVD/电视盒子');
# insert ignore into base_category_view (id, category1_id, category1_name, category2_id, category2_name, category3_id, category3_name) values (92, 3, '家用电器', 16, '大 家 电', 92, '迷你音响');
# insert ignore into base_category_view (id, category1_id, category1_name, category2_id, category2_name, category3_id, category3_name) values (93, 3, '家用电器', 16, '大 家 电', 93, '冷柜/冰吧');
# insert ignore into base_category_view (id, category1_id, category1_name, category2_id, category2_name, category3_id, category3_name) values (94, 3, '家用电器', 16, '大 家 电', 94, '家电配件');
# insert ignore into base_category_view (id, category1_id, category1_name, category2_id, category2_name, category3_id, category3_name) values (95, 3, '家用电器', 16, '大 家 电', 95, '功放');
# insert ignore into base_category_view (id, category1_id, category1_name, category2_id, category2_name, category3_id, category3_name) values (96, 3, '家用电器', 16, '大 家 电', 96, '回音壁/Soundbar');
# insert ignore into base_category_view (id, category1_id, category1_name, category2_id, category2_name, category3_id, category3_name) values (97, 3, '家用电器', 16, '大 家 电', 97, 'Hi-Fi专区');
# insert ignore into base_category_view (id, category1_id, category1_name, category2_id, category2_name, category3_id, category3_name) values (98, 3, '家用电器', 16, '大 家 电', 98, '电视盒子');
# insert ignore into base_category_view (id, category1_id, category1_name, category2_id, category2_name, category3_id, category3_name) values (99, 3, '家用电器', 16, '大 家 电', 99, '酒柜');
# insert ignore into base_category_view (id, category1_id, category1_name, category2_id, category2_name, category3_id, category3_name) values (100, 3, '家用电器', 17, '厨卫大电', 100, '燃气灶');
# insert ignore into base_category_view (id, category1_id, category1_name, category2_id, category2_name, category3_id, category3_name) values (101, 3, '家用电器', 17, '厨卫大电', 101, '油烟机');
# insert ignore into base_category_view (id, category1_id, category1_name, category2_id, category2_name, category3_id, category3_name) values (102, 3, '家用电器', 17, '厨卫大电', 102, '热水器');
# insert ignore into base_category_view (id, category1_id, category1_name, category2_id, category2_name, category3_id, category3_name) values (103, 3, '家用电器', 17, '厨卫大电', 103, '消毒柜');
# insert ignore into base_category_view (id, category1_id, category1_name, category2_id, category2_name, category3_id, category3_name) values (104, 3, '家用电器', 17, '厨卫大电', 104, '洗碗机');
# insert ignore into base_category_view (id, category1_id, category1_name, category2_id, category2_name, category3_id, category3_name) values (105, 3, '家用电器', 18, '厨房小电', 105, '料理机');
# insert ignore into base_category_view (id, category1_id, category1_name, category2_id, category2_name, category3_id, category3_name) values (106, 3, '家用电器', 18, '厨房小电', 106, '榨汁机');
# insert ignore into base_category_view (id, category1_id, category1_name, category2_id, category2_name, category3_id, category3_name) values (107, 3, '家用电器', 18, '厨房小电', 107, '电饭煲');
# insert ignore into base_category_view (id, category1_id, category1_name, category2_id, category2_name, category3_id, category3_name) values (108, 3, '家用电器', 18, '厨房小电', 108, '电压力锅');
# insert ignore into base_category_view (id, category1_id, category1_name, category2_id, category2_name, category3_id, category3_name) values (109, 3, '家用电器', 18, '厨房小电', 109, '豆浆机');
# insert ignore into base_category_view (id, category1_id, category1_name, category2_id, category2_name, category3_id, category3_name) values (110, 3, '家用电器', 18, '厨房小电', 110, '咖啡机');
# insert ignore into base_category_view (id, category1_id, category1_name, category2_id, category2_name, category3_id, category3_name) values (111, 3, '家用电器', 18, '厨房小电', 111, '微波炉');
# insert ignore into base_category_view (id, category1_id, category1_name, category2_id, category2_name, category3_id, category3_name) values (112, 3, '家用电器', 18, '厨房小电', 112, '电烤箱');
# insert ignore into base_category_view (id, category1_id, category1_name, category2_id, category2_name, category3_id, category3_name) values (113, 3, '家用电器', 18, '厨房小电', 113, '电磁炉');
# insert ignore into base_category_view (id, category1_id, category1_name, category2_id, category2_name, category3_id, category3_name) values (114, 3, '家用电器', 18, '厨房小电', 114, '面包机');
# insert ignore into base_category_view (id, category1_id, category1_name, category2_id, category2_name, category3_id, category3_name) values (115, 3, '家用电器', 18, '厨房小电', 115, '煮蛋器');
# insert ignore into base_category_view (id, category1_id, category1_name, category2_id, category2_name, category3_id, category3_name) values (116, 3, '家用电器', 18, '厨房小电', 116, '酸奶机');
# insert ignore into base_category_view (id, category1_id, category1_name, category2_id, category2_name, category3_id, category3_name) values (117, 3, '家用电器', 18, '厨房小电', 117, '电炖锅');
# insert ignore into base_category_view (id, category1_id, category1_name, category2_id, category2_name, category3_id, category3_name) values (118, 3, '家用电器', 18, '厨房小电', 118, '电水壶/热水瓶');
# insert ignore into base_category_view (id, category1_id, category1_name, category2_id, category2_name, category3_id, category3_name) values (119, 3, '家用电器', 18, '厨房小电', 119, '电饼铛');
# insert ignore into base_category_view (id, category1_id, category1_name, category2_id, category2_name, category3_id, category3_name) values (120, 3, '家用电器', 18, '厨房小电', 120, '多用途锅');
# insert ignore into base_category_view (id, category1_id, category1_name, category2_id, category2_name, category3_id, category3_name) values (121, 3, '家用电器', 18, '厨房小电', 121, '电烧烤炉');
# insert ignore into base_category_view (id, category1_id, category1_name, category2_id, category2_name, category3_id, category3_name) values (122, 3, '家用电器', 18, '厨房小电', 122, '果蔬解毒机');
# insert ignore into base_category_view (id, category1_id, category1_name, category2_id, category2_name, category3_id, category3_name) values (123, 3, '家用电器', 18, '厨房小电', 123, '其它厨房电器');
# insert ignore into base_category_view (id, category1_id, category1_name, category2_id, category2_name, category3_id, category3_name) values (124, 3, '家用电器', 18, '厨房小电', 124, '养生壶/煎药壶');
# insert ignore into base_category_view (id, category1_id, category1_name, category2_id, category2_name, category3_id, category3_name) values (125, 3, '家用电器', 18, '厨房小电', 125, '电热饭盒');
# insert ignore into base_category_view (id, category1_id, category1_name, category2_id, category2_name, category3_id, category3_name) values (126, 3, '家用电器', 19, '生活电器', 126, '取暖电器');
# insert ignore into base_category_view (id, category1_id, category1_name, category2_id, category2_name, category3_id, category3_name) values (127, 3, '家用电器', 19, '生活电器', 127, '净化器');
# insert ignore into base_category_view (id, category1_id, category1_name, category2_id, category2_name, category3_id, category3_name) values (128, 3, '家用电器', 19, '生活电器', 128, '加湿器');
# insert ignore into base_category_view (id, category1_id, category1_name, category2_id, category2_name, category3_id, category3_name) values (129, 3, '家用电器', 19, '生活电器', 129, '扫地机器人');
# insert ignore into base_category_view (id, category1_id, category1_name, category2_id, category2_name, category3_id, category3_name) values (130, 3, '家用电器', 19, '生活电器', 130, '吸尘器');
# insert ignore into base_category_view (id, category1_id, category1_name, category2_id, category2_name, category3_id, category3_name) values (131, 3, '家用电器', 19, '生活电器', 131, '挂烫机/熨斗');
# insert ignore into base_category_view (id, category1_id, category1_name, category2_id, category2_name, category3_id, category3_name) values (132, 3, '家用电器', 19, '生活电器', 132, '插座');
# insert ignore into base_category_view (id, category1_id, category1_name, category2_id, category2_name, category3_id, category3_name) values (133, 3, '家用电器', 19, '生活电器', 133, '电话机');
# insert ignore into base_category_view (id, category1_id, category1_name, category2_id, category2_name, category3_id, category3_name) values (134, 3, '家用电器', 19, '生活电器', 134, '清洁机');
# insert ignore into base_category_view (id, category1_id, category1_name, category2_id, category2_name, category3_id, category3_name) values (135, 3, '家用电器', 19, '生活电器', 135, '除湿机');
# insert ignore into base_category_view (id, category1_id, category1_name, category2_id, category2_name, category3_id, category3_name) values (136, 3, '家用电器', 19, '生活电器', 136, '干衣机');
# insert ignore into base_category_view (id, category1_id, category1_name, category2_id, category2_name, category3_id, category3_name) values (137, 3, '家用电器', 19, '生活电器', 137, '收录/音机');
# insert ignore into base_category_view (id, category1_id, category1_name, category2_id, category2_name, category3_id, category3_name) values (138, 3, '家用电器', 19, '生活电器', 138, '电风扇');
# insert ignore into base_category_view (id, category1_id, category1_name, category2_id, category2_name, category3_id, category3_name) values (139, 3, '家用电器', 19, '生活电器', 139, '冷风扇');
# insert ignore into base_category_view (id, category1_id, category1_name, category2_id, category2_name, category3_id, category3_name) values (140, 3, '家用电器', 19, '生活电器', 140, '其它生活电器');
# insert ignore into base_category_view (id, category1_id, category1_name, category2_id, category2_name, category3_id, category3_name) values (141, 3, '家用电器', 19, '生活电器', 141, '生活电器配件');
# insert ignore into base_category_view (id, category1_id, category1_name, category2_id, category2_name, category3_id, category3_name) values (142, 3, '家用电器', 19, '生活电器', 142, '净水器');
# insert ignore into base_category_view (id, category1_id, category1_name, category2_id, category2_name, category3_id, category3_name) values (143, 3, '家用电器', 19, '生活电器', 143, '饮水机');
# insert ignore into base_category_view (id, category1_id, category1_name, category2_id, category2_name, category3_id, category3_name) values (144, 3, '家用电器', 20, '个护健康', 144, '剃须刀');
# insert ignore into base_category_view (id, category1_id, category1_name, category2_id, category2_name, category3_id, category3_name) values (145, 3, '家用电器', 20, '个护健康', 145, '剃/脱毛器');
# insert ignore into base_category_view (id, category1_id, category1_name, category2_id, category2_name, category3_id, category3_name) values (146, 3, '家用电器', 20, '个护健康', 146, '口腔护理');
# insert ignore into base_category_view (id, category1_id, category1_name, category2_id, category2_name, category3_id, category3_name) values (147, 3, '家用电器', 20, '个护健康', 147, '电吹风');
# insert ignore into base_category_view (id, category1_id, category1_name, category2_id, category2_name, category3_id, category3_name) values (148, 3, '家用电器', 20, '个护健康', 148, '美容器');
# insert ignore into base_category_view (id, category1_id, category1_name, category2_id, category2_name, category3_id, category3_name) values (149, 3, '家用电器', 20, '个护健康', 149, '理发器');
# insert ignore into base_category_view (id, category1_id, category1_name, category2_id, category2_name, category3_id, category3_name) values (150, 3, '家用电器', 20, '个护健康', 150, '卷/直发器');
# insert ignore into base_category_view (id, category1_id, category1_name, category2_id, category2_name, category3_id, category3_name) values (151, 3, '家用电器', 20, '个护健康', 151, '按摩椅');
# insert ignore into base_category_view (id, category1_id, category1_name, category2_id, category2_name, category3_id, category3_name) values (152, 3, '家用电器', 20, '个护健康', 152, '按摩器');
# insert ignore into base_category_view (id, category1_id, category1_name, category2_id, category2_name, category3_id, category3_name) values (153, 3, '家用电器', 20, '个护健康', 153, '足浴盆');
# insert ignore into base_category_view (id, category1_id, category1_name, category2_id, category2_name, category3_id, category3_name) values (154, 3, '家用电器', 20, '个护健康', 154, '血压计');
# insert ignore into base_category_view (id, category1_id, category1_name, category2_id, category2_name, category3_id, category3_name) values (155, 3, '家用电器', 20, '个护健康', 155, '电子秤/厨房秤');
# insert ignore into base_category_view (id, category1_id, category1_name, category2_id, category2_name, category3_id, category3_name) values (156, 3, '家用电器', 20, '个护健康', 156, '血糖仪');
# insert ignore into base_category_view (id, category1_id, category1_name, category2_id, category2_name, category3_id, category3_name) values (157, 3, '家用电器', 20, '个护健康', 157, '体温计');
# insert ignore into base_category_view (id, category1_id, category1_name, category2_id, category2_name, category3_id, category3_name) values (158, 3, '家用电器', 20, '个护健康', 158, '其它健康电器');
# insert ignore into base_category_view (id, category1_id, category1_name, category2_id, category2_name, category3_id, category3_name) values (159, 3, '家用电器', 20, '个护健康', 159, '计步器/脂肪检测仪');
# insert ignore into base_category_view (id, category1_id, category1_name, category2_id, category2_name, category3_id, category3_name) values (160, 3, '家用电器', 21, '五金家装', 160, '电动工具');
# insert ignore into base_category_view (id, category1_id, category1_name, category2_id, category2_name, category3_id, category3_name) values (161, 3, '家用电器', 21, '五金家装', 161, '手动工具');
# insert ignore into base_category_view (id, category1_id, category1_name, category2_id, category2_name, category3_id, category3_name) values (162, 3, '家用电器', 21, '五金家装', 162, '仪器仪表');
# insert ignore into base_category_view (id, category1_id, category1_name, category2_id, category2_name, category3_id, category3_name) values (163, 3, '家用电器', 21, '五金家装', 163, '浴霸/排气扇');
# insert ignore into base_category_view (id, category1_id, category1_name, category2_id, category2_name, category3_id, category3_name) values (164, 3, '家用电器', 21, '五金家装', 164, '灯具');
# insert ignore into base_category_view (id, category1_id, category1_name, category2_id, category2_name, category3_id, category3_name) values (165, 3, '家用电器', 21, '五金家装', 165, 'LED灯');
# insert ignore into base_category_view (id, category1_id, category1_name, category2_id, category2_name, category3_id, category3_name) values (166, 3, '家用电器', 21, '五金家装', 166, '洁身器');
# insert ignore into base_category_view (id, category1_id, category1_name, category2_id, category2_name, category3_id, category3_name) values (167, 3, '家用电器', 21, '五金家装', 167, '水槽');
# insert ignore into base_category_view (id, category1_id, category1_name, category2_id, category2_name, category3_id, category3_name) values (168, 3, '家用电器', 21, '五金家装', 168, '龙头');
# insert ignore into base_category_view (id, category1_id, category1_name, category2_id, category2_name, category3_id, category3_name) values (169, 3, '家用电器', 21, '五金家装', 169, '淋浴花洒');
# insert ignore into base_category_view (id, category1_id, category1_name, category2_id, category2_name, category3_id, category3_name) values (170, 3, '家用电器', 21, '五金家装', 170, '厨卫五金');
# insert ignore into base_category_view (id, category1_id, category1_name, category2_id, category2_name, category3_id, category3_name) values (171, 3, '家用电器', 21, '五金家装', 171, '家具五金');
# insert ignore into base_category_view (id, category1_id, category1_name, category2_id, category2_name, category3_id, category3_name) values (172, 3, '家用电器', 21, '五金家装', 172, '门铃');
# insert ignore into base_category_view (id, category1_id, category1_name, category2_id, category2_name, category3_id, category3_name) values (173, 3, '家用电器', 21, '五金家装', 173, '电气开关');
# insert ignore into base_category_view (id, category1_id, category1_name, category2_id, category2_name, category3_id, category3_name) values (174, 3, '家用电器', 21, '五金家装', 174, '插座');
# insert ignore into base_category_view (id, category1_id, category1_name, category2_id, category2_name, category3_id, category3_name) values (175, 3, '家用电器', 21, '五金家装', 175, '电工电料');
# insert ignore into base_category_view (id, category1_id, category1_name, category2_id, category2_name, category3_id, category3_name) values (176, 3, '家用电器', 21, '五金家装', 176, '监控安防');
# insert ignore into base_category_view (id, category1_id, category1_name, category2_id, category2_name, category3_id, category3_name) values (177, 3, '家用电器', 21, '五金家装', 177, '电线/线缆');
# insert ignore into base_category_view (id, category1_id, category1_name, category2_id, category2_name, category3_id, category3_name) values (178, 4, '数码', 22, '摄影摄像', 178, '数码相机');
# insert ignore into base_category_view (id, category1_id, category1_name, category2_id, category2_name, category3_id, category3_name) values (179, 4, '数码', 22, '摄影摄像', 179, '单电/微单相机');
# insert ignore into base_category_view (id, category1_id, category1_name, category2_id, category2_name, category3_id, category3_name) values (180, 4, '数码', 22, '摄影摄像', 180, '单反相机');
# insert ignore into base_category_view (id, category1_id, category1_name, category2_id, category2_name, category3_id, category3_name) values (181, 4, '数码', 22, '摄影摄像', 181, '摄像机');
# insert ignore into base_category_view (id, category1_id, category1_name, category2_id, category2_name, category3_id, category3_name) values (182, 4, '数码', 22, '摄影摄像', 182, '拍立得');
# insert ignore into base_category_view (id, category1_id, category1_name, category2_id, category2_name, category3_id, category3_name) values (183, 4, '数码', 22, '摄影摄像', 183, '运动相机');
# insert ignore into base_category_view (id, category1_id, category1_name, category2_id, category2_name, category3_id, category3_name) values (184, 4, '数码', 22, '摄影摄像', 184, '镜头');
# insert ignore into base_category_view (id, category1_id, category1_name, category2_id, category2_name, category3_id, category3_name) values (185, 4, '数码', 22, '摄影摄像', 185, '户外器材');
# insert ignore into base_category_view (id, category1_id, category1_name, category2_id, category2_name, category3_id, category3_name) values (186, 4, '数码', 22, '摄影摄像', 186, '影棚器材');
# insert ignore into base_category_view (id, category1_id, category1_name, category2_id, category2_name, category3_id, category3_name) values (187, 4, '数码', 22, '摄影摄像', 187, '冲印服务');
# insert ignore into base_category_view (id, category1_id, category1_name, category2_id, category2_name, category3_id, category3_name) values (188, 4, '数码', 22, '摄影摄像', 188, '数码相框');
# insert ignore into base_category_view (id, category1_id, category1_name, category2_id, category2_name, category3_id, category3_name) values (189, 4, '数码', 23, '数码配件', 189, '存储卡');
# insert ignore into base_category_view (id, category1_id, category1_name, category2_id, category2_name, category3_id, category3_name) values (190, 4, '数码', 23, '数码配件', 190, '读卡器');
# insert ignore into base_category_view (id, category1_id, category1_name, category2_id, category2_name, category3_id, category3_name) values (191, 4, '数码', 23, '数码配件', 191, '滤镜');
# insert ignore into base_category_view (id, category1_id, category1_name, category2_id, category2_name, category3_id, category3_name) values (192, 4, '数码', 23, '数码配件', 192, '闪光灯/手柄');
# insert ignore into base_category_view (id, category1_id, category1_name, category2_id, category2_name, category3_id, category3_name) values (193, 4, '数码', 23, '数码配件', 193, '相机包');
# insert ignore into base_category_view (id, category1_id, category1_name, category2_id, category2_name, category3_id, category3_name) values (194, 4, '数码', 23, '数码配件', 194, '三脚架/云台');
# insert ignore into base_category_view (id, category1_id, category1_name, category2_id, category2_name, category3_id, category3_name) values (195, 4, '数码', 23, '数码配件', 195, '相机清洁/贴膜');
# insert ignore into base_category_view (id, category1_id, category1_name, category2_id, category2_name, category3_id, category3_name) values (196, 4, '数码', 23, '数码配件', 196, '机身附件');
# insert ignore into base_category_view (id, category1_id, category1_name, category2_id, category2_name, category3_id, category3_name) values (197, 4, '数码', 23, '数码配件', 197, '镜头附件');
# insert ignore into base_category_view (id, category1_id, category1_name, category2_id, category2_name, category3_id, category3_name) values (198, 4, '数码', 23, '数码配件', 198, '电池/充电器');
# insert ignore into base_category_view (id, category1_id, category1_name, category2_id, category2_name, category3_id, category3_name) values (199, 4, '数码', 23, '数码配件', 199, '移动电源');
# insert ignore into base_category_view (id, category1_id, category1_name, category2_id, category2_name, category3_id, category3_name) values (200, 4, '数码', 23, '数码配件', 200, '数码支架');
# insert ignore into base_category_view (id, category1_id, category1_name, category2_id, category2_name, category3_id, category3_name) values (201, 4, '数码', 24, '智能设备', 201, '智能手环');
# insert ignore into base_category_view (id, category1_id, category1_name, category2_id, category2_name, category3_id, category3_name) values (202, 4, '数码', 24, '智能设备', 202, '智能手表');
# insert ignore into base_category_view (id, category1_id, category1_name, category2_id, category2_name, category3_id, category3_name) values (203, 4, '数码', 24, '智能设备', 203, '智能眼镜');
# insert ignore into base_category_view (id, category1_id, category1_name, category2_id, category2_name, category3_id, category3_name) values (204, 4, '数码', 24, '智能设备', 204, '运动跟踪器');
# insert ignore into base_category_view (id, category1_id, category1_name, category2_id, category2_name, category3_id, category3_name) values (205, 4, '数码', 24, '智能设备', 205, '健康监测');
# insert ignore into base_category_view (id, category1_id, category1_name, category2_id, category2_name, category3_id, category3_name) values (206, 4, '数码', 24, '智能设备', 206, '智能配饰');
# insert ignore into base_category_view (id, category1_id, category1_name, category2_id, category2_name, category3_id, category3_name) values (207, 4, '数码', 24, '智能设备', 207, '智能家居');
# insert ignore into base_category_view (id, category1_id, category1_name, category2_id, category2_name, category3_id, category3_name) values (208, 4, '数码', 24, '智能设备', 208, '体感车');
# insert ignore into base_category_view (id, category1_id, category1_name, category2_id, category2_name, category3_id, category3_name) values (209, 4, '数码', 24, '智能设备', 209, '其他配件');
# insert ignore into base_category_view (id, category1_id, category1_name, category2_id, category2_name, category3_id, category3_name) values (210, 4, '数码', 24, '智能设备', 210, '智能机器人');
# insert ignore into base_category_view (id, category1_id, category1_name, category2_id, category2_name, category3_id, category3_name) values (211, 4, '数码', 24, '智能设备', 211, '无人机');
# insert ignore into base_category_view (id, category1_id, category1_name, category2_id, category2_name, category3_id, category3_name) values (212, 4, '数码', 25, '影音娱乐', 212, 'MP3/MP4');
# insert ignore into base_category_view (id, category1_id, category1_name, category2_id, category2_name, category3_id, category3_name) values (213, 4, '数码', 25, '影音娱乐', 213, '智能设备');
# insert ignore into base_category_view (id, category1_id, category1_name, category2_id, category2_name, category3_id, category3_name) values (214, 4, '数码', 25, '影音娱乐', 214, '耳机/耳麦');
# insert ignore into base_category_view (id, category1_id, category1_name, category2_id, category2_name, category3_id, category3_name) values (215, 4, '数码', 25, '影音娱乐', 215, '便携/无线音箱');
# insert ignore into base_category_view (id, category1_id, category1_name, category2_id, category2_name, category3_id, category3_name) values (216, 4, '数码', 25, '影音娱乐', 216, '音箱/音响');
# insert ignore into base_category_view (id, category1_id, category1_name, category2_id, category2_name, category3_id, category3_name) values (217, 4, '数码', 25, '影音娱乐', 217, '高清播放器');
# insert ignore into base_category_view (id, category1_id, category1_name, category2_id, category2_name, category3_id, category3_name) values (218, 4, '数码', 25, '影音娱乐', 218, '收音机');
# insert ignore into base_category_view (id, category1_id, category1_name, category2_id, category2_name, category3_id, category3_name) values (219, 4, '数码', 25, '影音娱乐', 219, 'MP3/MP4配件');
# insert ignore into base_category_view (id, category1_id, category1_name, category2_id, category2_name, category3_id, category3_name) values (220, 4, '数码', 25, '影音娱乐', 220, '麦克风');
# insert ignore into base_category_view (id, category1_id, category1_name, category2_id, category2_name, category3_id, category3_name) values (221, 4, '数码', 25, '影音娱乐', 221, '专业音频');
# insert ignore into base_category_view (id, category1_id, category1_name, category2_id, category2_name, category3_id, category3_name) values (222, 4, '数码', 25, '影音娱乐', 222, '苹果配件');
# insert ignore into base_category_view (id, category1_id, category1_name, category2_id, category2_name, category3_id, category3_name) values (223, 4, '数码', 26, '电子教育', 223, '学生平板');
# insert ignore into base_category_view (id, category1_id, category1_name, category2_id, category2_name, category3_id, category3_name) values (224, 4, '数码', 26, '电子教育', 224, '点读机/笔');
# insert ignore into base_category_view (id, category1_id, category1_name, category2_id, category2_name, category3_id, category3_name) values (225, 4, '数码', 26, '电子教育', 225, '早教益智');
# insert ignore into base_category_view (id, category1_id, category1_name, category2_id, category2_name, category3_id, category3_name) values (226, 4, '数码', 26, '电子教育', 226, '录音笔');
# insert ignore into base_category_view (id, category1_id, category1_name, category2_id, category2_name, category3_id, category3_name) values (227, 4, '数码', 26, '电子教育', 227, '电纸书');
# insert ignore into base_category_view (id, category1_id, category1_name, category2_id, category2_name, category3_id, category3_name) values (228, 4, '数码', 26, '电子教育', 228, '电子词典');
# insert ignore into base_category_view (id, category1_id, category1_name, category2_id, category2_name, category3_id, category3_name) values (229, 4, '数码', 26, '电子教育', 229, '复读机');
# insert ignore into base_category_view (id, category1_id, category1_name, category2_id, category2_name, category3_id, category3_name) values (230, 4, '数码', 27, '虚拟商品', 230, '延保服务');
# insert ignore into base_category_view (id, category1_id, category1_name, category2_id, category2_name, category3_id, category3_name) values (231, 4, '数码', 27, '虚拟商品', 231, '杀毒软件');
# insert ignore into base_category_view (id, category1_id, category1_name, category2_id, category2_name, category3_id, category3_name) values (232, 4, '数码', 27, '虚拟商品', 232, '积分商品');
# insert ignore into base_category_view (id, category1_id, category1_name, category2_id, category2_name, category3_id, category3_name) values (233, 5, '家居家装', 28, '家纺', 233, '桌布/罩件');
# insert ignore into base_category_view (id, category1_id, category1_name, category2_id, category2_name, category3_id, category3_name) values (234, 5, '家居家装', 28, '家纺', 234, '地毯地垫');
# insert ignore into base_category_view (id, category1_id, category1_name, category2_id, category2_name, category3_id, category3_name) values (235, 5, '家居家装', 28, '家纺', 235, '沙发垫套/椅垫');
# insert ignore into base_category_view (id, category1_id, category1_name, category2_id, category2_name, category3_id, category3_name) values (236, 5, '家居家装', 28, '家纺', 236, '床品套件');
# insert ignore into base_category_view (id, category1_id, category1_name, category2_id, category2_name, category3_id, category3_name) values (237, 5, '家居家装', 28, '家纺', 237, '被子');
# insert ignore into base_category_view (id, category1_id, category1_name, category2_id, category2_name, category3_id, category3_name) values (238, 5, '家居家装', 28, '家纺', 238, '枕芯');
# insert ignore into base_category_view (id, category1_id, category1_name, category2_id, category2_name, category3_id, category3_name) values (239, 5, '家居家装', 28, '家纺', 239, '床单被罩');
# insert ignore into base_category_view (id, category1_id, category1_name, category2_id, category2_name, category3_id, category3_name) values (240, 5, '家居家装', 28, '家纺', 240, '毯子');
# insert ignore into base_category_view (id, category1_id, category1_name, category2_id, category2_name, category3_id, category3_name) values (241, 5, '家居家装', 28, '家纺', 241, '床垫/床褥');
# insert ignore into base_category_view (id, category1_id, category1_name, category2_id, category2_name, category3_id, category3_name) values (242, 5, '家居家装', 28, '家纺', 242, '蚊帐');
# insert ignore into base_category_view (id, category1_id, category1_name, category2_id, category2_name, category3_id, category3_name) values (243, 5, '家居家装', 28, '家纺', 243, '抱枕靠垫');
# insert ignore into base_category_view (id, category1_id, category1_name, category2_id, category2_name, category3_id, category3_name) values (244, 5, '家居家装', 28, '家纺', 244, '毛巾浴巾');
# insert ignore into base_category_view (id, category1_id, category1_name, category2_id, category2_name, category3_id, category3_name) values (245, 5, '家居家装', 28, '家纺', 245, '电热毯');
# insert ignore into base_category_view (id, category1_id, category1_name, category2_id, category2_name, category3_id, category3_name) values (246, 5, '家居家装', 28, '家纺', 246, '窗帘/窗纱');
# insert ignore into base_category_view (id, category1_id, category1_name, category2_id, category2_name, category3_id, category3_name) values (247, 5, '家居家装', 28, '家纺', 247, '布艺软饰');
# insert ignore into base_category_view (id, category1_id, category1_name, category2_id, category2_name, category3_id, category3_name) values (248, 5, '家居家装', 28, '家纺', 248, '凉席');
# insert ignore into base_category_view (id, category1_id, category1_name, category2_id, category2_name, category3_id, category3_name) values (249, 5, '家居家装', 29, '灯具', 249, '台灯');
# insert ignore into base_category_view (id, category1_id, category1_name, category2_id, category2_name, category3_id, category3_name) values (250, 5, '家居家装', 29, '灯具', 250, '节能灯');
# insert ignore into base_category_view (id, category1_id, category1_name, category2_id, category2_name, category3_id, category3_name) values (251, 5, '家居家装', 29, '灯具', 251, '装饰灯');
# insert ignore into base_category_view (id, category1_id, category1_name, category2_id, category2_name, category3_id, category3_name) values (252, 5, '家居家装', 29, '灯具', 252, '落地灯');
# insert ignore into base_category_view (id, category1_id, category1_name, category2_id, category2_name, category3_id, category3_name) values (253, 5, '家居家装', 29, '灯具', 253, '应急灯/手电');
# insert ignore into base_category_view (id, category1_id, category1_name, category2_id, category2_name, category3_id, category3_name) values (254, 5, '家居家装', 29, '灯具', 254, 'LED灯');
# insert ignore into base_category_view (id, category1_id, category1_name, category2_id, category2_name, category3_id, category3_name) values (255, 5, '家居家装', 29, '灯具', 255, '吸顶灯');
# insert ignore into base_category_view (id, category1_id, category1_name, category2_id, category2_name, category3_id, category3_name) values (256, 5, '家居家装', 29, '灯具', 256, '五金电器');
# insert ignore into base_category_view (id, category1_id, category1_name, category2_id, category2_name, category3_id, category3_name) values (257, 5, '家居家装', 29, '灯具', 257, '筒灯射灯');
# insert ignore into base_category_view (id, category1_id, category1_name, category2_id, category2_name, category3_id, category3_name) values (258, 5, '家居家装', 29, '灯具', 258, '吊灯');
# insert ignore into base_category_view (id, category1_id, category1_name, category2_id, category2_name, category3_id, category3_name) values (259, 5, '家居家装', 29, '灯具', 259, '氛围照明');
# insert ignore into base_category_view (id, category1_id, category1_name, category2_id, category2_name, category3_id, category3_name) values (260, 5, '家居家装', 30, '生活日用', 260, '保暖防护');
# insert ignore into base_category_view (id, category1_id, category1_name, category2_id, category2_name, category3_id, category3_name) values (261, 5, '家居家装', 30, '生活日用', 261, '收纳用品');
# insert ignore into base_category_view (id, category1_id, category1_name, category2_id, category2_name, category3_id, category3_name) values (262, 5, '家居家装', 30, '生活日用', 262, '雨伞雨具');
# insert ignore into base_category_view (id, category1_id, category1_name, category2_id, category2_name, category3_id, category3_name) values (263, 5, '家居家装', 30, '生活日用', 263, '浴室用品');
# insert ignore into base_category_view (id, category1_id, category1_name, category2_id, category2_name, category3_id, category3_name) values (264, 5, '家居家装', 30, '生活日用', 264, '缝纫/针织用品');
# insert ignore into base_category_view (id, category1_id, category1_name, category2_id, category2_name, category3_id, category3_name) values (265, 5, '家居家装', 30, '生活日用', 265, '洗晒/熨烫');
# insert ignore into base_category_view (id, category1_id, category1_name, category2_id, category2_name, category3_id, category3_name) values (266, 5, '家居家装', 30, '生活日用', 266, '净化除味');
# insert ignore into base_category_view (id, category1_id, category1_name, category2_id, category2_name, category3_id, category3_name) values (267, 5, '家居家装', 31, '家装软饰', 267, '相框/照片墙');
# insert ignore into base_category_view (id, category1_id, category1_name, category2_id, category2_name, category3_id, category3_name) values (268, 5, '家居家装', 31, '家装软饰', 268, '装饰字画');
# insert ignore into base_category_view (id, category1_id, category1_name, category2_id, category2_name, category3_id, category3_name) values (269, 5, '家居家装', 31, '家装软饰', 269, '节庆饰品');
# insert ignore into base_category_view (id, category1_id, category1_name, category2_id, category2_name, category3_id, category3_name) values (270, 5, '家居家装', 31, '家装软饰', 270, '手工/十字绣');
# insert ignore into base_category_view (id, category1_id, category1_name, category2_id, category2_name, category3_id, category3_name) values (271, 5, '家居家装', 31, '家装软饰', 271, '装饰摆件');
# insert ignore into base_category_view (id, category1_id, category1_name, category2_id, category2_name, category3_id, category3_name) values (272, 5, '家居家装', 31, '家装软饰', 272, '帘艺隔断');
# insert ignore into base_category_view (id, category1_id, category1_name, category2_id, category2_name, category3_id, category3_name) values (273, 5, '家居家装', 31, '家装软饰', 273, '墙贴/装饰贴');
# insert ignore into base_category_view (id, category1_id, category1_name, category2_id, category2_name, category3_id, category3_name) values (274, 5, '家居家装', 31, '家装软饰', 274, '钟饰');
# insert ignore into base_category_view (id, category1_id, category1_name, category2_id, category2_name, category3_id, category3_name) values (275, 5, '家居家装', 31, '家装软饰', 275, '花瓶花艺');
# insert ignore into base_category_view (id, category1_id, category1_name, category2_id, category2_name, category3_id, category3_name) values (276, 5, '家居家装', 31, '家装软饰', 276, '香薰蜡烛');
# insert ignore into base_category_view (id, category1_id, category1_name, category2_id, category2_name, category3_id, category3_name) values (277, 5, '家居家装', 31, '家装软饰', 277, '创意家居');
# insert ignore into base_category_view (id, category1_id, category1_name, category2_id, category2_name, category3_id, category3_name) values (278, 5, '家居家装', 32, '宠物生活', 278, '宠物主粮');
# insert ignore into base_category_view (id, category1_id, category1_name, category2_id, category2_name, category3_id, category3_name) values (279, 5, '家居家装', 32, '宠物生活', 279, '宠物零食');
# insert ignore into base_category_view (id, category1_id, category1_name, category2_id, category2_name, category3_id, category3_name) values (280, 5, '家居家装', 32, '宠物生活', 280, '医疗保健');
# insert ignore into base_category_view (id, category1_id, category1_name, category2_id, category2_name, category3_id, category3_name) values (281, 5, '家居家装', 32, '宠物生活', 281, '家居日用');
# insert ignore into base_category_view (id, category1_id, category1_name, category2_id, category2_name, category3_id, category3_name) values (282, 5, '家居家装', 32, '宠物生活', 282, '宠物玩具');
# insert ignore into base_category_view (id, category1_id, category1_name, category2_id, category2_name, category3_id, category3_name) values (283, 5, '家居家装', 32, '宠物生活', 283, '出行装备');
# insert ignore into base_category_view (id, category1_id, category1_name, category2_id, category2_name, category3_id, category3_name) values (284, 5, '家居家装', 32, '宠物生活', 284, '洗护美容');
# insert ignore into base_category_view (id, category1_id, category1_name, category2_id, category2_name, category3_id, category3_name) values (285, 6, '电脑办公', 33, '电脑整机', 285, '笔记本');
# insert ignore into base_category_view (id, category1_id, category1_name, category2_id, category2_name, category3_id, category3_name) values (286, 6, '电脑办公', 33, '电脑整机', 286, '超极本');
# insert ignore into base_category_view (id, category1_id, category1_name, category2_id, category2_name, category3_id, category3_name) values (287, 6, '电脑办公', 33, '电脑整机', 287, '游戏本');
# insert ignore into base_category_view (id, category1_id, category1_name, category2_id, category2_name, category3_id, category3_name) values (288, 6, '电脑办公', 33, '电脑整机', 288, '平板电脑');
# insert ignore into base_category_view (id, category1_id, category1_name, category2_id, category2_name, category3_id, category3_name) values (289, 6, '电脑办公', 33, '电脑整机', 289, '平板电脑配件');
# insert ignore into base_category_view (id, category1_id, category1_name, category2_id, category2_name, category3_id, category3_name) values (290, 6, '电脑办公', 33, '电脑整机', 290, '台式机');
# insert ignore into base_category_view (id, category1_id, category1_name, category2_id, category2_name, category3_id, category3_name) values (291, 6, '电脑办公', 33, '电脑整机', 291, '服务器/工作站');
# insert ignore into base_category_view (id, category1_id, category1_name, category2_id, category2_name, category3_id, category3_name) values (292, 6, '电脑办公', 33, '电脑整机', 292, '笔记本配件');
# insert ignore into base_category_view (id, category1_id, category1_name, category2_id, category2_name, category3_id, category3_name) values (293, 6, '电脑办公', 33, '电脑整机', 293, '一体机');
# insert ignore into base_category_view (id, category1_id, category1_name, category2_id, category2_name, category3_id, category3_name) values (294, 6, '电脑办公', 34, '电脑配件', 294, 'CPU');
# insert ignore into base_category_view (id, category1_id, category1_name, category2_id, category2_name, category3_id, category3_name) values (295, 6, '电脑办公', 34, '电脑配件', 295, '主板');
# insert ignore into base_category_view (id, category1_id, category1_name, category2_id, category2_name, category3_id, category3_name) values (296, 6, '电脑办公', 34, '电脑配件', 296, '显卡');
# insert ignore into base_category_view (id, category1_id, category1_name, category2_id, category2_name, category3_id, category3_name) values (297, 6, '电脑办公', 34, '电脑配件', 297, '硬盘');
# insert ignore into base_category_view (id, category1_id, category1_name, category2_id, category2_name, category3_id, category3_name) values (298, 6, '电脑办公', 34, '电脑配件', 298, 'SSD固态硬盘');
# insert ignore into base_category_view (id, category1_id, category1_name, category2_id, category2_name, category3_id, category3_name) values (299, 6, '电脑办公', 34, '电脑配件', 299, '内存');
# insert ignore into base_category_view (id, category1_id, category1_name, category2_id, category2_name, category3_id, category3_name) values (300, 6, '电脑办公', 34, '电脑配件', 300, '机箱');
# insert ignore into base_category_view (id, category1_id, category1_name, category2_id, category2_name, category3_id, category3_name) values (301, 6, '电脑办公', 34, '电脑配件', 301, '电源');
# insert ignore into base_category_view (id, category1_id, category1_name, category2_id, category2_name, category3_id, category3_name) values (302, 6, '电脑办公', 34, '电脑配件', 302, '显示器');
# insert ignore into base_category_view (id, category1_id, category1_name, category2_id, category2_name, category3_id, category3_name) values (303, 6, '电脑办公', 34, '电脑配件', 303, '刻录机/光驱');
# insert ignore into base_category_view (id, category1_id, category1_name, category2_id, category2_name, category3_id, category3_name) values (304, 6, '电脑办公', 34, '电脑配件', 304, '散热器');
# insert ignore into base_category_view (id, category1_id, category1_name, category2_id, category2_name, category3_id, category3_name) values (305, 6, '电脑办公', 34, '电脑配件', 305, '声卡/扩展卡');
# insert ignore into base_category_view (id, category1_id, category1_name, category2_id, category2_name, category3_id, category3_name) values (306, 6, '电脑办公', 34, '电脑配件', 306, '装机配件');
# insert ignore into base_category_view (id, category1_id, category1_name, category2_id, category2_name, category3_id, category3_name) values (307, 6, '电脑办公', 34, '电脑配件', 307, '组装电脑');
# insert ignore into base_category_view (id, category1_id, category1_name, category2_id, category2_name, category3_id, category3_name) values (308, 6, '电脑办公', 35, '外设产品', 308, '移动硬盘');
# insert ignore into base_category_view (id, category1_id, category1_name, category2_id, category2_name, category3_id, category3_name) values (309, 6, '电脑办公', 35, '外设产品', 309, 'U盘');
# insert ignore into base_category_view (id, category1_id, category1_name, category2_id, category2_name, category3_id, category3_name) values (310, 6, '电脑办公', 35, '外设产品', 310, '鼠标');
# insert ignore into base_category_view (id, category1_id, category1_name, category2_id, category2_name, category3_id, category3_name) values (311, 6, '电脑办公', 35, '外设产品', 311, '键盘');
# insert ignore into base_category_view (id, category1_id, category1_name, category2_id, category2_name, category3_id, category3_name) values (312, 6, '电脑办公', 35, '外设产品', 312, '鼠标垫');
# insert ignore into base_category_view (id, category1_id, category1_name, category2_id, category2_name, category3_id, category3_name) values (313, 6, '电脑办公', 35, '外设产品', 313, '摄像头');
# insert ignore into base_category_view (id, category1_id, category1_name, category2_id, category2_name, category3_id, category3_name) values (314, 6, '电脑办公', 35, '外设产品', 314, '手写板');
# insert ignore into base_category_view (id, category1_id, category1_name, category2_id, category2_name, category3_id, category3_name) values (315, 6, '电脑办公', 35, '外设产品', 315, '硬盘盒');
# insert ignore into base_category_view (id, category1_id, category1_name, category2_id, category2_name, category3_id, category3_name) values (316, 6, '电脑办公', 35, '外设产品', 316, '插座');
# insert ignore into base_category_view (id, category1_id, category1_name, category2_id, category2_name, category3_id, category3_name) values (317, 6, '电脑办公', 35, '外设产品', 317, '线缆');
# insert ignore into base_category_view (id, category1_id, category1_name, category2_id, category2_name, category3_id, category3_name) values (318, 6, '电脑办公', 35, '外设产品', 318, 'UPS电源');
# insert ignore into base_category_view (id, category1_id, category1_name, category2_id, category2_name, category3_id, category3_name) values (319, 6, '电脑办公', 35, '外设产品', 319, '电脑工具');
# insert ignore into base_category_view (id, category1_id, category1_name, category2_id, category2_name, category3_id, category3_name) values (320, 6, '电脑办公', 35, '外设产品', 320, '游戏设备');
# insert ignore into base_category_view (id, category1_id, category1_name, category2_id, category2_name, category3_id, category3_name) values (321, 6, '电脑办公', 35, '外设产品', 321, '电玩');
# insert ignore into base_category_view (id, category1_id, category1_name, category2_id, category2_name, category3_id, category3_name) values (322, 6, '电脑办公', 35, '外设产品', 322, '电脑清洁');
# insert ignore into base_category_view (id, category1_id, category1_name, category2_id, category2_name, category3_id, category3_name) values (323, 6, '电脑办公', 35, '外设产品', 323, '网络仪表仪器');
# insert ignore into base_category_view (id, category1_id, category1_name, category2_id, category2_name, category3_id, category3_name) values (324, 6, '电脑办公', 36, '游戏设备', 324, '游戏机');
# insert ignore into base_category_view (id, category1_id, category1_name, category2_id, category2_name, category3_id, category3_name) values (325, 6, '电脑办公', 36, '游戏设备', 325, '游戏耳机');
# insert ignore into base_category_view (id, category1_id, category1_name, category2_id, category2_name, category3_id, category3_name) values (326, 6, '电脑办公', 36, '游戏设备', 326, '手柄/方向盘');
# insert ignore into base_category_view (id, category1_id, category1_name, category2_id, category2_name, category3_id, category3_name) values (327, 6, '电脑办公', 36, '游戏设备', 327, '游戏软件');
# insert ignore into base_category_view (id, category1_id, category1_name, category2_id, category2_name, category3_id, category3_name) values (328, 6, '电脑办公', 36, '游戏设备', 328, '游戏周边');
# insert ignore into base_category_view (id, category1_id, category1_name, category2_id, category2_name, category3_id, category3_name) values (329, 6, '电脑办公', 37, '网络产品', 329, '路由器');
# insert ignore into base_category_view (id, category1_id, category1_name, category2_id, category2_name, category3_id, category3_name) values (330, 6, '电脑办公', 37, '网络产品', 330, '网卡');
# insert ignore into base_category_view (id, category1_id, category1_name, category2_id, category2_name, category3_id, category3_name) values (331, 6, '电脑办公', 37, '网络产品', 331, '交换机');
# insert ignore into base_category_view (id, category1_id, category1_name, category2_id, category2_name, category3_id, category3_name) values (332, 6, '电脑办公', 37, '网络产品', 332, '网络存储');
# insert ignore into base_category_view (id, category1_id, category1_name, category2_id, category2_name, category3_id, category3_name) values (333, 6, '电脑办公', 37, '网络产品', 333, '4G/3G上网');
# insert ignore into base_category_view (id, category1_id, category1_name, category2_id, category2_name, category3_id, category3_name) values (334, 6, '电脑办公', 37, '网络产品', 334, '网络盒子');
# insert ignore into base_category_view (id, category1_id, category1_name, category2_id, category2_name, category3_id, category3_name) values (335, 6, '电脑办公', 37, '网络产品', 335, '网络配件');
# insert ignore into base_category_view (id, category1_id, category1_name, category2_id, category2_name, category3_id, category3_name) values (336, 6, '电脑办公', 38, '办公设备', 336, '投影机');
# insert ignore into base_category_view (id, category1_id, category1_name, category2_id, category2_name, category3_id, category3_name) values (337, 6, '电脑办公', 38, '办公设备', 337, '投影配件');
# insert ignore into base_category_view (id, category1_id, category1_name, category2_id, category2_name, category3_id, category3_name) values (338, 6, '电脑办公', 38, '办公设备', 338, '多功能一体机');
# insert ignore into base_category_view (id, category1_id, category1_name, category2_id, category2_name, category3_id, category3_name) values (339, 6, '电脑办公', 38, '办公设备', 339, '打印机');
# insert ignore into base_category_view (id, category1_id, category1_name, category2_id, category2_name, category3_id, category3_name) values (340, 6, '电脑办公', 38, '办公设备', 340, '传真设备');
# insert ignore into base_category_view (id, category1_id, category1_name, category2_id, category2_name, category3_id, category3_name) values (341, 6, '电脑办公', 38, '办公设备', 341, '验钞/点钞机');
# insert ignore into base_category_view (id, category1_id, category1_name, category2_id, category2_name, category3_id, category3_name) values (342, 6, '电脑办公', 38, '办公设备', 342, '扫描设备');
# insert ignore into base_category_view (id, category1_id, category1_name, category2_id, category2_name, category3_id, category3_name) values (343, 6, '电脑办公', 38, '办公设备', 343, '复合机');
# insert ignore into base_category_view (id, category1_id, category1_name, category2_id, category2_name, category3_id, category3_name) values (344, 6, '电脑办公', 38, '办公设备', 344, '碎纸机');
# insert ignore into base_category_view (id, category1_id, category1_name, category2_id, category2_name, category3_id, category3_name) values (345, 6, '电脑办公', 38, '办公设备', 345, '考勤机');
# insert ignore into base_category_view (id, category1_id, category1_name, category2_id, category2_name, category3_id, category3_name) values (346, 6, '电脑办公', 38, '办公设备', 346, '收款/POS机');
# insert ignore into base_category_view (id, category1_id, category1_name, category2_id, category2_name, category3_id, category3_name) values (347, 6, '电脑办公', 38, '办公设备', 347, '会议音频视频');
# insert ignore into base_category_view (id, category1_id, category1_name, category2_id, category2_name, category3_id, category3_name) values (348, 6, '电脑办公', 38, '办公设备', 348, '保险柜');
# insert ignore into base_category_view (id, category1_id, category1_name, category2_id, category2_name, category3_id, category3_name) values (349, 6, '电脑办公', 38, '办公设备', 349, '装订/封装机');
# insert ignore into base_category_view (id, category1_id, category1_name, category2_id, category2_name, category3_id, category3_name) values (350, 6, '电脑办公', 38, '办公设备', 350, '安防监控');
# insert ignore into base_category_view (id, category1_id, category1_name, category2_id, category2_name, category3_id, category3_name) values (351, 6, '电脑办公', 38, '办公设备', 351, '办公家具');
# insert ignore into base_category_view (id, category1_id, category1_name, category2_id, category2_name, category3_id, category3_name) values (352, 6, '电脑办公', 38, '办公设备', 352, '白板');
# insert ignore into base_category_view (id, category1_id, category1_name, category2_id, category2_name, category3_id, category3_name) values (353, 6, '电脑办公', 39, '文具/耗材', 353, '硒鼓/墨粉');
# insert ignore into base_category_view (id, category1_id, category1_name, category2_id, category2_name, category3_id, category3_name) values (354, 6, '电脑办公', 39, '文具/耗材', 354, '墨盒');
# insert ignore into base_category_view (id, category1_id, category1_name, category2_id, category2_name, category3_id, category3_name) values (355, 6, '电脑办公', 39, '文具/耗材', 355, '色带');
# insert ignore into base_category_view (id, category1_id, category1_name, category2_id, category2_name, category3_id, category3_name) values (356, 6, '电脑办公', 39, '文具/耗材', 356, '纸类');
# insert ignore into base_category_view (id, category1_id, category1_name, category2_id, category2_name, category3_id, category3_name) values (357, 6, '电脑办公', 39, '文具/耗材', 357, '办公文具');
# insert ignore into base_category_view (id, category1_id, category1_name, category2_id, category2_name, category3_id, category3_name) values (358, 6, '电脑办公', 39, '文具/耗材', 358, '学生文具');
# insert ignore into base_category_view (id, category1_id, category1_name, category2_id, category2_name, category3_id, category3_name) values (359, 6, '电脑办公', 39, '文具/耗材', 359, '财会用品');
# insert ignore into base_category_view (id, category1_id, category1_name, category2_id, category2_name, category3_id, category3_name) values (360, 6, '电脑办公', 39, '文具/耗材', 360, '文件管理');
# insert ignore into base_category_view (id, category1_id, category1_name, category2_id, category2_name, category3_id, category3_name) values (361, 6, '电脑办公', 39, '文具/耗材', 361, '本册/便签');
# insert ignore into base_category_view (id, category1_id, category1_name, category2_id, category2_name, category3_id, category3_name) values (362, 6, '电脑办公', 39, '文具/耗材', 362, '计算器');
# insert ignore into base_category_view (id, category1_id, category1_name, category2_id, category2_name, category3_id, category3_name) values (363, 6, '电脑办公', 39, '文具/耗材', 363, '笔类');
# insert ignore into base_category_view (id, category1_id, category1_name, category2_id, category2_name, category3_id, category3_name) values (364, 6, '电脑办公', 39, '文具/耗材', 364, '画具画材');
# insert ignore into base_category_view (id, category1_id, category1_name, category2_id, category2_name, category3_id, category3_name) values (365, 6, '电脑办公', 39, '文具/耗材', 365, '刻录碟片/附件');
# insert ignore into base_category_view (id, category1_id, category1_name, category2_id, category2_name, category3_id, category3_name) values (366, 6, '电脑办公', 40, '服务产品', 366, '上门安装');
# insert ignore into base_category_view (id, category1_id, category1_name, category2_id, category2_name, category3_id, category3_name) values (367, 6, '电脑办公', 40, '服务产品', 367, '延保服务');
# insert ignore into base_category_view (id, category1_id, category1_name, category2_id, category2_name, category3_id, category3_name) values (368, 6, '电脑办公', 40, '服务产品', 368, '维修保养');
# insert ignore into base_category_view (id, category1_id, category1_name, category2_id, category2_name, category3_id, category3_name) values (369, 6, '电脑办公', 40, '服务产品', 369, '电脑软件');
# insert ignore into base_category_view (id, category1_id, category1_name, category2_id, category2_name, category3_id, category3_name) values (370, 6, '电脑办公', 40, '服务产品', 370, '京东服务');
# insert ignore into base_category_view (id, category1_id, category1_name, category2_id, category2_name, category3_id, category3_name) values (371, 7, '厨具', 41, '烹饪锅具', 371, '炒锅');
# insert ignore into base_category_view (id, category1_id, category1_name, category2_id, category2_name, category3_id, category3_name) values (372, 7, '厨具', 41, '烹饪锅具', 372, '煎锅');
# insert ignore into base_category_view (id, category1_id, category1_name, category2_id, category2_name, category3_id, category3_name) values (373, 7, '厨具', 41, '烹饪锅具', 373, '压力锅');
# insert ignore into base_category_view (id, category1_id, category1_name, category2_id, category2_name, category3_id, category3_name) values (374, 7, '厨具', 41, '烹饪锅具', 374, '蒸锅');
# insert ignore into base_category_view (id, category1_id, category1_name, category2_id, category2_name, category3_id, category3_name) values (375, 7, '厨具', 41, '烹饪锅具', 375, '汤锅');
# insert ignore into base_category_view (id, category1_id, category1_name, category2_id, category2_name, category3_id, category3_name) values (376, 7, '厨具', 41, '烹饪锅具', 376, '奶锅');
# insert ignore into base_category_view (id, category1_id, category1_name, category2_id, category2_name, category3_id, category3_name) values (377, 7, '厨具', 41, '烹饪锅具', 377, '锅具套装');
# insert ignore into base_category_view (id, category1_id, category1_name, category2_id, category2_name, category3_id, category3_name) values (378, 7, '厨具', 41, '烹饪锅具', 378, '煲类');
# insert ignore into base_category_view (id, category1_id, category1_name, category2_id, category2_name, category3_id, category3_name) values (379, 7, '厨具', 41, '烹饪锅具', 379, '水壶');
# insert ignore into base_category_view (id, category1_id, category1_name, category2_id, category2_name, category3_id, category3_name) values (380, 7, '厨具', 41, '烹饪锅具', 380, '火锅');
# insert ignore into base_category_view (id, category1_id, category1_name, category2_id, category2_name, category3_id, category3_name) values (381, 7, '厨具', 42, '刀剪菜板', 381, '菜刀');
# insert ignore into base_category_view (id, category1_id, category1_name, category2_id, category2_name, category3_id, category3_name) values (382, 7, '厨具', 42, '刀剪菜板', 382, '剪刀');
# insert ignore into base_category_view (id, category1_id, category1_name, category2_id, category2_name, category3_id, category3_name) values (383, 7, '厨具', 42, '刀剪菜板', 383, '刀具套装');
# insert ignore into base_category_view (id, category1_id, category1_name, category2_id, category2_name, category3_id, category3_name) values (384, 7, '厨具', 42, '刀剪菜板', 384, '砧板');
# insert ignore into base_category_view (id, category1_id, category1_name, category2_id, category2_name, category3_id, category3_name) values (385, 7, '厨具', 42, '刀剪菜板', 385, '瓜果刀/刨');
# insert ignore into base_category_view (id, category1_id, category1_name, category2_id, category2_name, category3_id, category3_name) values (386, 7, '厨具', 42, '刀剪菜板', 386, '多功能刀');
# insert ignore into base_category_view (id, category1_id, category1_name, category2_id, category2_name, category3_id, category3_name) values (387, 7, '厨具', 43, '厨房配件', 387, '保鲜盒');
# insert ignore into base_category_view (id, category1_id, category1_name, category2_id, category2_name, category3_id, category3_name) values (388, 7, '厨具', 43, '厨房配件', 388, '烘焙/烧烤');
# insert ignore into base_category_view (id, category1_id, category1_name, category2_id, category2_name, category3_id, category3_name) values (389, 7, '厨具', 43, '厨房配件', 389, '饭盒/提锅');
# insert ignore into base_category_view (id, category1_id, category1_name, category2_id, category2_name, category3_id, category3_name) values (390, 7, '厨具', 43, '厨房配件', 390, '储物/置物架');
# insert ignore into base_category_view (id, category1_id, category1_name, category2_id, category2_name, category3_id, category3_name) values (391, 7, '厨具', 43, '厨房配件', 391, '厨房DIY/小工具');
# insert ignore into base_category_view (id, category1_id, category1_name, category2_id, category2_name, category3_id, category3_name) values (392, 7, '厨具', 44, '水具酒具', 392, '塑料杯');
# insert ignore into base_category_view (id, category1_id, category1_name, category2_id, category2_name, category3_id, category3_name) values (393, 7, '厨具', 44, '水具酒具', 393, '运动水壶');
# insert ignore into base_category_view (id, category1_id, category1_name, category2_id, category2_name, category3_id, category3_name) values (394, 7, '厨具', 44, '水具酒具', 394, '玻璃杯');
# insert ignore into base_category_view (id, category1_id, category1_name, category2_id, category2_name, category3_id, category3_name) values (395, 7, '厨具', 44, '水具酒具', 395, '陶瓷/马克杯');
# insert ignore into base_category_view (id, category1_id, category1_name, category2_id, category2_name, category3_id, category3_name) values (396, 7, '厨具', 44, '水具酒具', 396, '保温杯');
# insert ignore into base_category_view (id, category1_id, category1_name, category2_id, category2_name, category3_id, category3_name) values (397, 7, '厨具', 44, '水具酒具', 397, '保温壶');
# insert ignore into base_category_view (id, category1_id, category1_name, category2_id, category2_name, category3_id, category3_name) values (398, 7, '厨具', 44, '水具酒具', 398, '酒杯/酒具');
# insert ignore into base_category_view (id, category1_id, category1_name, category2_id, category2_name, category3_id, category3_name) values (399, 7, '厨具', 44, '水具酒具', 399, '杯具套装');
# insert ignore into base_category_view (id, category1_id, category1_name, category2_id, category2_name, category3_id, category3_name) values (400, 7, '厨具', 45, '餐具', 400, '餐具套装');
# insert ignore into base_category_view (id, category1_id, category1_name, category2_id, category2_name, category3_id, category3_name) values (401, 7, '厨具', 45, '餐具', 401, '碗/碟/盘');
# insert ignore into base_category_view (id, category1_id, category1_name, category2_id, category2_name, category3_id, category3_name) values (402, 7, '厨具', 45, '餐具', 402, '筷勺/刀叉');
# insert ignore into base_category_view (id, category1_id, category1_name, category2_id, category2_name, category3_id, category3_name) values (403, 7, '厨具', 45, '餐具', 403, '一次性用品');
# insert ignore into base_category_view (id, category1_id, category1_name, category2_id, category2_name, category3_id, category3_name) values (404, 7, '厨具', 45, '餐具', 404, '果盘/果篮');
# insert ignore into base_category_view (id, category1_id, category1_name, category2_id, category2_name, category3_id, category3_name) values (405, 7, '厨具', 46, '酒店用品', 405, '自助餐炉');
# insert ignore into base_category_view (id, category1_id, category1_name, category2_id, category2_name, category3_id, category3_name) values (406, 7, '厨具', 46, '酒店用品', 406, '酒店餐具');
# insert ignore into base_category_view (id, category1_id, category1_name, category2_id, category2_name, category3_id, category3_name) values (407, 7, '厨具', 46, '酒店用品', 407, '酒店水具');
# insert ignore into base_category_view (id, category1_id, category1_name, category2_id, category2_name, category3_id, category3_name) values (408, 7, '厨具', 47, '茶具/咖啡具', 408, '整套茶具');
# insert ignore into base_category_view (id, category1_id, category1_name, category2_id, category2_name, category3_id, category3_name) values (409, 7, '厨具', 47, '茶具/咖啡具', 409, '茶杯');
# insert ignore into base_category_view (id, category1_id, category1_name, category2_id, category2_name, category3_id, category3_name) values (410, 7, '厨具', 47, '茶具/咖啡具', 410, '茶壶');
# insert ignore into base_category_view (id, category1_id, category1_name, category2_id, category2_name, category3_id, category3_name) values (411, 7, '厨具', 47, '茶具/咖啡具', 411, '茶盘茶托');
# insert ignore into base_category_view (id, category1_id, category1_name, category2_id, category2_name, category3_id, category3_name) values (412, 7, '厨具', 47, '茶具/咖啡具', 412, '茶叶罐');
# insert ignore into base_category_view (id, category1_id, category1_name, category2_id, category2_name, category3_id, category3_name) values (413, 7, '厨具', 47, '茶具/咖啡具', 413, '茶具配件');
# insert ignore into base_category_view (id, category1_id, category1_name, category2_id, category2_name, category3_id, category3_name) values (414, 7, '厨具', 47, '茶具/咖啡具', 414, '茶宠摆件');
# insert ignore into base_category_view (id, category1_id, category1_name, category2_id, category2_name, category3_id, category3_name) values (415, 7, '厨具', 47, '茶具/咖啡具', 415, '咖啡具');
# insert ignore into base_category_view (id, category1_id, category1_name, category2_id, category2_name, category3_id, category3_name) values (416, 7, '厨具', 47, '茶具/咖啡具', 416, '其他');
# insert ignore into base_category_view (id, category1_id, category1_name, category2_id, category2_name, category3_id, category3_name) values (417, 8, '个护化妆', 48, '清洁用品', 417, '纸品湿巾');
# insert ignore into base_category_view (id, category1_id, category1_name, category2_id, category2_name, category3_id, category3_name) values (418, 8, '个护化妆', 48, '清洁用品', 418, '衣物清洁');
# insert ignore into base_category_view (id, category1_id, category1_name, category2_id, category2_name, category3_id, category3_name) values (419, 8, '个护化妆', 48, '清洁用品', 419, '清洁工具');
# insert ignore into base_category_view (id, category1_id, category1_name, category2_id, category2_name, category3_id, category3_name) values (420, 8, '个护化妆', 48, '清洁用品', 420, '驱虫用品');
# insert ignore into base_category_view (id, category1_id, category1_name, category2_id, category2_name, category3_id, category3_name) values (421, 8, '个护化妆', 48, '清洁用品', 421, '家庭清洁');
# insert ignore into base_category_view (id, category1_id, category1_name, category2_id, category2_name, category3_id, category3_name) values (422, 8, '个护化妆', 48, '清洁用品', 422, '皮具护理');
# insert ignore into base_category_view (id, category1_id, category1_name, category2_id, category2_name, category3_id, category3_name) values (423, 8, '个护化妆', 48, '清洁用品', 423, '一次性用品');
# insert ignore into base_category_view (id, category1_id, category1_name, category2_id, category2_name, category3_id, category3_name) values (424, 8, '个护化妆', 49, '面部护肤', 424, '洁面');
# insert ignore into base_category_view (id, category1_id, category1_name, category2_id, category2_name, category3_id, category3_name) values (425, 8, '个护化妆', 49, '面部护肤', 425, '乳液面霜');
# insert ignore into base_category_view (id, category1_id, category1_name, category2_id, category2_name, category3_id, category3_name) values (426, 8, '个护化妆', 49, '面部护肤', 426, '面膜');
# insert ignore into base_category_view (id, category1_id, category1_name, category2_id, category2_name, category3_id, category3_name) values (427, 8, '个护化妆', 49, '面部护肤', 427, '剃须');
# insert ignore into base_category_view (id, category1_id, category1_name, category2_id, category2_name, category3_id, category3_name) values (428, 8, '个护化妆', 49, '面部护肤', 428, '套装');
# insert ignore into base_category_view (id, category1_id, category1_name, category2_id, category2_name, category3_id, category3_name) values (429, 8, '个护化妆', 49, '面部护肤', 429, '精华');
# insert ignore into base_category_view (id, category1_id, category1_name, category2_id, category2_name, category3_id, category3_name) values (430, 8, '个护化妆', 49, '面部护肤', 430, '眼霜');
# insert ignore into base_category_view (id, category1_id, category1_name, category2_id, category2_name, category3_id, category3_name) values (431, 8, '个护化妆', 49, '面部护肤', 431, '卸妆');
# insert ignore into base_category_view (id, category1_id, category1_name, category2_id, category2_name, category3_id, category3_name) values (432, 8, '个护化妆', 49, '面部护肤', 432, '防晒');
# insert ignore into base_category_view (id, category1_id, category1_name, category2_id, category2_name, category3_id, category3_name) values (433, 8, '个护化妆', 49, '面部护肤', 433, '防晒隔离');
# insert ignore into base_category_view (id, category1_id, category1_name, category2_id, category2_name, category3_id, category3_name) values (434, 8, '个护化妆', 49, '面部护肤', 434, 'T区护理');
# insert ignore into base_category_view (id, category1_id, category1_name, category2_id, category2_name, category3_id, category3_name) values (435, 8, '个护化妆', 49, '面部护肤', 435, '眼部护理');
# insert ignore into base_category_view (id, category1_id, category1_name, category2_id, category2_name, category3_id, category3_name) values (436, 8, '个护化妆', 49, '面部护肤', 436, '精华露');
# insert ignore into base_category_view (id, category1_id, category1_name, category2_id, category2_name, category3_id, category3_name) values (437, 8, '个护化妆', 49, '面部护肤', 437, '爽肤水');
# insert ignore into base_category_view (id, category1_id, category1_name, category2_id, category2_name, category3_id, category3_name) values (438, 8, '个护化妆', 50, '身体护理', 438, '沐浴');
# insert ignore into base_category_view (id, category1_id, category1_name, category2_id, category2_name, category3_id, category3_name) values (439, 8, '个护化妆', 50, '身体护理', 439, '润肤');
# insert ignore into base_category_view (id, category1_id, category1_name, category2_id, category2_name, category3_id, category3_name) values (440, 8, '个护化妆', 50, '身体护理', 440, '颈部');
# insert ignore into base_category_view (id, category1_id, category1_name, category2_id, category2_name, category3_id, category3_name) values (441, 8, '个护化妆', 50, '身体护理', 441, '手足');
# insert ignore into base_category_view (id, category1_id, category1_name, category2_id, category2_name, category3_id, category3_name) values (442, 8, '个护化妆', 50, '身体护理', 442, '纤体塑形');
# insert ignore into base_category_view (id, category1_id, category1_name, category2_id, category2_name, category3_id, category3_name) values (443, 8, '个护化妆', 50, '身体护理', 443, '美胸');
# insert ignore into base_category_view (id, category1_id, category1_name, category2_id, category2_name, category3_id, category3_name) values (444, 8, '个护化妆', 50, '身体护理', 444, '套装');
# insert ignore into base_category_view (id, category1_id, category1_name, category2_id, category2_name, category3_id, category3_name) values (445, 8, '个护化妆', 50, '身体护理', 445, '精油');
# insert ignore into base_category_view (id, category1_id, category1_name, category2_id, category2_name, category3_id, category3_name) values (446, 8, '个护化妆', 50, '身体护理', 446, '洗发护发');
# insert ignore into base_category_view (id, category1_id, category1_name, category2_id, category2_name, category3_id, category3_name) values (447, 8, '个护化妆', 50, '身体护理', 447, '染发/造型');
# insert ignore into base_category_view (id, category1_id, category1_name, category2_id, category2_name, category3_id, category3_name) values (448, 8, '个护化妆', 50, '身体护理', 448, '香薰精油');
# insert ignore into base_category_view (id, category1_id, category1_name, category2_id, category2_name, category3_id, category3_name) values (449, 8, '个护化妆', 50, '身体护理', 449, '磨砂/浴盐');
# insert ignore into base_category_view (id, category1_id, category1_name, category2_id, category2_name, category3_id, category3_name) values (450, 8, '个护化妆', 50, '身体护理', 450, '手工/香皂');
# insert ignore into base_category_view (id, category1_id, category1_name, category2_id, category2_name, category3_id, category3_name) values (451, 8, '个护化妆', 50, '身体护理', 451, '洗发');
# insert ignore into base_category_view (id, category1_id, category1_name, category2_id, category2_name, category3_id, category3_name) values (452, 8, '个护化妆', 50, '身体护理', 452, '护发');
# insert ignore into base_category_view (id, category1_id, category1_name, category2_id, category2_name, category3_id, category3_name) values (453, 8, '个护化妆', 50, '身体护理', 453, '染发');
# insert ignore into base_category_view (id, category1_id, category1_name, category2_id, category2_name, category3_id, category3_name) values (454, 8, '个护化妆', 50, '身体护理', 454, '磨砂膏');
# insert ignore into base_category_view (id, category1_id, category1_name, category2_id, category2_name, category3_id, category3_name) values (455, 8, '个护化妆', 50, '身体护理', 455, '香皂');
# insert ignore into base_category_view (id, category1_id, category1_name, category2_id, category2_name, category3_id, category3_name) values (456, 8, '个护化妆', 51, '口腔护理', 456, '牙膏/牙粉');
# insert ignore into base_category_view (id, category1_id, category1_name, category2_id, category2_name, category3_id, category3_name) values (457, 8, '个护化妆', 51, '口腔护理', 457, '牙刷/牙线');
# insert ignore into base_category_view (id, category1_id, category1_name, category2_id, category2_name, category3_id, category3_name) values (458, 8, '个护化妆', 51, '口腔护理', 458, '漱口水');
# insert ignore into base_category_view (id, category1_id, category1_name, category2_id, category2_name, category3_id, category3_name) values (459, 8, '个护化妆', 51, '口腔护理', 459, '套装');
# insert ignore into base_category_view (id, category1_id, category1_name, category2_id, category2_name, category3_id, category3_name) values (460, 8, '个护化妆', 52, '女性护理', 460, '卫生巾');
# insert ignore into base_category_view (id, category1_id, category1_name, category2_id, category2_name, category3_id, category3_name) values (461, 8, '个护化妆', 52, '女性护理', 461, '卫生护垫');
# insert ignore into base_category_view (id, category1_id, category1_name, category2_id, category2_name, category3_id, category3_name) values (462, 8, '个护化妆', 52, '女性护理', 462, '私密护理');
# insert ignore into base_category_view (id, category1_id, category1_name, category2_id, category2_name, category3_id, category3_name) values (463, 8, '个护化妆', 52, '女性护理', 463, '脱毛膏');
# insert ignore into base_category_view (id, category1_id, category1_name, category2_id, category2_name, category3_id, category3_name) values (464, 8, '个护化妆', 52, '女性护理', 464, '其他');
# insert ignore into base_category_view (id, category1_id, category1_name, category2_id, category2_name, category3_id, category3_name) values (465, 8, '个护化妆', 53, '洗发护发', 465, '洗发');
# insert ignore into base_category_view (id, category1_id, category1_name, category2_id, category2_name, category3_id, category3_name) values (466, 8, '个护化妆', 53, '洗发护发', 466, '护发');
# insert ignore into base_category_view (id, category1_id, category1_name, category2_id, category2_name, category3_id, category3_name) values (467, 8, '个护化妆', 53, '洗发护发', 467, '染发');
# insert ignore into base_category_view (id, category1_id, category1_name, category2_id, category2_name, category3_id, category3_name) values (468, 8, '个护化妆', 53, '洗发护发', 468, '造型');
# insert ignore into base_category_view (id, category1_id, category1_name, category2_id, category2_name, category3_id, category3_name) values (469, 8, '个护化妆', 53, '洗发护发', 469, '假发');
# insert ignore into base_category_view (id, category1_id, category1_name, category2_id, category2_name, category3_id, category3_name) values (470, 8, '个护化妆', 53, '洗发护发', 470, '套装');
# insert ignore into base_category_view (id, category1_id, category1_name, category2_id, category2_name, category3_id, category3_name) values (471, 8, '个护化妆', 53, '洗发护发', 471, '美发工具');
# insert ignore into base_category_view (id, category1_id, category1_name, category2_id, category2_name, category3_id, category3_name) values (472, 8, '个护化妆', 53, '洗发护发', 472, '脸部护理');
# insert ignore into base_category_view (id, category1_id, category1_name, category2_id, category2_name, category3_id, category3_name) values (473, 8, '个护化妆', 54, '香水彩妆', 473, '香水');
# insert ignore into base_category_view (id, category1_id, category1_name, category2_id, category2_name, category3_id, category3_name) values (474, 8, '个护化妆', 54, '香水彩妆', 474, '底妆');
# insert ignore into base_category_view (id, category1_id, category1_name, category2_id, category2_name, category3_id, category3_name) values (475, 8, '个护化妆', 54, '香水彩妆', 475, '腮红');
# insert ignore into base_category_view (id, category1_id, category1_name, category2_id, category2_name, category3_id, category3_name) values (476, 8, '个护化妆', 54, '香水彩妆', 476, '眼影');
# insert ignore into base_category_view (id, category1_id, category1_name, category2_id, category2_name, category3_id, category3_name) values (477, 8, '个护化妆', 54, '香水彩妆', 477, '唇部');
# insert ignore into base_category_view (id, category1_id, category1_name, category2_id, category2_name, category3_id, category3_name) values (478, 8, '个护化妆', 54, '香水彩妆', 478, '美甲');
# insert ignore into base_category_view (id, category1_id, category1_name, category2_id, category2_name, category3_id, category3_name) values (479, 8, '个护化妆', 54, '香水彩妆', 479, '眼线');
# insert ignore into base_category_view (id, category1_id, category1_name, category2_id, category2_name, category3_id, category3_name) values (480, 8, '个护化妆', 54, '香水彩妆', 480, '美妆工具');
# insert ignore into base_category_view (id, category1_id, category1_name, category2_id, category2_name, category3_id, category3_name) values (481, 8, '个护化妆', 54, '香水彩妆', 481, '套装');
# insert ignore into base_category_view (id, category1_id, category1_name, category2_id, category2_name, category3_id, category3_name) values (482, 8, '个护化妆', 54, '香水彩妆', 482, '防晒隔离');
# insert ignore into base_category_view (id, category1_id, category1_name, category2_id, category2_name, category3_id, category3_name) values (483, 8, '个护化妆', 54, '香水彩妆', 483, '卸妆');
# insert ignore into base_category_view (id, category1_id, category1_name, category2_id, category2_name, category3_id, category3_name) values (484, 8, '个护化妆', 54, '香水彩妆', 484, '眉笔');
# insert ignore into base_category_view (id, category1_id, category1_name, category2_id, category2_name, category3_id, category3_name) values (485, 8, '个护化妆', 54, '香水彩妆', 485, '睫毛膏');
# insert ignore into base_category_view (id, category1_id, category1_name, category2_id, category2_name, category3_id, category3_name) values (486, 9, '服饰内衣', 55, '女装', 486, 'T恤');
# insert ignore into base_category_view (id, category1_id, category1_name, category2_id, category2_name, category3_id, category3_name) values (487, 9, '服饰内衣', 55, '女装', 487, '衬衫');
# insert ignore into base_category_view (id, category1_id, category1_name, category2_id, category2_name, category3_id, category3_name) values (488, 9, '服饰内衣', 55, '女装', 488, '针织衫');
# insert ignore into base_category_view (id, category1_id, category1_name, category2_id, category2_name, category3_id, category3_name) values (489, 9, '服饰内衣', 55, '女装', 489, '雪纺衫');
# insert ignore into base_category_view (id, category1_id, category1_name, category2_id, category2_name, category3_id, category3_name) values (490, 9, '服饰内衣', 55, '女装', 490, '卫衣');
# insert ignore into base_category_view (id, category1_id, category1_name, category2_id, category2_name, category3_id, category3_name) values (491, 9, '服饰内衣', 55, '女装', 491, '马甲');
# insert ignore into base_category_view (id, category1_id, category1_name, category2_id, category2_name, category3_id, category3_name) values (492, 9, '服饰内衣', 55, '女装', 492, '连衣裙');
# insert ignore into base_category_view (id, category1_id, category1_name, category2_id, category2_name, category3_id, category3_name) values (493, 9, '服饰内衣', 55, '女装', 493, '半身裙');
# insert ignore into base_category_view (id, category1_id, category1_name, category2_id, category2_name, category3_id, category3_name) values (494, 9, '服饰内衣', 55, '女装', 494, '牛仔裤');
# insert ignore into base_category_view (id, category1_id, category1_name, category2_id, category2_name, category3_id, category3_name) values (495, 9, '服饰内衣', 55, '女装', 495, '休闲裤');
# insert ignore into base_category_view (id, category1_id, category1_name, category2_id, category2_name, category3_id, category3_name) values (496, 9, '服饰内衣', 55, '女装', 496, '打底裤');
# insert ignore into base_category_view (id, category1_id, category1_name, category2_id, category2_name, category3_id, category3_name) values (497, 9, '服饰内衣', 55, '女装', 497, '正装裤');
# insert ignore into base_category_view (id, category1_id, category1_name, category2_id, category2_name, category3_id, category3_name) values (498, 9, '服饰内衣', 55, '女装', 498, '小西装');
# insert ignore into base_category_view (id, category1_id, category1_name, category2_id, category2_name, category3_id, category3_name) values (499, 9, '服饰内衣', 55, '女装', 499, '短外套');
# insert ignore into base_category_view (id, category1_id, category1_name, category2_id, category2_name, category3_id, category3_name) values (500, 9, '服饰内衣', 55, '女装', 500, '风衣');
# insert ignore into base_category_view (id, category1_id, category1_name, category2_id, category2_name, category3_id, category3_name) values (501, 9, '服饰内衣', 55, '女装', 501, '毛呢大衣');
# insert ignore into base_category_view (id, category1_id, category1_name, category2_id, category2_name, category3_id, category3_name) values (502, 9, '服饰内衣', 55, '女装', 502, '真皮皮衣');
# insert ignore into base_category_view (id, category1_id, category1_name, category2_id, category2_name, category3_id, category3_name) values (503, 9, '服饰内衣', 55, '女装', 503, '棉服');
# insert ignore into base_category_view (id, category1_id, category1_name, category2_id, category2_name, category3_id, category3_name) values (504, 9, '服饰内衣', 55, '女装', 504, '羽绒服');
# insert ignore into base_category_view (id, category1_id, category1_name, category2_id, category2_name, category3_id, category3_name) values (505, 9, '服饰内衣', 55, '女装', 505, '大码女装');
# insert ignore into base_category_view (id, category1_id, category1_name, category2_id, category2_name, category3_id, category3_name) values (506, 9, '服饰内衣', 55, '女装', 506, '中老年女装');
# insert ignore into base_category_view (id, category1_id, category1_name, category2_id, category2_name, category3_id, category3_name) values (507, 9, '服饰内衣', 55, '女装', 507, '婚纱');
# insert ignore into base_category_view (id, category1_id, category1_name, category2_id, category2_name, category3_id, category3_name) values (508, 9, '服饰内衣', 55, '女装', 508, '打底衫');
# insert ignore into base_category_view (id, category1_id, category1_name, category2_id, category2_name, category3_id, category3_name) values (509, 9, '服饰内衣', 55, '女装', 509, '旗袍/唐装');
# insert ignore into base_category_view (id, category1_id, category1_name, category2_id, category2_name, category3_id, category3_name) values (510, 9, '服饰内衣', 55, '女装', 510, '加绒裤');
# insert ignore into base_category_view (id, category1_id, category1_name, category2_id, category2_name, category3_id, category3_name) values (511, 9, '服饰内衣', 55, '女装', 511, '吊带/背心');
# insert ignore into base_category_view (id, category1_id, category1_name, category2_id, category2_name, category3_id, category3_name) values (512, 9, '服饰内衣', 55, '女装', 512, '羊绒衫');
# insert ignore into base_category_view (id, category1_id, category1_name, category2_id, category2_name, category3_id, category3_name) values (513, 9, '服饰内衣', 55, '女装', 513, '短裤');
# insert ignore into base_category_view (id, category1_id, category1_name, category2_id, category2_name, category3_id, category3_name) values (514, 9, '服饰内衣', 55, '女装', 514, '皮草');
# insert ignore into base_category_view (id, category1_id, category1_name, category2_id, category2_name, category3_id, category3_name) values (515, 9, '服饰内衣', 55, '女装', 515, '礼服');
# insert ignore into base_category_view (id, category1_id, category1_name, category2_id, category2_name, category3_id, category3_name) values (516, 9, '服饰内衣', 55, '女装', 516, '仿皮皮衣');
# insert ignore into base_category_view (id, category1_id, category1_name, category2_id, category2_name, category3_id, category3_name) values (517, 9, '服饰内衣', 55, '女装', 517, '羊毛衫');
# insert ignore into base_category_view (id, category1_id, category1_name, category2_id, category2_name, category3_id, category3_name) values (518, 9, '服饰内衣', 55, '女装', 518, '设计师/潮牌');
# insert ignore into base_category_view (id, category1_id, category1_name, category2_id, category2_name, category3_id, category3_name) values (519, 9, '服饰内衣', 56, '男装', 519, '衬衫');
# insert ignore into base_category_view (id, category1_id, category1_name, category2_id, category2_name, category3_id, category3_name) values (520, 9, '服饰内衣', 56, '男装', 520, 'T恤');
# insert ignore into base_category_view (id, category1_id, category1_name, category2_id, category2_name, category3_id, category3_name) values (521, 9, '服饰内衣', 56, '男装', 521, 'POLO衫');
# insert ignore into base_category_view (id, category1_id, category1_name, category2_id, category2_name, category3_id, category3_name) values (522, 9, '服饰内衣', 56, '男装', 522, '针织衫');
# insert ignore into base_category_view (id, category1_id, category1_name, category2_id, category2_name, category3_id, category3_name) values (523, 9, '服饰内衣', 56, '男装', 523, '羊绒衫');
# insert ignore into base_category_view (id, category1_id, category1_name, category2_id, category2_name, category3_id, category3_name) values (524, 9, '服饰内衣', 56, '男装', 524, '卫衣');
# insert ignore into base_category_view (id, category1_id, category1_name, category2_id, category2_name, category3_id, category3_name) values (525, 9, '服饰内衣', 56, '男装', 525, '马甲/背心');
# insert ignore into base_category_view (id, category1_id, category1_name, category2_id, category2_name, category3_id, category3_name) values (526, 9, '服饰内衣', 56, '男装', 526, '夹克');
# insert ignore into base_category_view (id, category1_id, category1_name, category2_id, category2_name, category3_id, category3_name) values (527, 9, '服饰内衣', 56, '男装', 527, '风衣');
# insert ignore into base_category_view (id, category1_id, category1_name, category2_id, category2_name, category3_id, category3_name) values (528, 9, '服饰内衣', 56, '男装', 528, '毛呢大衣');
# insert ignore into base_category_view (id, category1_id, category1_name, category2_id, category2_name, category3_id, category3_name) values (529, 9, '服饰内衣', 56, '男装', 529, '仿皮皮衣');
# insert ignore into base_category_view (id, category1_id, category1_name, category2_id, category2_name, category3_id, category3_name) values (530, 9, '服饰内衣', 56, '男装', 530, '西服');
# insert ignore into base_category_view (id, category1_id, category1_name, category2_id, category2_name, category3_id, category3_name) values (531, 9, '服饰内衣', 56, '男装', 531, '棉服');
# insert ignore into base_category_view (id, category1_id, category1_name, category2_id, category2_name, category3_id, category3_name) values (532, 9, '服饰内衣', 56, '男装', 532, '羽绒服');
# insert ignore into base_category_view (id, category1_id, category1_name, category2_id, category2_name, category3_id, category3_name) values (533, 9, '服饰内衣', 56, '男装', 533, '牛仔裤');
# insert ignore into base_category_view (id, category1_id, category1_name, category2_id, category2_name, category3_id, category3_name) values (534, 9, '服饰内衣', 56, '男装', 534, '休闲裤');
# insert ignore into base_category_view (id, category1_id, category1_name, category2_id, category2_name, category3_id, category3_name) values (535, 9, '服饰内衣', 56, '男装', 535, '西裤');
# insert ignore into base_category_view (id, category1_id, category1_name, category2_id, category2_name, category3_id, category3_name) values (536, 9, '服饰内衣', 56, '男装', 536, '西服套装');
# insert ignore into base_category_view (id, category1_id, category1_name, category2_id, category2_name, category3_id, category3_name) values (537, 9, '服饰内衣', 56, '男装', 537, '大码男装');
# insert ignore into base_category_view (id, category1_id, category1_name, category2_id, category2_name, category3_id, category3_name) values (538, 9, '服饰内衣', 56, '男装', 538, '中老年男装');
# insert ignore into base_category_view (id, category1_id, category1_name, category2_id, category2_name, category3_id, category3_name) values (539, 9, '服饰内衣', 56, '男装', 539, '唐装/中山装');
# insert ignore into base_category_view (id, category1_id, category1_name, category2_id, category2_name, category3_id, category3_name) values (540, 9, '服饰内衣', 56, '男装', 540, '工装');
# insert ignore into base_category_view (id, category1_id, category1_name, category2_id, category2_name, category3_id, category3_name) values (541, 9, '服饰内衣', 56, '男装', 541, '真皮皮衣');
# insert ignore into base_category_view (id, category1_id, category1_name, category2_id, category2_name, category3_id, category3_name) values (542, 9, '服饰内衣', 56, '男装', 542, '加绒裤');
# insert ignore into base_category_view (id, category1_id, category1_name, category2_id, category2_name, category3_id, category3_name) values (543, 9, '服饰内衣', 56, '男装', 543, '卫裤/运动裤');
# insert ignore into base_category_view (id, category1_id, category1_name, category2_id, category2_name, category3_id, category3_name) values (544, 9, '服饰内衣', 56, '男装', 544, '短裤');
# insert ignore into base_category_view (id, category1_id, category1_name, category2_id, category2_name, category3_id, category3_name) values (545, 9, '服饰内衣', 56, '男装', 545, '设计师/潮牌');
# insert ignore into base_category_view (id, category1_id, category1_name, category2_id, category2_name, category3_id, category3_name) values (546, 9, '服饰内衣', 56, '男装', 546, '羊毛衫');
# insert ignore into base_category_view (id, category1_id, category1_name, category2_id, category2_name, category3_id, category3_name) values (547, 9, '服饰内衣', 57, '内衣', 547, '文胸');
# insert ignore into base_category_view (id, category1_id, category1_name, category2_id, category2_name, category3_id, category3_name) values (548, 9, '服饰内衣', 57, '内衣', 548, '女式内裤');
# insert ignore into base_category_view (id, category1_id, category1_name, category2_id, category2_name, category3_id, category3_name) values (549, 9, '服饰内衣', 57, '内衣', 549, '男式内裤');
# insert ignore into base_category_view (id, category1_id, category1_name, category2_id, category2_name, category3_id, category3_name) values (550, 9, '服饰内衣', 57, '内衣', 550, '睡衣/家居服');
# insert ignore into base_category_view (id, category1_id, category1_name, category2_id, category2_name, category3_id, category3_name) values (551, 9, '服饰内衣', 57, '内衣', 551, '塑身美体');
# insert ignore into base_category_view (id, category1_id, category1_name, category2_id, category2_name, category3_id, category3_name) values (552, 9, '服饰内衣', 57, '内衣', 552, '泳衣');
# insert ignore into base_category_view (id, category1_id, category1_name, category2_id, category2_name, category3_id, category3_name) values (553, 9, '服饰内衣', 57, '内衣', 553, '吊带/背心');
# insert ignore into base_category_view (id, category1_id, category1_name, category2_id, category2_name, category3_id, category3_name) values (554, 9, '服饰内衣', 57, '内衣', 554, '抹胸');
# insert ignore into base_category_view (id, category1_id, category1_name, category2_id, category2_name, category3_id, category3_name) values (555, 9, '服饰内衣', 57, '内衣', 555, '连裤袜/丝袜');
# insert ignore into base_category_view (id, category1_id, category1_name, category2_id, category2_name, category3_id, category3_name) values (556, 9, '服饰内衣', 57, '内衣', 556, '美腿袜');
# insert ignore into base_category_view (id, category1_id, category1_name, category2_id, category2_name, category3_id, category3_name) values (557, 9, '服饰内衣', 57, '内衣', 557, '商务男袜');
# insert ignore into base_category_view (id, category1_id, category1_name, category2_id, category2_name, category3_id, category3_name) values (558, 9, '服饰内衣', 57, '内衣', 558, '保暖内衣');
# insert ignore into base_category_view (id, category1_id, category1_name, category2_id, category2_name, category3_id, category3_name) values (559, 9, '服饰内衣', 57, '内衣', 559, '情侣睡衣');
# insert ignore into base_category_view (id, category1_id, category1_name, category2_id, category2_name, category3_id, category3_name) values (560, 9, '服饰内衣', 57, '内衣', 560, '文胸套装');
# insert ignore into base_category_view (id, category1_id, category1_name, category2_id, category2_name, category3_id, category3_name) values (561, 9, '服饰内衣', 57, '内衣', 561, '少女文胸');
# insert ignore into base_category_view (id, category1_id, category1_name, category2_id, category2_name, category3_id, category3_name) values (562, 9, '服饰内衣', 57, '内衣', 562, '休闲棉袜');
# insert ignore into base_category_view (id, category1_id, category1_name, category2_id, category2_name, category3_id, category3_name) values (563, 9, '服饰内衣', 57, '内衣', 563, '大码内衣');
# insert ignore into base_category_view (id, category1_id, category1_name, category2_id, category2_name, category3_id, category3_name) values (564, 9, '服饰内衣', 57, '内衣', 564, '内衣配件');
# insert ignore into base_category_view (id, category1_id, category1_name, category2_id, category2_name, category3_id, category3_name) values (565, 9, '服饰内衣', 57, '内衣', 565, '打底裤袜');
# insert ignore into base_category_view (id, category1_id, category1_name, category2_id, category2_name, category3_id, category3_name) values (566, 9, '服饰内衣', 57, '内衣', 566, '打底衫');
# insert ignore into base_category_view (id, category1_id, category1_name, category2_id, category2_name, category3_id, category3_name) values (567, 9, '服饰内衣', 57, '内衣', 567, '秋衣秋裤');
# insert ignore into base_category_view (id, category1_id, category1_name, category2_id, category2_name, category3_id, category3_name) values (568, 9, '服饰内衣', 57, '内衣', 568, '情趣内衣');
# insert ignore into base_category_view (id, category1_id, category1_name, category2_id, category2_name, category3_id, category3_name) values (569, 9, '服饰内衣', 58, '洗衣服务', 569, '服装洗护');
# insert ignore into base_category_view (id, category1_id, category1_name, category2_id, category2_name, category3_id, category3_name) values (570, 9, '服饰内衣', 59, '服饰配件', 570, '太阳镜');
# insert ignore into base_category_view (id, category1_id, category1_name, category2_id, category2_name, category3_id, category3_name) values (571, 9, '服饰内衣', 59, '服饰配件', 571, '光学镜架/镜片');
# insert ignore into base_category_view (id, category1_id, category1_name, category2_id, category2_name, category3_id, category3_name) values (572, 9, '服饰内衣', 59, '服饰配件', 572, '围巾/手套/帽子套装');
# insert ignore into base_category_view (id, category1_id, category1_name, category2_id, category2_name, category3_id, category3_name) values (573, 9, '服饰内衣', 59, '服饰配件', 573, '袖扣');
# insert ignore into base_category_view (id, category1_id, category1_name, category2_id, category2_name, category3_id, category3_name) values (574, 9, '服饰内衣', 59, '服饰配件', 574, '棒球帽');
# insert ignore into base_category_view (id, category1_id, category1_name, category2_id, category2_name, category3_id, category3_name) values (575, 9, '服饰内衣', 59, '服饰配件', 575, '毛线帽');
# insert ignore into base_category_view (id, category1_id, category1_name, category2_id, category2_name, category3_id, category3_name) values (576, 9, '服饰内衣', 59, '服饰配件', 576, '遮阳帽');
# insert ignore into base_category_view (id, category1_id, category1_name, category2_id, category2_name, category3_id, category3_name) values (577, 9, '服饰内衣', 59, '服饰配件', 577, '老花镜');
# insert ignore into base_category_view (id, category1_id, category1_name, category2_id, category2_name, category3_id, category3_name) values (578, 9, '服饰内衣', 59, '服饰配件', 578, '装饰眼镜');
# insert ignore into base_category_view (id, category1_id, category1_name, category2_id, category2_name, category3_id, category3_name) values (579, 9, '服饰内衣', 59, '服饰配件', 579, '防辐射眼镜');
# insert ignore into base_category_view (id, category1_id, category1_name, category2_id, category2_name, category3_id, category3_name) values (580, 9, '服饰内衣', 59, '服饰配件', 580, '游泳镜');
# insert ignore into base_category_view (id, category1_id, category1_name, category2_id, category2_name, category3_id, category3_name) values (581, 9, '服饰内衣', 59, '服饰配件', 581, '女士丝巾/围巾/披肩');
# insert ignore into base_category_view (id, category1_id, category1_name, category2_id, category2_name, category3_id, category3_name) values (582, 9, '服饰内衣', 59, '服饰配件', 582, '男士丝巾/围巾');
# insert ignore into base_category_view (id, category1_id, category1_name, category2_id, category2_name, category3_id, category3_name) values (583, 9, '服饰内衣', 59, '服饰配件', 583, '鸭舌帽');
# insert ignore into base_category_view (id, category1_id, category1_name, category2_id, category2_name, category3_id, category3_name) values (584, 9, '服饰内衣', 59, '服饰配件', 584, '贝雷帽');
# insert ignore into base_category_view (id, category1_id, category1_name, category2_id, category2_name, category3_id, category3_name) values (585, 9, '服饰内衣', 59, '服饰配件', 585, '礼帽');
# insert ignore into base_category_view (id, category1_id, category1_name, category2_id, category2_name, category3_id, category3_name) values (586, 9, '服饰内衣', 59, '服饰配件', 586, '真皮手套');
# insert ignore into base_category_view (id, category1_id, category1_name, category2_id, category2_name, category3_id, category3_name) values (587, 9, '服饰内衣', 59, '服饰配件', 587, '毛线手套');
# insert ignore into base_category_view (id, category1_id, category1_name, category2_id, category2_name, category3_id, category3_name) values (588, 9, '服饰内衣', 59, '服饰配件', 588, '防晒手套');
# insert ignore into base_category_view (id, category1_id, category1_name, category2_id, category2_name, category3_id, category3_name) values (589, 9, '服饰内衣', 59, '服饰配件', 589, '男士腰带/礼盒');
# insert ignore into base_category_view (id, category1_id, category1_name, category2_id, category2_name, category3_id, category3_name) values (590, 9, '服饰内衣', 59, '服饰配件', 590, '女士腰带/礼盒');
# insert ignore into base_category_view (id, category1_id, category1_name, category2_id, category2_name, category3_id, category3_name) values (591, 9, '服饰内衣', 59, '服饰配件', 591, '钥匙扣');
# insert ignore into base_category_view (id, category1_id, category1_name, category2_id, category2_name, category3_id, category3_name) values (592, 9, '服饰内衣', 59, '服饰配件', 592, '遮阳伞/雨伞');
# insert ignore into base_category_view (id, category1_id, category1_name, category2_id, category2_name, category3_id, category3_name) values (593, 9, '服饰内衣', 59, '服饰配件', 593, '口罩');
# insert ignore into base_category_view (id, category1_id, category1_name, category2_id, category2_name, category3_id, category3_name) values (594, 9, '服饰内衣', 59, '服饰配件', 594, '耳罩/耳包');
# insert ignore into base_category_view (id, category1_id, category1_name, category2_id, category2_name, category3_id, category3_name) values (595, 9, '服饰内衣', 59, '服饰配件', 595, '假领');
# insert ignore into base_category_view (id, category1_id, category1_name, category2_id, category2_name, category3_id, category3_name) values (596, 9, '服饰内衣', 59, '服饰配件', 596, '毛线/布面料');
# insert ignore into base_category_view (id, category1_id, category1_name, category2_id, category2_name, category3_id, category3_name) values (597, 9, '服饰内衣', 59, '服饰配件', 597, '领带/领结/领带夹');
# insert ignore into base_category_view (id, category1_id, category1_name, category2_id, category2_name, category3_id, category3_name) values (598, 10, '钟表', 60, '钟表', 598, '男表');
# insert ignore into base_category_view (id, category1_id, category1_name, category2_id, category2_name, category3_id, category3_name) values (599, 10, '钟表', 60, '钟表', 599, '瑞表');
# insert ignore into base_category_view (id, category1_id, category1_name, category2_id, category2_name, category3_id, category3_name) values (600, 10, '钟表', 60, '钟表', 600, '女表');
# insert ignore into base_category_view (id, category1_id, category1_name, category2_id, category2_name, category3_id, category3_name) values (601, 10, '钟表', 60, '钟表', 601, '国表');
# insert ignore into base_category_view (id, category1_id, category1_name, category2_id, category2_name, category3_id, category3_name) values (602, 10, '钟表', 60, '钟表', 602, '日韩表');
# insert ignore into base_category_view (id, category1_id, category1_name, category2_id, category2_name, category3_id, category3_name) values (603, 10, '钟表', 60, '钟表', 603, '欧美表');
# insert ignore into base_category_view (id, category1_id, category1_name, category2_id, category2_name, category3_id, category3_name) values (604, 10, '钟表', 60, '钟表', 604, '德表');
# insert ignore into base_category_view (id, category1_id, category1_name, category2_id, category2_name, category3_id, category3_name) values (605, 10, '钟表', 60, '钟表', 605, '儿童手表');
# insert ignore into base_category_view (id, category1_id, category1_name, category2_id, category2_name, category3_id, category3_name) values (606, 10, '钟表', 60, '钟表', 606, '智能手表');
# insert ignore into base_category_view (id, category1_id, category1_name, category2_id, category2_name, category3_id, category3_name) values (607, 10, '钟表', 60, '钟表', 607, '闹钟');
# insert ignore into base_category_view (id, category1_id, category1_name, category2_id, category2_name, category3_id, category3_name) values (608, 10, '钟表', 60, '钟表', 608, '座钟挂钟');
# insert ignore into base_category_view (id, category1_id, category1_name, category2_id, category2_name, category3_id, category3_name) values (609, 10, '钟表', 60, '钟表', 609, '钟表配件');
# insert ignore into base_category_view (id, category1_id, category1_name, category2_id, category2_name, category3_id, category3_name) values (610, 11, '鞋靴', 61, '流行男鞋', 610, '商务休闲鞋');
# insert ignore into base_category_view (id, category1_id, category1_name, category2_id, category2_name, category3_id, category3_name) values (611, 11, '鞋靴', 61, '流行男鞋', 611, '正装鞋');
# insert ignore into base_category_view (id, category1_id, category1_name, category2_id, category2_name, category3_id, category3_name) values (612, 11, '鞋靴', 61, '流行男鞋', 612, '休闲鞋');
# insert ignore into base_category_view (id, category1_id, category1_name, category2_id, category2_name, category3_id, category3_name) values (613, 11, '鞋靴', 61, '流行男鞋', 613, '凉鞋/沙滩鞋');
# insert ignore into base_category_view (id, category1_id, category1_name, category2_id, category2_name, category3_id, category3_name) values (614, 11, '鞋靴', 61, '流行男鞋', 614, '男靴');
# insert ignore into base_category_view (id, category1_id, category1_name, category2_id, category2_name, category3_id, category3_name) values (615, 11, '鞋靴', 61, '流行男鞋', 615, '功能鞋');
# insert ignore into base_category_view (id, category1_id, category1_name, category2_id, category2_name, category3_id, category3_name) values (616, 11, '鞋靴', 61, '流行男鞋', 616, '拖鞋/人字拖');
# insert ignore into base_category_view (id, category1_id, category1_name, category2_id, category2_name, category3_id, category3_name) values (617, 11, '鞋靴', 61, '流行男鞋', 617, '雨鞋/雨靴');
# insert ignore into base_category_view (id, category1_id, category1_name, category2_id, category2_name, category3_id, category3_name) values (618, 11, '鞋靴', 61, '流行男鞋', 618, '传统布鞋');
# insert ignore into base_category_view (id, category1_id, category1_name, category2_id, category2_name, category3_id, category3_name) values (619, 11, '鞋靴', 61, '流行男鞋', 619, '鞋配件');
# insert ignore into base_category_view (id, category1_id, category1_name, category2_id, category2_name, category3_id, category3_name) values (620, 11, '鞋靴', 61, '流行男鞋', 620, '帆布鞋');
# insert ignore into base_category_view (id, category1_id, category1_name, category2_id, category2_name, category3_id, category3_name) values (621, 11, '鞋靴', 61, '流行男鞋', 621, '增高鞋');
# insert ignore into base_category_view (id, category1_id, category1_name, category2_id, category2_name, category3_id, category3_name) values (622, 11, '鞋靴', 61, '流行男鞋', 622, '工装鞋');
# insert ignore into base_category_view (id, category1_id, category1_name, category2_id, category2_name, category3_id, category3_name) values (623, 11, '鞋靴', 61, '流行男鞋', 623, '定制鞋');
# insert ignore into base_category_view (id, category1_id, category1_name, category2_id, category2_name, category3_id, category3_name) values (624, 11, '鞋靴', 62, '时尚女鞋', 624, '高跟鞋');
# insert ignore into base_category_view (id, category1_id, category1_name, category2_id, category2_name, category3_id, category3_name) values (625, 11, '鞋靴', 62, '时尚女鞋', 625, '单鞋');
# insert ignore into base_category_view (id, category1_id, category1_name, category2_id, category2_name, category3_id, category3_name) values (626, 11, '鞋靴', 62, '时尚女鞋', 626, '休闲鞋');
# insert ignore into base_category_view (id, category1_id, category1_name, category2_id, category2_name, category3_id, category3_name) values (627, 11, '鞋靴', 62, '时尚女鞋', 627, '凉鞋');
# insert ignore into base_category_view (id, category1_id, category1_name, category2_id, category2_name, category3_id, category3_name) values (628, 11, '鞋靴', 62, '时尚女鞋', 628, '女靴');
# insert ignore into base_category_view (id, category1_id, category1_name, category2_id, category2_name, category3_id, category3_name) values (629, 11, '鞋靴', 62, '时尚女鞋', 629, '雪地靴');
# insert ignore into base_category_view (id, category1_id, category1_name, category2_id, category2_name, category3_id, category3_name) values (630, 11, '鞋靴', 62, '时尚女鞋', 630, '拖鞋/人字拖');
# insert ignore into base_category_view (id, category1_id, category1_name, category2_id, category2_name, category3_id, category3_name) values (631, 11, '鞋靴', 62, '时尚女鞋', 631, '踝靴');
# insert ignore into base_category_view (id, category1_id, category1_name, category2_id, category2_name, category3_id, category3_name) values (632, 11, '鞋靴', 62, '时尚女鞋', 632, '筒靴');
# insert ignore into base_category_view (id, category1_id, category1_name, category2_id, category2_name, category3_id, category3_name) values (633, 11, '鞋靴', 62, '时尚女鞋', 633, '帆布鞋');
# insert ignore into base_category_view (id, category1_id, category1_name, category2_id, category2_name, category3_id, category3_name) values (634, 11, '鞋靴', 62, '时尚女鞋', 634, '雨鞋/雨靴');
# insert ignore into base_category_view (id, category1_id, category1_name, category2_id, category2_name, category3_id, category3_name) values (635, 11, '鞋靴', 62, '时尚女鞋', 635, '妈妈鞋');
# insert ignore into base_category_view (id, category1_id, category1_name, category2_id, category2_name, category3_id, category3_name) values (636, 11, '鞋靴', 62, '时尚女鞋', 636, '鞋配件');
# insert ignore into base_category_view (id, category1_id, category1_name, category2_id, category2_name, category3_id, category3_name) values (637, 11, '鞋靴', 62, '时尚女鞋', 637, '特色鞋');
# insert ignore into base_category_view (id, category1_id, category1_name, category2_id, category2_name, category3_id, category3_name) values (638, 11, '鞋靴', 62, '时尚女鞋', 638, '鱼嘴鞋');
# insert ignore into base_category_view (id, category1_id, category1_name, category2_id, category2_name, category3_id, category3_name) values (639, 11, '鞋靴', 62, '时尚女鞋', 639, '布鞋/绣花鞋');
# insert ignore into base_category_view (id, category1_id, category1_name, category2_id, category2_name, category3_id, category3_name) values (640, 11, '鞋靴', 62, '时尚女鞋', 640, '马丁靴');
# insert ignore into base_category_view (id, category1_id, category1_name, category2_id, category2_name, category3_id, category3_name) values (641, 11, '鞋靴', 62, '时尚女鞋', 641, '坡跟鞋');
# insert ignore into base_category_view (id, category1_id, category1_name, category2_id, category2_name, category3_id, category3_name) values (642, 11, '鞋靴', 62, '时尚女鞋', 642, '松糕鞋');
# insert ignore into base_category_view (id, category1_id, category1_name, category2_id, category2_name, category3_id, category3_name) values (643, 11, '鞋靴', 62, '时尚女鞋', 643, '内增高');
# insert ignore into base_category_view (id, category1_id, category1_name, category2_id, category2_name, category3_id, category3_name) values (644, 11, '鞋靴', 62, '时尚女鞋', 644, '防水台');
# insert ignore into base_category_view (id, category1_id, category1_name, category2_id, category2_name, category3_id, category3_name) values (645, 12, '母婴', 63, '奶粉', 645, '婴幼奶粉');
# insert ignore into base_category_view (id, category1_id, category1_name, category2_id, category2_name, category3_id, category3_name) values (646, 12, '母婴', 63, '奶粉', 646, '孕妈奶粉');
# insert ignore into base_category_view (id, category1_id, category1_name, category2_id, category2_name, category3_id, category3_name) values (647, 12, '母婴', 64, '营养辅食', 647, '益生菌/初乳');
# insert ignore into base_category_view (id, category1_id, category1_name, category2_id, category2_name, category3_id, category3_name) values (648, 12, '母婴', 64, '营养辅食', 648, '米粉/菜粉');
# insert ignore into base_category_view (id, category1_id, category1_name, category2_id, category2_name, category3_id, category3_name) values (649, 12, '母婴', 64, '营养辅食', 649, '果泥/果汁');
# insert ignore into base_category_view (id, category1_id, category1_name, category2_id, category2_name, category3_id, category3_name) values (650, 12, '母婴', 64, '营养辅食', 650, 'DHA');
# insert ignore into base_category_view (id, category1_id, category1_name, category2_id, category2_name, category3_id, category3_name) values (651, 12, '母婴', 64, '营养辅食', 651, '宝宝零食');
# insert ignore into base_category_view (id, category1_id, category1_name, category2_id, category2_name, category3_id, category3_name) values (652, 12, '母婴', 64, '营养辅食', 652, '钙铁锌/维生素');
# insert ignore into base_category_view (id, category1_id, category1_name, category2_id, category2_name, category3_id, category3_name) values (653, 12, '母婴', 64, '营养辅食', 653, '清火/开胃');
# insert ignore into base_category_view (id, category1_id, category1_name, category2_id, category2_name, category3_id, category3_name) values (654, 12, '母婴', 64, '营养辅食', 654, '面条/粥');
# insert ignore into base_category_view (id, category1_id, category1_name, category2_id, category2_name, category3_id, category3_name) values (655, 12, '母婴', 65, '尿裤湿巾', 655, '婴儿尿裤');
# insert ignore into base_category_view (id, category1_id, category1_name, category2_id, category2_name, category3_id, category3_name) values (656, 12, '母婴', 65, '尿裤湿巾', 656, '拉拉裤');
# insert ignore into base_category_view (id, category1_id, category1_name, category2_id, category2_name, category3_id, category3_name) values (657, 12, '母婴', 65, '尿裤湿巾', 657, '婴儿湿巾');
# insert ignore into base_category_view (id, category1_id, category1_name, category2_id, category2_name, category3_id, category3_name) values (658, 12, '母婴', 65, '尿裤湿巾', 658, '成人尿裤');
# insert ignore into base_category_view (id, category1_id, category1_name, category2_id, category2_name, category3_id, category3_name) values (659, 12, '母婴', 66, '喂养用品', 659, '奶瓶奶嘴');
# insert ignore into base_category_view (id, category1_id, category1_name, category2_id, category2_name, category3_id, category3_name) values (660, 12, '母婴', 66, '喂养用品', 660, '吸奶器');
# insert ignore into base_category_view (id, category1_id, category1_name, category2_id, category2_name, category3_id, category3_name) values (661, 12, '母婴', 66, '喂养用品', 661, '暖奶消毒');
# insert ignore into base_category_view (id, category1_id, category1_name, category2_id, category2_name, category3_id, category3_name) values (662, 12, '母婴', 66, '喂养用品', 662, '儿童餐具');
# insert ignore into base_category_view (id, category1_id, category1_name, category2_id, category2_name, category3_id, category3_name) values (663, 12, '母婴', 66, '喂养用品', 663, '水壶/水杯');
# insert ignore into base_category_view (id, category1_id, category1_name, category2_id, category2_name, category3_id, category3_name) values (664, 12, '母婴', 66, '喂养用品', 664, '牙胶安抚');
# insert ignore into base_category_view (id, category1_id, category1_name, category2_id, category2_name, category3_id, category3_name) values (665, 12, '母婴', 66, '喂养用品', 665, '围兜/防溅衣');
# insert ignore into base_category_view (id, category1_id, category1_name, category2_id, category2_name, category3_id, category3_name) values (666, 12, '母婴', 66, '喂养用品', 666, '辅食料理机');
# insert ignore into base_category_view (id, category1_id, category1_name, category2_id, category2_name, category3_id, category3_name) values (667, 12, '母婴', 66, '喂养用品', 667, '食物存储');
# insert ignore into base_category_view (id, category1_id, category1_name, category2_id, category2_name, category3_id, category3_name) values (668, 12, '母婴', 67, '洗护用品', 668, '宝宝护肤');
# insert ignore into base_category_view (id, category1_id, category1_name, category2_id, category2_name, category3_id, category3_name) values (669, 12, '母婴', 67, '洗护用品', 669, '洗发沐浴');
# insert ignore into base_category_view (id, category1_id, category1_name, category2_id, category2_name, category3_id, category3_name) values (670, 12, '母婴', 67, '洗护用品', 670, '奶瓶清洗');
# insert ignore into base_category_view (id, category1_id, category1_name, category2_id, category2_name, category3_id, category3_name) values (671, 12, '母婴', 67, '洗护用品', 671, '驱蚊防晒');
# insert ignore into base_category_view (id, category1_id, category1_name, category2_id, category2_name, category3_id, category3_name) values (672, 12, '母婴', 67, '洗护用品', 672, '理发器');
# insert ignore into base_category_view (id, category1_id, category1_name, category2_id, category2_name, category3_id, category3_name) values (673, 12, '母婴', 67, '洗护用品', 673, '洗澡用具');
# insert ignore into base_category_view (id, category1_id, category1_name, category2_id, category2_name, category3_id, category3_name) values (674, 12, '母婴', 67, '洗护用品', 674, '婴儿口腔清洁');
# insert ignore into base_category_view (id, category1_id, category1_name, category2_id, category2_name, category3_id, category3_name) values (675, 12, '母婴', 67, '洗护用品', 675, '洗衣液/皂');
# insert ignore into base_category_view (id, category1_id, category1_name, category2_id, category2_name, category3_id, category3_name) values (676, 12, '母婴', 67, '洗护用品', 676, '日常护理');
# insert ignore into base_category_view (id, category1_id, category1_name, category2_id, category2_name, category3_id, category3_name) values (677, 12, '母婴', 67, '洗护用品', 677, '座便器');
# insert ignore into base_category_view (id, category1_id, category1_name, category2_id, category2_name, category3_id, category3_name) values (678, 12, '母婴', 68, '童车童床', 678, '婴儿推车');
# insert ignore into base_category_view (id, category1_id, category1_name, category2_id, category2_name, category3_id, category3_name) values (679, 12, '母婴', 68, '童车童床', 679, '餐椅摇椅');
# insert ignore into base_category_view (id, category1_id, category1_name, category2_id, category2_name, category3_id, category3_name) values (680, 12, '母婴', 68, '童车童床', 680, '婴儿床');
# insert ignore into base_category_view (id, category1_id, category1_name, category2_id, category2_name, category3_id, category3_name) values (681, 12, '母婴', 68, '童车童床', 681, '学步车');
# insert ignore into base_category_view (id, category1_id, category1_name, category2_id, category2_name, category3_id, category3_name) values (682, 12, '母婴', 68, '童车童床', 682, '三轮车');
# insert ignore into base_category_view (id, category1_id, category1_name, category2_id, category2_name, category3_id, category3_name) values (683, 12, '母婴', 68, '童车童床', 683, '自行车');
# insert ignore into base_category_view (id, category1_id, category1_name, category2_id, category2_name, category3_id, category3_name) values (684, 12, '母婴', 68, '童车童床', 684, '电动车');
# insert ignore into base_category_view (id, category1_id, category1_name, category2_id, category2_name, category3_id, category3_name) values (685, 12, '母婴', 68, '童车童床', 685, '扭扭车');
# insert ignore into base_category_view (id, category1_id, category1_name, category2_id, category2_name, category3_id, category3_name) values (686, 12, '母婴', 68, '童车童床', 686, '滑板车');
# insert ignore into base_category_view (id, category1_id, category1_name, category2_id, category2_name, category3_id, category3_name) values (687, 12, '母婴', 68, '童车童床', 687, '婴儿床垫');
# insert ignore into base_category_view (id, category1_id, category1_name, category2_id, category2_name, category3_id, category3_name) values (688, 12, '母婴', 69, '寝居服饰', 688, '婴儿外出服');
# insert ignore into base_category_view (id, category1_id, category1_name, category2_id, category2_name, category3_id, category3_name) values (689, 12, '母婴', 69, '寝居服饰', 689, '婴儿内衣');
# insert ignore into base_category_view (id, category1_id, category1_name, category2_id, category2_name, category3_id, category3_name) values (690, 12, '母婴', 69, '寝居服饰', 690, '婴儿礼盒');
# insert ignore into base_category_view (id, category1_id, category1_name, category2_id, category2_name, category3_id, category3_name) values (691, 12, '母婴', 69, '寝居服饰', 691, '婴儿鞋帽袜');
# insert ignore into base_category_view (id, category1_id, category1_name, category2_id, category2_name, category3_id, category3_name) values (692, 12, '母婴', 69, '寝居服饰', 692, '安全防护');
# insert ignore into base_category_view (id, category1_id, category1_name, category2_id, category2_name, category3_id, category3_name) values (693, 12, '母婴', 69, '寝居服饰', 693, '家居床品');
# insert ignore into base_category_view (id, category1_id, category1_name, category2_id, category2_name, category3_id, category3_name) values (694, 12, '母婴', 69, '寝居服饰', 694, '睡袋/抱被');
# insert ignore into base_category_view (id, category1_id, category1_name, category2_id, category2_name, category3_id, category3_name) values (695, 12, '母婴', 69, '寝居服饰', 695, '爬行垫');
# insert ignore into base_category_view (id, category1_id, category1_name, category2_id, category2_name, category3_id, category3_name) values (696, 12, '母婴', 70, '妈妈专区', 696, '妈咪包/背婴带');
# insert ignore into base_category_view (id, category1_id, category1_name, category2_id, category2_name, category3_id, category3_name) values (697, 12, '母婴', 70, '妈妈专区', 697, '产后塑身');
# insert ignore into base_category_view (id, category1_id, category1_name, category2_id, category2_name, category3_id, category3_name) values (698, 12, '母婴', 70, '妈妈专区', 698, '文胸/内裤');
# insert ignore into base_category_view (id, category1_id, category1_name, category2_id, category2_name, category3_id, category3_name) values (699, 12, '母婴', 70, '妈妈专区', 699, '防辐射服');
# insert ignore into base_category_view (id, category1_id, category1_name, category2_id, category2_name, category3_id, category3_name) values (700, 12, '母婴', 70, '妈妈专区', 700, '孕妈装');
# insert ignore into base_category_view (id, category1_id, category1_name, category2_id, category2_name, category3_id, category3_name) values (701, 12, '母婴', 70, '妈妈专区', 701, '孕期营养');
# insert ignore into base_category_view (id, category1_id, category1_name, category2_id, category2_name, category3_id, category3_name) values (702, 12, '母婴', 70, '妈妈专区', 702, '孕妇护肤');
# insert ignore into base_category_view (id, category1_id, category1_name, category2_id, category2_name, category3_id, category3_name) values (703, 12, '母婴', 70, '妈妈专区', 703, '待产护理');
# insert ignore into base_category_view (id, category1_id, category1_name, category2_id, category2_name, category3_id, category3_name) values (704, 12, '母婴', 70, '妈妈专区', 704, '月子装');
# insert ignore into base_category_view (id, category1_id, category1_name, category2_id, category2_name, category3_id, category3_name) values (705, 12, '母婴', 70, '妈妈专区', 705, '防溢乳垫');
# insert ignore into base_category_view (id, category1_id, category1_name, category2_id, category2_name, category3_id, category3_name) values (706, 12, '母婴', 71, '童装童鞋', 706, '套装');
# insert ignore into base_category_view (id, category1_id, category1_name, category2_id, category2_name, category3_id, category3_name) values (707, 12, '母婴', 71, '童装童鞋', 707, '上衣');
# insert ignore into base_category_view (id, category1_id, category1_name, category2_id, category2_name, category3_id, category3_name) values (708, 12, '母婴', 71, '童装童鞋', 708, '裤子');
# insert ignore into base_category_view (id, category1_id, category1_name, category2_id, category2_name, category3_id, category3_name) values (709, 12, '母婴', 71, '童装童鞋', 709, '裙子');
# insert ignore into base_category_view (id, category1_id, category1_name, category2_id, category2_name, category3_id, category3_name) values (710, 12, '母婴', 71, '童装童鞋', 710, '内衣/家居服');
# insert ignore into base_category_view (id, category1_id, category1_name, category2_id, category2_name, category3_id, category3_name) values (711, 12, '母婴', 71, '童装童鞋', 711, '羽绒服/棉服');
# insert ignore into base_category_view (id, category1_id, category1_name, category2_id, category2_name, category3_id, category3_name) values (712, 12, '母婴', 71, '童装童鞋', 712, '亲子装');
# insert ignore into base_category_view (id, category1_id, category1_name, category2_id, category2_name, category3_id, category3_name) values (713, 12, '母婴', 71, '童装童鞋', 713, '儿童配饰');
# insert ignore into base_category_view (id, category1_id, category1_name, category2_id, category2_name, category3_id, category3_name) values (714, 12, '母婴', 71, '童装童鞋', 714, '礼服/演出服');
# insert ignore into base_category_view (id, category1_id, category1_name, category2_id, category2_name, category3_id, category3_name) values (715, 12, '母婴', 71, '童装童鞋', 715, '运动鞋');
# insert ignore into base_category_view (id, category1_id, category1_name, category2_id, category2_name, category3_id, category3_name) values (716, 12, '母婴', 71, '童装童鞋', 716, '皮鞋/帆布鞋');
# insert ignore into base_category_view (id, category1_id, category1_name, category2_id, category2_name, category3_id, category3_name) values (717, 12, '母婴', 71, '童装童鞋', 717, '靴子');
# insert ignore into base_category_view (id, category1_id, category1_name, category2_id, category2_name, category3_id, category3_name) values (718, 12, '母婴', 71, '童装童鞋', 718, '凉鞋');
# insert ignore into base_category_view (id, category1_id, category1_name, category2_id, category2_name, category3_id, category3_name) values (719, 12, '母婴', 71, '童装童鞋', 719, '功能鞋');
# insert ignore into base_category_view (id, category1_id, category1_name, category2_id, category2_name, category3_id, category3_name) values (720, 12, '母婴', 71, '童装童鞋', 720, '户外/运动服');
# insert ignore into base_category_view (id, category1_id, category1_name, category2_id, category2_name, category3_id, category3_name) values (721, 12, '母婴', 72, '安全座椅', 721, '提篮式');
# insert ignore into base_category_view (id, category1_id, category1_name, category2_id, category2_name, category3_id, category3_name) values (722, 12, '母婴', 72, '安全座椅', 722, '安全座椅');
# insert ignore into base_category_view (id, category1_id, category1_name, category2_id, category2_name, category3_id, category3_name) values (723, 12, '母婴', 72, '安全座椅', 723, '增高垫');
# insert ignore into base_category_view (id, category1_id, category1_name, category2_id, category2_name, category3_id, category3_name) values (724, 13, '礼品箱包', 73, '潮流女包', 724, '钱包');
# insert ignore into base_category_view (id, category1_id, category1_name, category2_id, category2_name, category3_id, category3_name) values (725, 13, '礼品箱包', 73, '潮流女包', 725, '手拿包');
# insert ignore into base_category_view (id, category1_id, category1_name, category2_id, category2_name, category3_id, category3_name) values (726, 13, '礼品箱包', 73, '潮流女包', 726, '单肩包');
# insert ignore into base_category_view (id, category1_id, category1_name, category2_id, category2_name, category3_id, category3_name) values (727, 13, '礼品箱包', 73, '潮流女包', 727, '双肩包');
# insert ignore into base_category_view (id, category1_id, category1_name, category2_id, category2_name, category3_id, category3_name) values (728, 13, '礼品箱包', 73, '潮流女包', 728, '手提包');
# insert ignore into base_category_view (id, category1_id, category1_name, category2_id, category2_name, category3_id, category3_name) values (729, 13, '礼品箱包', 73, '潮流女包', 729, '斜挎包');
# insert ignore into base_category_view (id, category1_id, category1_name, category2_id, category2_name, category3_id, category3_name) values (730, 13, '礼品箱包', 73, '潮流女包', 730, '钥匙包');
# insert ignore into base_category_view (id, category1_id, category1_name, category2_id, category2_name, category3_id, category3_name) values (731, 13, '礼品箱包', 73, '潮流女包', 731, '卡包/零钱包');
# insert ignore into base_category_view (id, category1_id, category1_name, category2_id, category2_name, category3_id, category3_name) values (732, 13, '礼品箱包', 74, '精品男包', 732, '男士钱包');
# insert ignore into base_category_view (id, category1_id, category1_name, category2_id, category2_name, category3_id, category3_name) values (733, 13, '礼品箱包', 74, '精品男包', 733, '男士手包');
# insert ignore into base_category_view (id, category1_id, category1_name, category2_id, category2_name, category3_id, category3_name) values (734, 13, '礼品箱包', 74, '精品男包', 734, '卡包名片夹');
# insert ignore into base_category_view (id, category1_id, category1_name, category2_id, category2_name, category3_id, category3_name) values (735, 13, '礼品箱包', 74, '精品男包', 735, '商务公文包');
# insert ignore into base_category_view (id, category1_id, category1_name, category2_id, category2_name, category3_id, category3_name) values (736, 13, '礼品箱包', 74, '精品男包', 736, '双肩包');
# insert ignore into base_category_view (id, category1_id, category1_name, category2_id, category2_name, category3_id, category3_name) values (737, 13, '礼品箱包', 74, '精品男包', 737, '单肩/斜挎包');
# insert ignore into base_category_view (id, category1_id, category1_name, category2_id, category2_name, category3_id, category3_name) values (738, 13, '礼品箱包', 74, '精品男包', 738, '钥匙包');
# insert ignore into base_category_view (id, category1_id, category1_name, category2_id, category2_name, category3_id, category3_name) values (739, 13, '礼品箱包', 75, '功能箱包', 739, '电脑包');
# insert ignore into base_category_view (id, category1_id, category1_name, category2_id, category2_name, category3_id, category3_name) values (740, 13, '礼品箱包', 75, '功能箱包', 740, '拉杆箱');
# insert ignore into base_category_view (id, category1_id, category1_name, category2_id, category2_name, category3_id, category3_name) values (741, 13, '礼品箱包', 75, '功能箱包', 741, '旅行包');
# insert ignore into base_category_view (id, category1_id, category1_name, category2_id, category2_name, category3_id, category3_name) values (742, 13, '礼品箱包', 75, '功能箱包', 742, '旅行配件');
# insert ignore into base_category_view (id, category1_id, category1_name, category2_id, category2_name, category3_id, category3_name) values (743, 13, '礼品箱包', 75, '功能箱包', 743, '休闲运动包');
# insert ignore into base_category_view (id, category1_id, category1_name, category2_id, category2_name, category3_id, category3_name) values (744, 13, '礼品箱包', 75, '功能箱包', 744, '拉杆包');
# insert ignore into base_category_view (id, category1_id, category1_name, category2_id, category2_name, category3_id, category3_name) values (745, 13, '礼品箱包', 75, '功能箱包', 745, '登山包');
# insert ignore into base_category_view (id, category1_id, category1_name, category2_id, category2_name, category3_id, category3_name) values (746, 13, '礼品箱包', 75, '功能箱包', 746, '妈咪包');
# insert ignore into base_category_view (id, category1_id, category1_name, category2_id, category2_name, category3_id, category3_name) values (747, 13, '礼品箱包', 75, '功能箱包', 747, '书包');
# insert ignore into base_category_view (id, category1_id, category1_name, category2_id, category2_name, category3_id, category3_name) values (748, 13, '礼品箱包', 75, '功能箱包', 748, '相机包');
# insert ignore into base_category_view (id, category1_id, category1_name, category2_id, category2_name, category3_id, category3_name) values (749, 13, '礼品箱包', 75, '功能箱包', 749, '腰包/胸包');
# insert ignore into base_category_view (id, category1_id, category1_name, category2_id, category2_name, category3_id, category3_name) values (750, 13, '礼品箱包', 76, '礼品', 750, '火机烟具');
# insert ignore into base_category_view (id, category1_id, category1_name, category2_id, category2_name, category3_id, category3_name) values (751, 13, '礼品箱包', 76, '礼品', 751, '礼品文具');
# insert ignore into base_category_view (id, category1_id, category1_name, category2_id, category2_name, category3_id, category3_name) values (752, 13, '礼品箱包', 76, '礼品', 752, '军刀军具');
# insert ignore into base_category_view (id, category1_id, category1_name, category2_id, category2_name, category3_id, category3_name) values (753, 13, '礼品箱包', 76, '礼品', 753, '收藏品');
# insert ignore into base_category_view (id, category1_id, category1_name, category2_id, category2_name, category3_id, category3_name) values (754, 13, '礼品箱包', 76, '礼品', 754, '工艺礼品');
# insert ignore into base_category_view (id, category1_id, category1_name, category2_id, category2_name, category3_id, category3_name) values (755, 13, '礼品箱包', 76, '礼品', 755, '创意礼品');
# insert ignore into base_category_view (id, category1_id, category1_name, category2_id, category2_name, category3_id, category3_name) values (756, 13, '礼品箱包', 76, '礼品', 756, '礼盒礼券');
# insert ignore into base_category_view (id, category1_id, category1_name, category2_id, category2_name, category3_id, category3_name) values (757, 13, '礼品箱包', 76, '礼品', 757, '鲜花绿植');
# insert ignore into base_category_view (id, category1_id, category1_name, category2_id, category2_name, category3_id, category3_name) values (758, 13, '礼品箱包', 76, '礼品', 758, '婚庆节庆');
# insert ignore into base_category_view (id, category1_id, category1_name, category2_id, category2_name, category3_id, category3_name) values (759, 13, '礼品箱包', 76, '礼品', 759, '京东卡');
# insert ignore into base_category_view (id, category1_id, category1_name, category2_id, category2_name, category3_id, category3_name) values (760, 13, '礼品箱包', 76, '礼品', 760, '美妆礼品');
# insert ignore into base_category_view (id, category1_id, category1_name, category2_id, category2_name, category3_id, category3_name) values (761, 13, '礼品箱包', 76, '礼品', 761, '礼品定制');
# insert ignore into base_category_view (id, category1_id, category1_name, category2_id, category2_name, category3_id, category3_name) values (762, 13, '礼品箱包', 76, '礼品', 762, '京东福卡');
# insert ignore into base_category_view (id, category1_id, category1_name, category2_id, category2_name, category3_id, category3_name) values (763, 13, '礼品箱包', 76, '礼品', 763, '古董文玩');
# insert ignore into base_category_view (id, category1_id, category1_name, category2_id, category2_name, category3_id, category3_name) values (764, 13, '礼品箱包', 77, '奢侈品', 764, '箱包');
# insert ignore into base_category_view (id, category1_id, category1_name, category2_id, category2_name, category3_id, category3_name) values (765, 13, '礼品箱包', 77, '奢侈品', 765, '钱包');
# insert ignore into base_category_view (id, category1_id, category1_name, category2_id, category2_name, category3_id, category3_name) values (766, 13, '礼品箱包', 77, '奢侈品', 766, '服饰');
# insert ignore into base_category_view (id, category1_id, category1_name, category2_id, category2_name, category3_id, category3_name) values (767, 13, '礼品箱包', 77, '奢侈品', 767, '腰带');
# insert ignore into base_category_view (id, category1_id, category1_name, category2_id, category2_name, category3_id, category3_name) values (768, 13, '礼品箱包', 77, '奢侈品', 768, '太阳镜/眼镜框');
# insert ignore into base_category_view (id, category1_id, category1_name, category2_id, category2_name, category3_id, category3_name) values (769, 13, '礼品箱包', 77, '奢侈品', 769, '配件');
# insert ignore into base_category_view (id, category1_id, category1_name, category2_id, category2_name, category3_id, category3_name) values (770, 13, '礼品箱包', 77, '奢侈品', 770, '鞋靴');
# insert ignore into base_category_view (id, category1_id, category1_name, category2_id, category2_name, category3_id, category3_name) values (771, 13, '礼品箱包', 77, '奢侈品', 771, '饰品');
# insert ignore into base_category_view (id, category1_id, category1_name, category2_id, category2_name, category3_id, category3_name) values (772, 13, '礼品箱包', 77, '奢侈品', 772, '名品腕表');
# insert ignore into base_category_view (id, category1_id, category1_name, category2_id, category2_name, category3_id, category3_name) values (773, 13, '礼品箱包', 77, '奢侈品', 773, '高档化妆品');
# insert ignore into base_category_view (id, category1_id, category1_name, category2_id, category2_name, category3_id, category3_name) values (774, 13, '礼品箱包', 78, '婚庆', 774, '婚嫁首饰');
# insert ignore into base_category_view (id, category1_id, category1_name, category2_id, category2_name, category3_id, category3_name) values (775, 13, '礼品箱包', 78, '婚庆', 775, '婚纱摄影');
# insert ignore into base_category_view (id, category1_id, category1_name, category2_id, category2_name, category3_id, category3_name) values (776, 13, '礼品箱包', 78, '婚庆', 776, '婚纱礼服');
# insert ignore into base_category_view (id, category1_id, category1_name, category2_id, category2_name, category3_id, category3_name) values (777, 13, '礼品箱包', 78, '婚庆', 777, '婚庆服务');
# insert ignore into base_category_view (id, category1_id, category1_name, category2_id, category2_name, category3_id, category3_name) values (778, 13, '礼品箱包', 78, '婚庆', 778, '婚庆礼品/用品');
# insert ignore into base_category_view (id, category1_id, category1_name, category2_id, category2_name, category3_id, category3_name) values (779, 13, '礼品箱包', 78, '婚庆', 779, '婚宴');
# insert ignore into base_category_view (id, category1_id, category1_name, category2_id, category2_name, category3_id, category3_name) values (780, 14, '食品饮料、保健食品', 79, '进口食品', 780, '饼干蛋糕');
# insert ignore into base_category_view (id, category1_id, category1_name, category2_id, category2_name, category3_id, category3_name) values (781, 14, '食品饮料、保健食品', 79, '进口食品', 781, '糖果/巧克力');
# insert ignore into base_category_view (id, category1_id, category1_name, category2_id, category2_name, category3_id, category3_name) values (782, 14, '食品饮料、保健食品', 79, '进口食品', 782, '休闲零食');
# insert ignore into base_category_view (id, category1_id, category1_name, category2_id, category2_name, category3_id, category3_name) values (783, 14, '食品饮料、保健食品', 79, '进口食品', 783, '冲调饮品');
# insert ignore into base_category_view (id, category1_id, category1_name, category2_id, category2_name, category3_id, category3_name) values (784, 14, '食品饮料、保健食品', 79, '进口食品', 784, '粮油调味');
# insert ignore into base_category_view (id, category1_id, category1_name, category2_id, category2_name, category3_id, category3_name) values (785, 14, '食品饮料、保健食品', 79, '进口食品', 785, '牛奶');
# insert ignore into base_category_view (id, category1_id, category1_name, category2_id, category2_name, category3_id, category3_name) values (786, 14, '食品饮料、保健食品', 80, '地方特产', 786, '其他特产');
# insert ignore into base_category_view (id, category1_id, category1_name, category2_id, category2_name, category3_id, category3_name) values (787, 14, '食品饮料、保健食品', 80, '地方特产', 787, '新疆');
# insert ignore into base_category_view (id, category1_id, category1_name, category2_id, category2_name, category3_id, category3_name) values (788, 14, '食品饮料、保健食品', 80, '地方特产', 788, '北京');
# insert ignore into base_category_view (id, category1_id, category1_name, category2_id, category2_name, category3_id, category3_name) values (789, 14, '食品饮料、保健食品', 80, '地方特产', 789, '山西');
# insert ignore into base_category_view (id, category1_id, category1_name, category2_id, category2_name, category3_id, category3_name) values (790, 14, '食品饮料、保健食品', 80, '地方特产', 790, '内蒙古');
# insert ignore into base_category_view (id, category1_id, category1_name, category2_id, category2_name, category3_id, category3_name) values (791, 14, '食品饮料、保健食品', 80, '地方特产', 791, '福建');
# insert ignore into base_category_view (id, category1_id, category1_name, category2_id, category2_name, category3_id, category3_name) values (792, 14, '食品饮料、保健食品', 80, '地方特产', 792, '湖南');
# insert ignore into base_category_view (id, category1_id, category1_name, category2_id, category2_name, category3_id, category3_name) values (793, 14, '食品饮料、保健食品', 80, '地方特产', 793, '四川');
# insert ignore into base_category_view (id, category1_id, category1_name, category2_id, category2_name, category3_id, category3_name) values (794, 14, '食品饮料、保健食品', 80, '地方特产', 794, '云南');
# insert ignore into base_category_view (id, category1_id, category1_name, category2_id, category2_name, category3_id, category3_name) values (795, 14, '食品饮料、保健食品', 80, '地方特产', 795, '东北');
# insert ignore into base_category_view (id, category1_id, category1_name, category2_id, category2_name, category3_id, category3_name) values (796, 14, '食品饮料、保健食品', 81, '休闲食品', 796, '休闲零食');
# insert ignore into base_category_view (id, category1_id, category1_name, category2_id, category2_name, category3_id, category3_name) values (797, 14, '食品饮料、保健食品', 81, '休闲食品', 797, '坚果炒货');
# insert ignore into base_category_view (id, category1_id, category1_name, category2_id, category2_name, category3_id, category3_name) values (798, 14, '食品饮料、保健食品', 81, '休闲食品', 798, '肉干肉脯');
# insert ignore into base_category_view (id, category1_id, category1_name, category2_id, category2_name, category3_id, category3_name) values (799, 14, '食品饮料、保健食品', 81, '休闲食品', 799, '蜜饯果干');
# insert ignore into base_category_view (id, category1_id, category1_name, category2_id, category2_name, category3_id, category3_name) values (800, 14, '食品饮料、保健食品', 81, '休闲食品', 800, '糖果/巧克力');
# insert ignore into base_category_view (id, category1_id, category1_name, category2_id, category2_name, category3_id, category3_name) values (801, 14, '食品饮料、保健食品', 81, '休闲食品', 801, '饼干蛋糕');
# insert ignore into base_category_view (id, category1_id, category1_name, category2_id, category2_name, category3_id, category3_name) values (802, 14, '食品饮料、保健食品', 81, '休闲食品', 802, '无糖食品');
# insert ignore into base_category_view (id, category1_id, category1_name, category2_id, category2_name, category3_id, category3_name) values (803, 14, '食品饮料、保健食品', 82, '粮油调味', 803, '米面杂粮');
# insert ignore into base_category_view (id, category1_id, category1_name, category2_id, category2_name, category3_id, category3_name) values (804, 14, '食品饮料、保健食品', 82, '粮油调味', 804, '食用油');
# insert ignore into base_category_view (id, category1_id, category1_name, category2_id, category2_name, category3_id, category3_name) values (805, 14, '食品饮料、保健食品', 82, '粮油调味', 805, '调味品');
# insert ignore into base_category_view (id, category1_id, category1_name, category2_id, category2_name, category3_id, category3_name) values (806, 14, '食品饮料、保健食品', 82, '粮油调味', 806, '南北干货');
# insert ignore into base_category_view (id, category1_id, category1_name, category2_id, category2_name, category3_id, category3_name) values (807, 14, '食品饮料、保健食品', 82, '粮油调味', 807, '方便食品');
# insert ignore into base_category_view (id, category1_id, category1_name, category2_id, category2_name, category3_id, category3_name) values (808, 14, '食品饮料、保健食品', 82, '粮油调味', 808, '有机食品');
# insert ignore into base_category_view (id, category1_id, category1_name, category2_id, category2_name, category3_id, category3_name) values (809, 14, '食品饮料、保健食品', 83, '饮料冲调', 809, '饮用水');
# insert ignore into base_category_view (id, category1_id, category1_name, category2_id, category2_name, category3_id, category3_name) values (810, 14, '食品饮料、保健食品', 83, '饮料冲调', 810, '饮料');
# insert ignore into base_category_view (id, category1_id, category1_name, category2_id, category2_name, category3_id, category3_name) values (811, 14, '食品饮料、保健食品', 83, '饮料冲调', 811, '牛奶乳品');
# insert ignore into base_category_view (id, category1_id, category1_name, category2_id, category2_name, category3_id, category3_name) values (812, 14, '食品饮料、保健食品', 83, '饮料冲调', 812, '咖啡/奶茶');
# insert ignore into base_category_view (id, category1_id, category1_name, category2_id, category2_name, category3_id, category3_name) values (813, 14, '食品饮料、保健食品', 83, '饮料冲调', 813, '冲饮谷物');
# insert ignore into base_category_view (id, category1_id, category1_name, category2_id, category2_name, category3_id, category3_name) values (814, 14, '食品饮料、保健食品', 83, '饮料冲调', 814, '蜂蜜/柚子茶');
# insert ignore into base_category_view (id, category1_id, category1_name, category2_id, category2_name, category3_id, category3_name) values (815, 14, '食品饮料、保健食品', 83, '饮料冲调', 815, '成人奶粉');
# insert ignore into base_category_view (id, category1_id, category1_name, category2_id, category2_name, category3_id, category3_name) values (816, 14, '食品饮料、保健食品', 84, '食品礼券', 816, '月饼');
# insert ignore into base_category_view (id, category1_id, category1_name, category2_id, category2_name, category3_id, category3_name) values (817, 14, '食品饮料、保健食品', 84, '食品礼券', 817, '大闸蟹');
# insert ignore into base_category_view (id, category1_id, category1_name, category2_id, category2_name, category3_id, category3_name) values (818, 14, '食品饮料、保健食品', 84, '食品礼券', 818, '粽子');
# insert ignore into base_category_view (id, category1_id, category1_name, category2_id, category2_name, category3_id, category3_name) values (819, 14, '食品饮料、保健食品', 84, '食品礼券', 819, '卡券');
# insert ignore into base_category_view (id, category1_id, category1_name, category2_id, category2_name, category3_id, category3_name) values (820, 14, '食品饮料、保健食品', 85, '茗茶', 820, '铁观音');
# insert ignore into base_category_view (id, category1_id, category1_name, category2_id, category2_name, category3_id, category3_name) values (821, 14, '食品饮料、保健食品', 85, '茗茶', 821, '普洱');
# insert ignore into base_category_view (id, category1_id, category1_name, category2_id, category2_name, category3_id, category3_name) values (822, 14, '食品饮料、保健食品', 85, '茗茶', 822, '龙井');
# insert ignore into base_category_view (id, category1_id, category1_name, category2_id, category2_name, category3_id, category3_name) values (823, 14, '食品饮料、保健食品', 85, '茗茶', 823, '绿茶');
# insert ignore into base_category_view (id, category1_id, category1_name, category2_id, category2_name, category3_id, category3_name) values (824, 14, '食品饮料、保健食品', 85, '茗茶', 824, '红茶');
# insert ignore into base_category_view (id, category1_id, category1_name, category2_id, category2_name, category3_id, category3_name) values (825, 14, '食品饮料、保健食品', 85, '茗茶', 825, '乌龙茶');
# insert ignore into base_category_view (id, category1_id, category1_name, category2_id, category2_name, category3_id, category3_name) values (826, 14, '食品饮料、保健食品', 85, '茗茶', 826, '花草茶');
# insert ignore into base_category_view (id, category1_id, category1_name, category2_id, category2_name, category3_id, category3_name) values (827, 14, '食品饮料、保健食品', 85, '茗茶', 827, '花果茶');
# insert ignore into base_category_view (id, category1_id, category1_name, category2_id, category2_name, category3_id, category3_name) values (828, 14, '食品饮料、保健食品', 85, '茗茶', 828, '养生茶');
# insert ignore into base_category_view (id, category1_id, category1_name, category2_id, category2_name, category3_id, category3_name) values (829, 14, '食品饮料、保健食品', 85, '茗茶', 829, '黑茶');
# insert ignore into base_category_view (id, category1_id, category1_name, category2_id, category2_name, category3_id, category3_name) values (830, 14, '食品饮料、保健食品', 85, '茗茶', 830, '白茶');
# insert ignore into base_category_view (id, category1_id, category1_name, category2_id, category2_name, category3_id, category3_name) values (831, 14, '食品饮料、保健食品', 85, '茗茶', 831, '其它茶');
# insert ignore into base_category_view (id, category1_id, category1_name, category2_id, category2_name, category3_id, category3_name) values (832, 15, '珠宝', 86, '时尚饰品', 832, '项链');
# insert ignore into base_category_view (id, category1_id, category1_name, category2_id, category2_name, category3_id, category3_name) values (833, 15, '珠宝', 86, '时尚饰品', 833, '手链/脚链');
# insert ignore into base_category_view (id, category1_id, category1_name, category2_id, category2_name, category3_id, category3_name) values (834, 15, '珠宝', 86, '时尚饰品', 834, '戒指');
# insert ignore into base_category_view (id, category1_id, category1_name, category2_id, category2_name, category3_id, category3_name) values (835, 15, '珠宝', 86, '时尚饰品', 835, '耳饰');
# insert ignore into base_category_view (id, category1_id, category1_name, category2_id, category2_name, category3_id, category3_name) values (836, 15, '珠宝', 86, '时尚饰品', 836, '毛衣链');
# insert ignore into base_category_view (id, category1_id, category1_name, category2_id, category2_name, category3_id, category3_name) values (837, 15, '珠宝', 86, '时尚饰品', 837, '发饰/发卡');
# insert ignore into base_category_view (id, category1_id, category1_name, category2_id, category2_name, category3_id, category3_name) values (838, 15, '珠宝', 86, '时尚饰品', 838, '胸针');
# insert ignore into base_category_view (id, category1_id, category1_name, category2_id, category2_name, category3_id, category3_name) values (839, 15, '珠宝', 86, '时尚饰品', 839, '饰品配件');
# insert ignore into base_category_view (id, category1_id, category1_name, category2_id, category2_name, category3_id, category3_name) values (840, 15, '珠宝', 86, '时尚饰品', 840, '婚庆饰品');
# insert ignore into base_category_view (id, category1_id, category1_name, category2_id, category2_name, category3_id, category3_name) values (841, 15, '珠宝', 87, '黄金', 841, '黄金吊坠');
# insert ignore into base_category_view (id, category1_id, category1_name, category2_id, category2_name, category3_id, category3_name) values (842, 15, '珠宝', 87, '黄金', 842, '黄金项链');
# insert ignore into base_category_view (id, category1_id, category1_name, category2_id, category2_name, category3_id, category3_name) values (843, 15, '珠宝', 87, '黄金', 843, '黄金转运珠');
# insert ignore into base_category_view (id, category1_id, category1_name, category2_id, category2_name, category3_id, category3_name) values (844, 15, '珠宝', 87, '黄金', 844, '黄金手镯/手链/脚链');
# insert ignore into base_category_view (id, category1_id, category1_name, category2_id, category2_name, category3_id, category3_name) values (845, 15, '珠宝', 87, '黄金', 845, '黄金耳饰');
# insert ignore into base_category_view (id, category1_id, category1_name, category2_id, category2_name, category3_id, category3_name) values (846, 15, '珠宝', 87, '黄金', 846, '黄金戒指');
# insert ignore into base_category_view (id, category1_id, category1_name, category2_id, category2_name, category3_id, category3_name) values (847, 15, '珠宝', 88, 'K金饰品', 847, 'K金吊坠');
# insert ignore into base_category_view (id, category1_id, category1_name, category2_id, category2_name, category3_id, category3_name) values (848, 15, '珠宝', 88, 'K金饰品', 848, 'K金项链');
# insert ignore into base_category_view (id, category1_id, category1_name, category2_id, category2_name, category3_id, category3_name) values (849, 15, '珠宝', 88, 'K金饰品', 849, 'K金手镯/手链/脚链');
# insert ignore into base_category_view (id, category1_id, category1_name, category2_id, category2_name, category3_id, category3_name) values (850, 15, '珠宝', 88, 'K金饰品', 850, 'K金戒指');
# insert ignore into base_category_view (id, category1_id, category1_name, category2_id, category2_name, category3_id, category3_name) values (851, 15, '珠宝', 88, 'K金饰品', 851, 'K金耳饰');
# insert ignore into base_category_view (id, category1_id, category1_name, category2_id, category2_name, category3_id, category3_name) values (852, 15, '珠宝', 89, '金银投资', 852, '投资金');
# insert ignore into base_category_view (id, category1_id, category1_name, category2_id, category2_name, category3_id, category3_name) values (853, 15, '珠宝', 89, '金银投资', 853, '投资银');
# insert ignore into base_category_view (id, category1_id, category1_name, category2_id, category2_name, category3_id, category3_name) values (854, 15, '珠宝', 89, '金银投资', 854, '投资收藏');
# insert ignore into base_category_view (id, category1_id, category1_name, category2_id, category2_name, category3_id, category3_name) values (855, 15, '珠宝', 90, '银饰', 855, '银吊坠/项链');
# insert ignore into base_category_view (id, category1_id, category1_name, category2_id, category2_name, category3_id, category3_name) values (856, 15, '珠宝', 90, '银饰', 856, '银手镯/手链/脚链');
# insert ignore into base_category_view (id, category1_id, category1_name, category2_id, category2_name, category3_id, category3_name) values (857, 15, '珠宝', 90, '银饰', 857, '银戒指');
# insert ignore into base_category_view (id, category1_id, category1_name, category2_id, category2_name, category3_id, category3_name) values (858, 15, '珠宝', 90, '银饰', 858, '银耳饰');
# insert ignore into base_category_view (id, category1_id, category1_name, category2_id, category2_name, category3_id, category3_name) values (859, 15, '珠宝', 90, '银饰', 859, '足银手镯');
# insert ignore into base_category_view (id, category1_id, category1_name, category2_id, category2_name, category3_id, category3_name) values (860, 15, '珠宝', 90, '银饰', 860, '宝宝银饰');
# insert ignore into base_category_view (id, category1_id, category1_name, category2_id, category2_name, category3_id, category3_name) values (861, 15, '珠宝', 91, '钻石', 861, '裸钻');
# insert ignore into base_category_view (id, category1_id, category1_name, category2_id, category2_name, category3_id, category3_name) values (862, 15, '珠宝', 91, '钻石', 862, '钻戒');
# insert ignore into base_category_view (id, category1_id, category1_name, category2_id, category2_name, category3_id, category3_name) values (863, 15, '珠宝', 91, '钻石', 863, '钻石项链/吊坠');
# insert ignore into base_category_view (id, category1_id, category1_name, category2_id, category2_name, category3_id, category3_name) values (864, 15, '珠宝', 91, '钻石', 864, '钻石耳饰');
# insert ignore into base_category_view (id, category1_id, category1_name, category2_id, category2_name, category3_id, category3_name) values (865, 15, '珠宝', 91, '钻石', 865, '钻石手镯/手链');
# insert ignore into base_category_view (id, category1_id, category1_name, category2_id, category2_name, category3_id, category3_name) values (866, 15, '珠宝', 92, '翡翠玉石', 866, '项链/吊坠');
# insert ignore into base_category_view (id, category1_id, category1_name, category2_id, category2_name, category3_id, category3_name) values (867, 15, '珠宝', 92, '翡翠玉石', 867, '手镯/手串');
# insert ignore into base_category_view (id, category1_id, category1_name, category2_id, category2_name, category3_id, category3_name) values (868, 15, '珠宝', 92, '翡翠玉石', 868, '戒指');
# insert ignore into base_category_view (id, category1_id, category1_name, category2_id, category2_name, category3_id, category3_name) values (869, 15, '珠宝', 92, '翡翠玉石', 869, '耳饰');
# insert ignore into base_category_view (id, category1_id, category1_name, category2_id, category2_name, category3_id, category3_name) values (870, 15, '珠宝', 92, '翡翠玉石', 870, '挂件/摆件/把件');
# insert ignore into base_category_view (id, category1_id, category1_name, category2_id, category2_name, category3_id, category3_name) values (871, 15, '珠宝', 92, '翡翠玉石', 871, '玉石孤品');
# insert ignore into base_category_view (id, category1_id, category1_name, category2_id, category2_name, category3_id, category3_name) values (872, 15, '珠宝', 93, '水晶玛瑙', 872, '项链/吊坠');
# insert ignore into base_category_view (id, category1_id, category1_name, category2_id, category2_name, category3_id, category3_name) values (873, 15, '珠宝', 93, '水晶玛瑙', 873, '耳饰');
# insert ignore into base_category_view (id, category1_id, category1_name, category2_id, category2_name, category3_id, category3_name) values (874, 15, '珠宝', 93, '水晶玛瑙', 874, '手镯/手链/脚链');
# insert ignore into base_category_view (id, category1_id, category1_name, category2_id, category2_name, category3_id, category3_name) values (875, 15, '珠宝', 93, '水晶玛瑙', 875, '戒指');
# insert ignore into base_category_view (id, category1_id, category1_name, category2_id, category2_name, category3_id, category3_name) values (876, 15, '珠宝', 93, '水晶玛瑙', 876, '头饰/胸针');
# insert ignore into base_category_view (id, category1_id, category1_name, category2_id, category2_name, category3_id, category3_name) values (877, 15, '珠宝', 93, '水晶玛瑙', 877, '摆件/挂件');
# insert ignore into base_category_view (id, category1_id, category1_name, category2_id, category2_name, category3_id, category3_name) values (878, 15, '珠宝', 94, '彩宝', 878, '琥珀/蜜蜡');
# insert ignore into base_category_view (id, category1_id, category1_name, category2_id, category2_name, category3_id, category3_name) values (879, 15, '珠宝', 94, '彩宝', 879, '碧玺');
# insert ignore into base_category_view (id, category1_id, category1_name, category2_id, category2_name, category3_id, category3_name) values (880, 15, '珠宝', 94, '彩宝', 880, '红宝石/蓝宝石');
# insert ignore into base_category_view (id, category1_id, category1_name, category2_id, category2_name, category3_id, category3_name) values (881, 15, '珠宝', 94, '彩宝', 881, '坦桑石');
# insert ignore into base_category_view (id, category1_id, category1_name, category2_id, category2_name, category3_id, category3_name) values (882, 15, '珠宝', 94, '彩宝', 882, '珊瑚');
# insert ignore into base_category_view (id, category1_id, category1_name, category2_id, category2_name, category3_id, category3_name) values (883, 15, '珠宝', 94, '彩宝', 883, '祖母绿');
# insert ignore into base_category_view (id, category1_id, category1_name, category2_id, category2_name, category3_id, category3_name) values (884, 15, '珠宝', 94, '彩宝', 884, '葡萄石');
# insert ignore into base_category_view (id, category1_id, category1_name, category2_id, category2_name, category3_id, category3_name) values (885, 15, '珠宝', 94, '彩宝', 885, '其他天然宝石');
# insert ignore into base_category_view (id, category1_id, category1_name, category2_id, category2_name, category3_id, category3_name) values (886, 15, '珠宝', 94, '彩宝', 886, '项链/吊坠');
# insert ignore into base_category_view (id, category1_id, category1_name, category2_id, category2_name, category3_id, category3_name) values (887, 15, '珠宝', 94, '彩宝', 887, '耳饰');
# insert ignore into base_category_view (id, category1_id, category1_name, category2_id, category2_name, category3_id, category3_name) values (888, 15, '珠宝', 94, '彩宝', 888, '手镯/手链');
# insert ignore into base_category_view (id, category1_id, category1_name, category2_id, category2_name, category3_id, category3_name) values (889, 15, '珠宝', 94, '彩宝', 889, '戒指');
# insert ignore into base_category_view (id, category1_id, category1_name, category2_id, category2_name, category3_id, category3_name) values (890, 15, '珠宝', 95, '铂金', 890, '铂金项链/吊坠');
# insert ignore into base_category_view (id, category1_id, category1_name, category2_id, category2_name, category3_id, category3_name) values (891, 15, '珠宝', 95, '铂金', 891, '铂金手镯/手链/脚链');
# insert ignore into base_category_view (id, category1_id, category1_name, category2_id, category2_name, category3_id, category3_name) values (892, 15, '珠宝', 95, '铂金', 892, '铂金戒指');
# insert ignore into base_category_view (id, category1_id, category1_name, category2_id, category2_name, category3_id, category3_name) values (893, 15, '珠宝', 95, '铂金', 893, '铂金耳饰');
# insert ignore into base_category_view (id, category1_id, category1_name, category2_id, category2_name, category3_id, category3_name) values (894, 15, '珠宝', 96, '木手串/把件', 894, '小叶紫檀');
# insert ignore into base_category_view (id, category1_id, category1_name, category2_id, category2_name, category3_id, category3_name) values (895, 15, '珠宝', 96, '木手串/把件', 895, '黄花梨');
# insert ignore into base_category_view (id, category1_id, category1_name, category2_id, category2_name, category3_id, category3_name) values (896, 15, '珠宝', 96, '木手串/把件', 896, '沉香木');
# insert ignore into base_category_view (id, category1_id, category1_name, category2_id, category2_name, category3_id, category3_name) values (897, 15, '珠宝', 96, '木手串/把件', 897, '金丝楠');
# insert ignore into base_category_view (id, category1_id, category1_name, category2_id, category2_name, category3_id, category3_name) values (898, 15, '珠宝', 96, '木手串/把件', 898, '菩提');
# insert ignore into base_category_view (id, category1_id, category1_name, category2_id, category2_name, category3_id, category3_name) values (899, 15, '珠宝', 96, '木手串/把件', 899, '其他');
# insert ignore into base_category_view (id, category1_id, category1_name, category2_id, category2_name, category3_id, category3_name) values (900, 15, '珠宝', 96, '木手串/把件', 900, '橄榄核/核桃');
# insert ignore into base_category_view (id, category1_id, category1_name, category2_id, category2_name, category3_id, category3_name) values (901, 15, '珠宝', 96, '木手串/把件', 901, '檀香');
# insert ignore into base_category_view (id, category1_id, category1_name, category2_id, category2_name, category3_id, category3_name) values (902, 15, '珠宝', 97, '珍珠', 902, '珍珠项链');
# insert ignore into base_category_view (id, category1_id, category1_name, category2_id, category2_name, category3_id, category3_name) values (903, 15, '珠宝', 97, '珍珠', 903, '珍珠吊坠');
# insert ignore into base_category_view (id, category1_id, category1_name, category2_id, category2_name, category3_id, category3_name) values (904, 15, '珠宝', 97, '珍珠', 904, '珍珠耳饰');
# insert ignore into base_category_view (id, category1_id, category1_name, category2_id, category2_name, category3_id, category3_name) values (905, 15, '珠宝', 97, '珍珠', 905, '珍珠手链');
# insert ignore into base_category_view (id, category1_id, category1_name, category2_id, category2_name, category3_id, category3_name) values (906, 15, '珠宝', 97, '珍珠', 906, '珍珠戒指');
# insert ignore into base_category_view (id, category1_id, category1_name, category2_id, category2_name, category3_id, category3_name) values (907, 15, '珠宝', 97, '珍珠', 907, '珍珠胸针');
# insert ignore into base_category_view (id, category1_id, category1_name, category2_id, category2_name, category3_id, category3_name) values (908, 16, '汽车用品', 98, '维修保养', 908, '机油');
# insert ignore into base_category_view (id, category1_id, category1_name, category2_id, category2_name, category3_id, category3_name) values (909, 16, '汽车用品', 98, '维修保养', 909, '正时皮带');
# insert ignore into base_category_view (id, category1_id, category1_name, category2_id, category2_name, category3_id, category3_name) values (910, 16, '汽车用品', 98, '维修保养', 910, '添加剂');
# insert ignore into base_category_view (id, category1_id, category1_name, category2_id, category2_name, category3_id, category3_name) values (911, 16, '汽车用品', 98, '维修保养', 911, '汽车喇叭');
# insert ignore into base_category_view (id, category1_id, category1_name, category2_id, category2_name, category3_id, category3_name) values (912, 16, '汽车用品', 98, '维修保养', 912, '防冻液');
# insert ignore into base_category_view (id, category1_id, category1_name, category2_id, category2_name, category3_id, category3_name) values (913, 16, '汽车用品', 98, '维修保养', 913, '汽车玻璃');
# insert ignore into base_category_view (id, category1_id, category1_name, category2_id, category2_name, category3_id, category3_name) values (914, 16, '汽车用品', 98, '维修保养', 914, '滤清器');
# insert ignore into base_category_view (id, category1_id, category1_name, category2_id, category2_name, category3_id, category3_name) values (915, 16, '汽车用品', 98, '维修保养', 915, '火花塞');
# insert ignore into base_category_view (id, category1_id, category1_name, category2_id, category2_name, category3_id, category3_name) values (916, 16, '汽车用品', 98, '维修保养', 916, '减震器');
# insert ignore into base_category_view (id, category1_id, category1_name, category2_id, category2_name, category3_id, category3_name) values (917, 16, '汽车用品', 98, '维修保养', 917, '柴机油/辅助油');
# insert ignore into base_category_view (id, category1_id, category1_name, category2_id, category2_name, category3_id, category3_name) values (918, 16, '汽车用品', 98, '维修保养', 918, '雨刷');
# insert ignore into base_category_view (id, category1_id, category1_name, category2_id, category2_name, category3_id, category3_name) values (919, 16, '汽车用品', 98, '维修保养', 919, '车灯');
# insert ignore into base_category_view (id, category1_id, category1_name, category2_id, category2_name, category3_id, category3_name) values (920, 16, '汽车用品', 98, '维修保养', 920, '后视镜');
# insert ignore into base_category_view (id, category1_id, category1_name, category2_id, category2_name, category3_id, category3_name) values (921, 16, '汽车用品', 98, '维修保养', 921, '轮胎');
# insert ignore into base_category_view (id, category1_id, category1_name, category2_id, category2_name, category3_id, category3_name) values (922, 16, '汽车用品', 98, '维修保养', 922, '轮毂');
# insert ignore into base_category_view (id, category1_id, category1_name, category2_id, category2_name, category3_id, category3_name) values (923, 16, '汽车用品', 98, '维修保养', 923, '刹车片/盘');
# insert ignore into base_category_view (id, category1_id, category1_name, category2_id, category2_name, category3_id, category3_name) values (924, 16, '汽车用品', 98, '维修保养', 924, '维修配件');
# insert ignore into base_category_view (id, category1_id, category1_name, category2_id, category2_name, category3_id, category3_name) values (925, 16, '汽车用品', 98, '维修保养', 925, '蓄电池');
# insert ignore into base_category_view (id, category1_id, category1_name, category2_id, category2_name, category3_id, category3_name) values (926, 16, '汽车用品', 98, '维修保养', 926, '底盘装甲/护板');
# insert ignore into base_category_view (id, category1_id, category1_name, category2_id, category2_name, category3_id, category3_name) values (927, 16, '汽车用品', 98, '维修保养', 927, '贴膜');
# insert ignore into base_category_view (id, category1_id, category1_name, category2_id, category2_name, category3_id, category3_name) values (928, 16, '汽车用品', 98, '维修保养', 928, '汽修工具');
# insert ignore into base_category_view (id, category1_id, category1_name, category2_id, category2_name, category3_id, category3_name) values (929, 16, '汽车用品', 98, '维修保养', 929, '改装配件');
# insert ignore into base_category_view (id, category1_id, category1_name, category2_id, category2_name, category3_id, category3_name) values (930, 16, '汽车用品', 99, '车载电器', 930, '导航仪');
# insert ignore into base_category_view (id, category1_id, category1_name, category2_id, category2_name, category3_id, category3_name) values (931, 16, '汽车用品', 99, '车载电器', 931, '安全预警仪');
# insert ignore into base_category_view (id, category1_id, category1_name, category2_id, category2_name, category3_id, category3_name) values (932, 16, '汽车用品', 99, '车载电器', 932, '行车记录仪');
# insert ignore into base_category_view (id, category1_id, category1_name, category2_id, category2_name, category3_id, category3_name) values (933, 16, '汽车用品', 99, '车载电器', 933, '倒车雷达');
# insert ignore into base_category_view (id, category1_id, category1_name, category2_id, category2_name, category3_id, category3_name) values (934, 16, '汽车用品', 99, '车载电器', 934, '蓝牙设备');
# insert ignore into base_category_view (id, category1_id, category1_name, category2_id, category2_name, category3_id, category3_name) values (935, 16, '汽车用品', 99, '车载电器', 935, '车载影音');
# insert ignore into base_category_view (id, category1_id, category1_name, category2_id, category2_name, category3_id, category3_name) values (936, 16, '汽车用品', 99, '车载电器', 936, '净化器');
# insert ignore into base_category_view (id, category1_id, category1_name, category2_id, category2_name, category3_id, category3_name) values (937, 16, '汽车用品', 99, '车载电器', 937, '电源');
# insert ignore into base_category_view (id, category1_id, category1_name, category2_id, category2_name, category3_id, category3_name) values (938, 16, '汽车用品', 99, '车载电器', 938, '智能驾驶');
# insert ignore into base_category_view (id, category1_id, category1_name, category2_id, category2_name, category3_id, category3_name) values (939, 16, '汽车用品', 99, '车载电器', 939, '车载电台');
# insert ignore into base_category_view (id, category1_id, category1_name, category2_id, category2_name, category3_id, category3_name) values (940, 16, '汽车用品', 99, '车载电器', 940, '车载电器配件');
# insert ignore into base_category_view (id, category1_id, category1_name, category2_id, category2_name, category3_id, category3_name) values (941, 16, '汽车用品', 99, '车载电器', 941, '吸尘器');
# insert ignore into base_category_view (id, category1_id, category1_name, category2_id, category2_name, category3_id, category3_name) values (942, 16, '汽车用品', 99, '车载电器', 942, '智能车机');
# insert ignore into base_category_view (id, category1_id, category1_name, category2_id, category2_name, category3_id, category3_name) values (943, 16, '汽车用品', 99, '车载电器', 943, '冰箱');
# insert ignore into base_category_view (id, category1_id, category1_name, category2_id, category2_name, category3_id, category3_name) values (944, 16, '汽车用品', 99, '车载电器', 944, '汽车音响');
# insert ignore into base_category_view (id, category1_id, category1_name, category2_id, category2_name, category3_id, category3_name) values (945, 16, '汽车用品', 99, '车载电器', 945, '车载生活电器');
# insert ignore into base_category_view (id, category1_id, category1_name, category2_id, category2_name, category3_id, category3_name) values (946, 16, '汽车用品', 100, '美容清洗', 946, '车蜡');
# insert ignore into base_category_view (id, category1_id, category1_name, category2_id, category2_name, category3_id, category3_name) values (947, 16, '汽车用品', 100, '美容清洗', 947, '补漆笔');
# insert ignore into base_category_view (id, category1_id, category1_name, category2_id, category2_name, category3_id, category3_name) values (948, 16, '汽车用品', 100, '美容清洗', 948, '玻璃水');
# insert ignore into base_category_view (id, category1_id, category1_name, category2_id, category2_name, category3_id, category3_name) values (949, 16, '汽车用品', 100, '美容清洗', 949, '清洁剂');
# insert ignore into base_category_view (id, category1_id, category1_name, category2_id, category2_name, category3_id, category3_name) values (950, 16, '汽车用品', 100, '美容清洗', 950, '洗车工具');
# insert ignore into base_category_view (id, category1_id, category1_name, category2_id, category2_name, category3_id, category3_name) values (951, 16, '汽车用品', 100, '美容清洗', 951, '镀晶镀膜');
# insert ignore into base_category_view (id, category1_id, category1_name, category2_id, category2_name, category3_id, category3_name) values (952, 16, '汽车用品', 100, '美容清洗', 952, '打蜡机');
# insert ignore into base_category_view (id, category1_id, category1_name, category2_id, category2_name, category3_id, category3_name) values (953, 16, '汽车用品', 100, '美容清洗', 953, '洗车配件');
# insert ignore into base_category_view (id, category1_id, category1_name, category2_id, category2_name, category3_id, category3_name) values (954, 16, '汽车用品', 100, '美容清洗', 954, '洗车机');
# insert ignore into base_category_view (id, category1_id, category1_name, category2_id, category2_name, category3_id, category3_name) values (955, 16, '汽车用品', 100, '美容清洗', 955, '洗车水枪');
# insert ignore into base_category_view (id, category1_id, category1_name, category2_id, category2_name, category3_id, category3_name) values (956, 16, '汽车用品', 100, '美容清洗', 956, '毛巾掸子');
# insert ignore into base_category_view (id, category1_id, category1_name, category2_id, category2_name, category3_id, category3_name) values (957, 16, '汽车用品', 101, '汽车装饰', 957, '脚垫');
# insert ignore into base_category_view (id, category1_id, category1_name, category2_id, category2_name, category3_id, category3_name) values (958, 16, '汽车用品', 101, '汽车装饰', 958, '座垫');
# insert ignore into base_category_view (id, category1_id, category1_name, category2_id, category2_name, category3_id, category3_name) values (959, 16, '汽车用品', 101, '汽车装饰', 959, '座套');
# insert ignore into base_category_view (id, category1_id, category1_name, category2_id, category2_name, category3_id, category3_name) values (960, 16, '汽车用品', 101, '汽车装饰', 960, '后备箱垫');
# insert ignore into base_category_view (id, category1_id, category1_name, category2_id, category2_name, category3_id, category3_name) values (961, 16, '汽车用品', 101, '汽车装饰', 961, '头枕腰靠');
# insert ignore into base_category_view (id, category1_id, category1_name, category2_id, category2_name, category3_id, category3_name) values (962, 16, '汽车用品', 101, '汽车装饰', 962, '方向盘套');
# insert ignore into base_category_view (id, category1_id, category1_name, category2_id, category2_name, category3_id, category3_name) values (963, 16, '汽车用品', 101, '汽车装饰', 963, '香水');
# insert ignore into base_category_view (id, category1_id, category1_name, category2_id, category2_name, category3_id, category3_name) values (964, 16, '汽车用品', 101, '汽车装饰', 964, '空气净化');
# insert ignore into base_category_view (id, category1_id, category1_name, category2_id, category2_name, category3_id, category3_name) values (965, 16, '汽车用品', 101, '汽车装饰', 965, '挂件摆件');
# insert ignore into base_category_view (id, category1_id, category1_name, category2_id, category2_name, category3_id, category3_name) values (966, 16, '汽车用品', 101, '汽车装饰', 966, '功能小件');
# insert ignore into base_category_view (id, category1_id, category1_name, category2_id, category2_name, category3_id, category3_name) values (967, 16, '汽车用品', 101, '汽车装饰', 967, '车身装饰件');
# insert ignore into base_category_view (id, category1_id, category1_name, category2_id, category2_name, category3_id, category3_name) values (968, 16, '汽车用品', 101, '汽车装饰', 968, '车衣');
# insert ignore into base_category_view (id, category1_id, category1_name, category2_id, category2_name, category3_id, category3_name) values (969, 16, '汽车用品', 102, '安全自驾', 969, '安全座椅');
# insert ignore into base_category_view (id, category1_id, category1_name, category2_id, category2_name, category3_id, category3_name) values (970, 16, '汽车用品', 102, '安全自驾', 970, '胎压监测');
# insert ignore into base_category_view (id, category1_id, category1_name, category2_id, category2_name, category3_id, category3_name) values (971, 16, '汽车用品', 102, '安全自驾', 971, '防盗设备');
# insert ignore into base_category_view (id, category1_id, category1_name, category2_id, category2_name, category3_id, category3_name) values (972, 16, '汽车用品', 102, '安全自驾', 972, '应急救援');
# insert ignore into base_category_view (id, category1_id, category1_name, category2_id, category2_name, category3_id, category3_name) values (973, 16, '汽车用品', 102, '安全自驾', 973, '保温箱');
# insert ignore into base_category_view (id, category1_id, category1_name, category2_id, category2_name, category3_id, category3_name) values (974, 16, '汽车用品', 102, '安全自驾', 974, '地锁');
# insert ignore into base_category_view (id, category1_id, category1_name, category2_id, category2_name, category3_id, category3_name) values (975, 16, '汽车用品', 102, '安全自驾', 975, '摩托车');
# insert ignore into base_category_view (id, category1_id, category1_name, category2_id, category2_name, category3_id, category3_name) values (976, 16, '汽车用品', 102, '安全自驾', 976, '充气泵');
# insert ignore into base_category_view (id, category1_id, category1_name, category2_id, category2_name, category3_id, category3_name) values (977, 16, '汽车用品', 102, '安全自驾', 977, '储物箱');
# insert ignore into base_category_view (id, category1_id, category1_name, category2_id, category2_name, category3_id, category3_name) values (978, 16, '汽车用品', 102, '安全自驾', 978, '自驾野营');
# insert ignore into base_category_view (id, category1_id, category1_name, category2_id, category2_name, category3_id, category3_name) values (979, 16, '汽车用品', 102, '安全自驾', 979, '摩托车装备');
# insert ignore into base_category_view (id, category1_id, category1_name, category2_id, category2_name, category3_id, category3_name) values (980, 16, '汽车用品', 103, '汽车服务', 980, '清洗美容');
# insert ignore into base_category_view (id, category1_id, category1_name, category2_id, category2_name, category3_id, category3_name) values (981, 16, '汽车用品', 103, '汽车服务', 981, '功能升级');
# insert ignore into base_category_view (id, category1_id, category1_name, category2_id, category2_name, category3_id, category3_name) values (982, 16, '汽车用品', 103, '汽车服务', 982, '保养维修');
# insert ignore into base_category_view (id, category1_id, category1_name, category2_id, category2_name, category3_id, category3_name) values (983, 16, '汽车用品', 103, '汽车服务', 983, '油卡充值');
# insert ignore into base_category_view (id, category1_id, category1_name, category2_id, category2_name, category3_id, category3_name) values (984, 16, '汽车用品', 103, '汽车服务', 984, '车险');
# insert ignore into base_category_view (id, category1_id, category1_name, category2_id, category2_name, category3_id, category3_name) values (985, 16, '汽车用品', 103, '汽车服务', 985, '加油卡');
# insert ignore into base_category_view (id, category1_id, category1_name, category2_id, category2_name, category3_id, category3_name) values (986, 16, '汽车用品', 103, '汽车服务', 986, 'ETC');
# insert ignore into base_category_view (id, category1_id, category1_name, category2_id, category2_name, category3_id, category3_name) values (987, 16, '汽车用品', 103, '汽车服务', 987, '驾驶培训');
# insert ignore into base_category_view (id, category1_id, category1_name, category2_id, category2_name, category3_id, category3_name) values (988, 16, '汽车用品', 104, '赛事改装', 988, '赛事服装');
# insert ignore into base_category_view (id, category1_id, category1_name, category2_id, category2_name, category3_id, category3_name) values (989, 16, '汽车用品', 104, '赛事改装', 989, '赛事用品');
# insert ignore into base_category_view (id, category1_id, category1_name, category2_id, category2_name, category3_id, category3_name) values (990, 16, '汽车用品', 104, '赛事改装', 990, '制动系统');
# insert ignore into base_category_view (id, category1_id, category1_name, category2_id, category2_name, category3_id, category3_name) values (991, 16, '汽车用品', 104, '赛事改装', 991, '悬挂系统');
# insert ignore into base_category_view (id, category1_id, category1_name, category2_id, category2_name, category3_id, category3_name) values (992, 16, '汽车用品', 104, '赛事改装', 992, '进气系统');
# insert ignore into base_category_view (id, category1_id, category1_name, category2_id, category2_name, category3_id, category3_name) values (993, 16, '汽车用品', 104, '赛事改装', 993, '排气系统');
# insert ignore into base_category_view (id, category1_id, category1_name, category2_id, category2_name, category3_id, category3_name) values (994, 16, '汽车用品', 104, '赛事改装', 994, '电子管理');
# insert ignore into base_category_view (id, category1_id, category1_name, category2_id, category2_name, category3_id, category3_name) values (995, 16, '汽车用品', 104, '赛事改装', 995, '车身强化');
# insert ignore into base_category_view (id, category1_id, category1_name, category2_id, category2_name, category3_id, category3_name) values (996, 16, '汽车用品', 104, '赛事改装', 996, '赛事座椅');
# insert ignore into base_category_view (id, category1_id, category1_name, category2_id, category2_name, category3_id, category3_name) values (997, 17, '运动健康', 105, '运动鞋包', 997, '跑步鞋');
# insert ignore into base_category_view (id, category1_id, category1_name, category2_id, category2_name, category3_id, category3_name) values (998, 17, '运动健康', 105, '运动鞋包', 998, '休闲鞋');
# insert ignore into base_category_view (id, category1_id, category1_name, category2_id, category2_name, category3_id, category3_name) values (999, 17, '运动健康', 105, '运动鞋包', 999, '篮球鞋');
# insert ignore into base_category_view (id, category1_id, category1_name, category2_id, category2_name, category3_id, category3_name) values (1000, 17, '运动健康', 105, '运动鞋包', 1000, '板鞋');
# insert ignore into base_category_view (id, category1_id, category1_name, category2_id, category2_name, category3_id, category3_name) values (1001, 17, '运动健康', 105, '运动鞋包', 1001, '帆布鞋');
# insert ignore into base_category_view (id, category1_id, category1_name, category2_id, category2_name, category3_id, category3_name) values (1002, 17, '运动健康', 105, '运动鞋包', 1002, '足球鞋');
# insert ignore into base_category_view (id, category1_id, category1_name, category2_id, category2_name, category3_id, category3_name) values (1003, 17, '运动健康', 105, '运动鞋包', 1003, '乒羽网鞋');
# insert ignore into base_category_view (id, category1_id, category1_name, category2_id, category2_name, category3_id, category3_name) values (1004, 17, '运动健康', 105, '运动鞋包', 1004, '专项运动鞋');
# insert ignore into base_category_view (id, category1_id, category1_name, category2_id, category2_name, category3_id, category3_name) values (1005, 17, '运动健康', 105, '运动鞋包', 1005, '训练鞋');
# insert ignore into base_category_view (id, category1_id, category1_name, category2_id, category2_name, category3_id, category3_name) values (1006, 17, '运动健康', 105, '运动鞋包', 1006, '拖鞋');
# insert ignore into base_category_view (id, category1_id, category1_name, category2_id, category2_name, category3_id, category3_name) values (1007, 17, '运动健康', 105, '运动鞋包', 1007, '运动包');
# insert ignore into base_category_view (id, category1_id, category1_name, category2_id, category2_name, category3_id, category3_name) values (1008, 17, '运动健康', 106, '运动服饰', 1008, '羽绒服');
# insert ignore into base_category_view (id, category1_id, category1_name, category2_id, category2_name, category3_id, category3_name) values (1009, 17, '运动健康', 106, '运动服饰', 1009, '棉服');
# insert ignore into base_category_view (id, category1_id, category1_name, category2_id, category2_name, category3_id, category3_name) values (1010, 17, '运动健康', 106, '运动服饰', 1010, '运动裤');
# insert ignore into base_category_view (id, category1_id, category1_name, category2_id, category2_name, category3_id, category3_name) values (1011, 17, '运动健康', 106, '运动服饰', 1011, '夹克/风衣');
# insert ignore into base_category_view (id, category1_id, category1_name, category2_id, category2_name, category3_id, category3_name) values (1012, 17, '运动健康', 106, '运动服饰', 1012, '卫衣/套头衫');
# insert ignore into base_category_view (id, category1_id, category1_name, category2_id, category2_name, category3_id, category3_name) values (1013, 17, '运动健康', 106, '运动服饰', 1013, 'T恤');
# insert ignore into base_category_view (id, category1_id, category1_name, category2_id, category2_name, category3_id, category3_name) values (1014, 17, '运动健康', 106, '运动服饰', 1014, '套装');
# insert ignore into base_category_view (id, category1_id, category1_name, category2_id, category2_name, category3_id, category3_name) values (1015, 17, '运动健康', 106, '运动服饰', 1015, '乒羽网服');
# insert ignore into base_category_view (id, category1_id, category1_name, category2_id, category2_name, category3_id, category3_name) values (1016, 17, '运动健康', 106, '运动服饰', 1016, '健身服');
# insert ignore into base_category_view (id, category1_id, category1_name, category2_id, category2_name, category3_id, category3_name) values (1017, 17, '运动健康', 106, '运动服饰', 1017, '运动背心');
# insert ignore into base_category_view (id, category1_id, category1_name, category2_id, category2_name, category3_id, category3_name) values (1018, 17, '运动健康', 106, '运动服饰', 1018, '毛衫/线衫');
# insert ignore into base_category_view (id, category1_id, category1_name, category2_id, category2_name, category3_id, category3_name) values (1019, 17, '运动健康', 106, '运动服饰', 1019, '运动配饰');
# insert ignore into base_category_view (id, category1_id, category1_name, category2_id, category2_name, category3_id, category3_name) values (1020, 17, '运动健康', 107, '骑行运动', 1020, '折叠车');
# insert ignore into base_category_view (id, category1_id, category1_name, category2_id, category2_name, category3_id, category3_name) values (1021, 17, '运动健康', 107, '骑行运动', 1021, '山地车/公路车');
# insert ignore into base_category_view (id, category1_id, category1_name, category2_id, category2_name, category3_id, category3_name) values (1022, 17, '运动健康', 107, '骑行运动', 1022, '电动车');
# insert ignore into base_category_view (id, category1_id, category1_name, category2_id, category2_name, category3_id, category3_name) values (1023, 17, '运动健康', 107, '骑行运动', 1023, '其他整车');
# insert ignore into base_category_view (id, category1_id, category1_name, category2_id, category2_name, category3_id, category3_name) values (1024, 17, '运动健康', 107, '骑行运动', 1024, '骑行服');
# insert ignore into base_category_view (id, category1_id, category1_name, category2_id, category2_name, category3_id, category3_name) values (1025, 17, '运动健康', 107, '骑行运动', 1025, '骑行装备');
# insert ignore into base_category_view (id, category1_id, category1_name, category2_id, category2_name, category3_id, category3_name) values (1026, 17, '运动健康', 107, '骑行运动', 1026, '平衡车');
# insert ignore into base_category_view (id, category1_id, category1_name, category2_id, category2_name, category3_id, category3_name) values (1027, 17, '运动健康', 108, '垂钓用品', 1027, '鱼竿鱼线');
# insert ignore into base_category_view (id, category1_id, category1_name, category2_id, category2_name, category3_id, category3_name) values (1028, 17, '运动健康', 108, '垂钓用品', 1028, '浮漂鱼饵');
# insert ignore into base_category_view (id, category1_id, category1_name, category2_id, category2_name, category3_id, category3_name) values (1029, 17, '运动健康', 108, '垂钓用品', 1029, '钓鱼桌椅');
# insert ignore into base_category_view (id, category1_id, category1_name, category2_id, category2_name, category3_id, category3_name) values (1030, 17, '运动健康', 108, '垂钓用品', 1030, '钓鱼配件');
# insert ignore into base_category_view (id, category1_id, category1_name, category2_id, category2_name, category3_id, category3_name) values (1031, 17, '运动健康', 108, '垂钓用品', 1031, '钓箱鱼包');
# insert ignore into base_category_view (id, category1_id, category1_name, category2_id, category2_name, category3_id, category3_name) values (1032, 17, '运动健康', 108, '垂钓用品', 1032, '其它');
# insert ignore into base_category_view (id, category1_id, category1_name, category2_id, category2_name, category3_id, category3_name) values (1033, 17, '运动健康', 109, '游泳用品', 1033, '泳镜');
# insert ignore into base_category_view (id, category1_id, category1_name, category2_id, category2_name, category3_id, category3_name) values (1034, 17, '运动健康', 109, '游泳用品', 1034, '泳帽');
# insert ignore into base_category_view (id, category1_id, category1_name, category2_id, category2_name, category3_id, category3_name) values (1035, 17, '运动健康', 109, '游泳用品', 1035, '游泳包防水包');
# insert ignore into base_category_view (id, category1_id, category1_name, category2_id, category2_name, category3_id, category3_name) values (1036, 17, '运动健康', 109, '游泳用品', 1036, '女士泳衣');
# insert ignore into base_category_view (id, category1_id, category1_name, category2_id, category2_name, category3_id, category3_name) values (1037, 17, '运动健康', 109, '游泳用品', 1037, '男士泳衣');
# insert ignore into base_category_view (id, category1_id, category1_name, category2_id, category2_name, category3_id, category3_name) values (1038, 17, '运动健康', 109, '游泳用品', 1038, '比基尼');
# insert ignore into base_category_view (id, category1_id, category1_name, category2_id, category2_name, category3_id, category3_name) values (1039, 17, '运动健康', 109, '游泳用品', 1039, '其它');
# insert ignore into base_category_view (id, category1_id, category1_name, category2_id, category2_name, category3_id, category3_name) values (1040, 17, '运动健康', 110, '户外鞋服', 1040, '冲锋衣裤');
# insert ignore into base_category_view (id, category1_id, category1_name, category2_id, category2_name, category3_id, category3_name) values (1041, 17, '运动健康', 110, '户外鞋服', 1041, '速干衣裤');
# insert ignore into base_category_view (id, category1_id, category1_name, category2_id, category2_name, category3_id, category3_name) values (1042, 17, '运动健康', 110, '户外鞋服', 1042, '滑雪服');
# insert ignore into base_category_view (id, category1_id, category1_name, category2_id, category2_name, category3_id, category3_name) values (1043, 17, '运动健康', 110, '户外鞋服', 1043, '羽绒服/棉服');
# insert ignore into base_category_view (id, category1_id, category1_name, category2_id, category2_name, category3_id, category3_name) values (1044, 17, '运动健康', 110, '户外鞋服', 1044, '休闲衣裤');
# insert ignore into base_category_view (id, category1_id, category1_name, category2_id, category2_name, category3_id, category3_name) values (1045, 17, '运动健康', 110, '户外鞋服', 1045, '抓绒衣裤');
# insert ignore into base_category_view (id, category1_id, category1_name, category2_id, category2_name, category3_id, category3_name) values (1046, 17, '运动健康', 110, '户外鞋服', 1046, '软壳衣裤');
# insert ignore into base_category_view (id, category1_id, category1_name, category2_id, category2_name, category3_id, category3_name) values (1047, 17, '运动健康', 110, '户外鞋服', 1047, 'T恤');
# insert ignore into base_category_view (id, category1_id, category1_name, category2_id, category2_name, category3_id, category3_name) values (1048, 17, '运动健康', 110, '户外鞋服', 1048, '户外风衣');
# insert ignore into base_category_view (id, category1_id, category1_name, category2_id, category2_name, category3_id, category3_name) values (1049, 17, '运动健康', 110, '户外鞋服', 1049, '功能内衣');
# insert ignore into base_category_view (id, category1_id, category1_name, category2_id, category2_name, category3_id, category3_name) values (1050, 17, '运动健康', 110, '户外鞋服', 1050, '军迷服饰');
# insert ignore into base_category_view (id, category1_id, category1_name, category2_id, category2_name, category3_id, category3_name) values (1051, 17, '运动健康', 110, '户外鞋服', 1051, '登山鞋');
# insert ignore into base_category_view (id, category1_id, category1_name, category2_id, category2_name, category3_id, category3_name) values (1052, 17, '运动健康', 110, '户外鞋服', 1052, '雪地靴');
# insert ignore into base_category_view (id, category1_id, category1_name, category2_id, category2_name, category3_id, category3_name) values (1053, 17, '运动健康', 110, '户外鞋服', 1053, '徒步鞋');
# insert ignore into base_category_view (id, category1_id, category1_name, category2_id, category2_name, category3_id, category3_name) values (1054, 17, '运动健康', 110, '户外鞋服', 1054, '越野跑鞋');
# insert ignore into base_category_view (id, category1_id, category1_name, category2_id, category2_name, category3_id, category3_name) values (1055, 17, '运动健康', 110, '户外鞋服', 1055, '休闲鞋');
# insert ignore into base_category_view (id, category1_id, category1_name, category2_id, category2_name, category3_id, category3_name) values (1056, 17, '运动健康', 110, '户外鞋服', 1056, '工装鞋');
# insert ignore into base_category_view (id, category1_id, category1_name, category2_id, category2_name, category3_id, category3_name) values (1057, 17, '运动健康', 110, '户外鞋服', 1057, '溯溪鞋');
# insert ignore into base_category_view (id, category1_id, category1_name, category2_id, category2_name, category3_id, category3_name) values (1058, 17, '运动健康', 110, '户外鞋服', 1058, '沙滩/凉拖');
# insert ignore into base_category_view (id, category1_id, category1_name, category2_id, category2_name, category3_id, category3_name) values (1059, 17, '运动健康', 110, '户外鞋服', 1059, '户外袜');
# insert ignore into base_category_view (id, category1_id, category1_name, category2_id, category2_name, category3_id, category3_name) values (1060, 17, '运动健康', 111, '户外装备', 1060, '帐篷/垫子');
# insert ignore into base_category_view (id, category1_id, category1_name, category2_id, category2_name, category3_id, category3_name) values (1061, 17, '运动健康', 111, '户外装备', 1061, '睡袋/吊床');
# insert ignore into base_category_view (id, category1_id, category1_name, category2_id, category2_name, category3_id, category3_name) values (1062, 17, '运动健康', 111, '户外装备', 1062, '登山攀岩');
# insert ignore into base_category_view (id, category1_id, category1_name, category2_id, category2_name, category3_id, category3_name) values (1063, 17, '运动健康', 111, '户外装备', 1063, '户外配饰');
# insert ignore into base_category_view (id, category1_id, category1_name, category2_id, category2_name, category3_id, category3_name) values (1064, 17, '运动健康', 111, '户外装备', 1064, '背包');
# insert ignore into base_category_view (id, category1_id, category1_name, category2_id, category2_name, category3_id, category3_name) values (1065, 17, '运动健康', 111, '户外装备', 1065, '户外照明');
# insert ignore into base_category_view (id, category1_id, category1_name, category2_id, category2_name, category3_id, category3_name) values (1066, 17, '运动健康', 111, '户外装备', 1066, '户外仪表');
# insert ignore into base_category_view (id, category1_id, category1_name, category2_id, category2_name, category3_id, category3_name) values (1067, 17, '运动健康', 111, '户外装备', 1067, '户外工具');
# insert ignore into base_category_view (id, category1_id, category1_name, category2_id, category2_name, category3_id, category3_name) values (1068, 17, '运动健康', 111, '户外装备', 1068, '望远镜');
# insert ignore into base_category_view (id, category1_id, category1_name, category2_id, category2_name, category3_id, category3_name) values (1069, 17, '运动健康', 111, '户外装备', 1069, '旅游用品');
# insert ignore into base_category_view (id, category1_id, category1_name, category2_id, category2_name, category3_id, category3_name) values (1070, 17, '运动健康', 111, '户外装备', 1070, '便携桌椅床');
# insert ignore into base_category_view (id, category1_id, category1_name, category2_id, category2_name, category3_id, category3_name) values (1071, 17, '运动健康', 111, '户外装备', 1071, '野餐烧烤');
# insert ignore into base_category_view (id, category1_id, category1_name, category2_id, category2_name, category3_id, category3_name) values (1072, 17, '运动健康', 111, '户外装备', 1072, '军迷用品');
# insert ignore into base_category_view (id, category1_id, category1_name, category2_id, category2_name, category3_id, category3_name) values (1073, 17, '运动健康', 111, '户外装备', 1073, '救援装备');
# insert ignore into base_category_view (id, category1_id, category1_name, category2_id, category2_name, category3_id, category3_name) values (1074, 17, '运动健康', 111, '户外装备', 1074, '滑雪装备');
# insert ignore into base_category_view (id, category1_id, category1_name, category2_id, category2_name, category3_id, category3_name) values (1075, 17, '运动健康', 111, '户外装备', 1075, '极限户外');
# insert ignore into base_category_view (id, category1_id, category1_name, category2_id, category2_name, category3_id, category3_name) values (1076, 17, '运动健康', 111, '户外装备', 1076, '冲浪潜水');
# insert ignore into base_category_view (id, category1_id, category1_name, category2_id, category2_name, category3_id, category3_name) values (1077, 17, '运动健康', 112, '健身训练', 1077, '综合训练器');
# insert ignore into base_category_view (id, category1_id, category1_name, category2_id, category2_name, category3_id, category3_name) values (1078, 17, '运动健康', 112, '健身训练', 1078, '其他大型器械');
# insert ignore into base_category_view (id, category1_id, category1_name, category2_id, category2_name, category3_id, category3_name) values (1079, 17, '运动健康', 112, '健身训练', 1079, '哑铃');
# insert ignore into base_category_view (id, category1_id, category1_name, category2_id, category2_name, category3_id, category3_name) values (1080, 17, '运动健康', 112, '健身训练', 1080, '仰卧板/收腹机');
# insert ignore into base_category_view (id, category1_id, category1_name, category2_id, category2_name, category3_id, category3_name) values (1081, 17, '运动健康', 112, '健身训练', 1081, '其他中小型器材');
# insert ignore into base_category_view (id, category1_id, category1_name, category2_id, category2_name, category3_id, category3_name) values (1082, 17, '运动健康', 112, '健身训练', 1082, '瑜伽舞蹈');
# insert ignore into base_category_view (id, category1_id, category1_name, category2_id, category2_name, category3_id, category3_name) values (1083, 17, '运动健康', 112, '健身训练', 1083, '甩脂机');
# insert ignore into base_category_view (id, category1_id, category1_name, category2_id, category2_name, category3_id, category3_name) values (1084, 17, '运动健康', 112, '健身训练', 1084, '踏步机');
# insert ignore into base_category_view (id, category1_id, category1_name, category2_id, category2_name, category3_id, category3_name) values (1085, 17, '运动健康', 112, '健身训练', 1085, '武术搏击');
# insert ignore into base_category_view (id, category1_id, category1_name, category2_id, category2_name, category3_id, category3_name) values (1086, 17, '运动健康', 112, '健身训练', 1086, '健身车/动感单车');
# insert ignore into base_category_view (id, category1_id, category1_name, category2_id, category2_name, category3_id, category3_name) values (1087, 17, '运动健康', 112, '健身训练', 1087, '跑步机');
# insert ignore into base_category_view (id, category1_id, category1_name, category2_id, category2_name, category3_id, category3_name) values (1088, 17, '运动健康', 112, '健身训练', 1088, '运动护具');
# insert ignore into base_category_view (id, category1_id, category1_name, category2_id, category2_name, category3_id, category3_name) values (1089, 17, '运动健康', 113, '体育用品', 1089, '羽毛球');
# insert ignore into base_category_view (id, category1_id, category1_name, category2_id, category2_name, category3_id, category3_name) values (1090, 17, '运动健康', 113, '体育用品', 1090, '乒乓球');
# insert ignore into base_category_view (id, category1_id, category1_name, category2_id, category2_name, category3_id, category3_name) values (1091, 17, '运动健康', 113, '体育用品', 1091, '篮球');
# insert ignore into base_category_view (id, category1_id, category1_name, category2_id, category2_name, category3_id, category3_name) values (1092, 17, '运动健康', 113, '体育用品', 1092, '足球');
# insert ignore into base_category_view (id, category1_id, category1_name, category2_id, category2_name, category3_id, category3_name) values (1093, 17, '运动健康', 113, '体育用品', 1093, '网球');
# insert ignore into base_category_view (id, category1_id, category1_name, category2_id, category2_name, category3_id, category3_name) values (1094, 17, '运动健康', 113, '体育用品', 1094, '排球');
# insert ignore into base_category_view (id, category1_id, category1_name, category2_id, category2_name, category3_id, category3_name) values (1095, 17, '运动健康', 113, '体育用品', 1095, '高尔夫');
# insert ignore into base_category_view (id, category1_id, category1_name, category2_id, category2_name, category3_id, category3_name) values (1096, 17, '运动健康', 113, '体育用品', 1096, '台球');
# insert ignore into base_category_view (id, category1_id, category1_name, category2_id, category2_name, category3_id, category3_name) values (1097, 17, '运动健康', 113, '体育用品', 1097, '棋牌麻将');
# insert ignore into base_category_view (id, category1_id, category1_name, category2_id, category2_name, category3_id, category3_name) values (1098, 17, '运动健康', 113, '体育用品', 1098, '轮滑滑板');
# insert ignore into base_category_view (id, category1_id, category1_name, category2_id, category2_name, category3_id, category3_name) values (1099, 17, '运动健康', 113, '体育用品', 1099, '其他');


-- -------------------------------------------------------------------------------------------------
-- insert data into base_dic
-- -------------------------------------------------------------------------------------------------
insert ignore into base_dic (dic_code, dic_name, parent_code, create_time, operate_time) values ('10', '单据状态', null, null, null);
insert ignore into base_dic (dic_code, dic_name, parent_code, create_time, operate_time) values ('1001', '未支付', '10', null, null);
insert ignore into base_dic (dic_code, dic_name, parent_code, create_time, operate_time) values ('1002', '已支付', '10', null, null);
insert ignore into base_dic (dic_code, dic_name, parent_code, create_time, operate_time) values ('1003', '已取消', '10', null, null);
insert ignore into base_dic (dic_code, dic_name, parent_code, create_time, operate_time) values ('1004', '已完成', '10', null, null);
insert ignore into base_dic (dic_code, dic_name, parent_code, create_time, operate_time) values ('1005', '退款中', '10', null, null);
insert ignore into base_dic (dic_code, dic_name, parent_code, create_time, operate_time) values ('1006', '退款完成', '10', null, null);
insert ignore into base_dic (dic_code, dic_name, parent_code, create_time, operate_time) values ('11', '支付状态', null, null, null);
insert ignore into base_dic (dic_code, dic_name, parent_code, create_time, operate_time) values ('1101', '支付宝', '11', null, null);
insert ignore into base_dic (dic_code, dic_name, parent_code, create_time, operate_time) values ('1102', '微信', '11', null, null);
insert ignore into base_dic (dic_code, dic_name, parent_code, create_time, operate_time) values ('1103', '银联', '11', null, null);
insert ignore into base_dic (dic_code, dic_name, parent_code, create_time, operate_time) values ('12', '评价', null, null, null);
insert ignore into base_dic (dic_code, dic_name, parent_code, create_time, operate_time) values ('1201', '好评', '12', null, null);
insert ignore into base_dic (dic_code, dic_name, parent_code, create_time, operate_time) values ('1202', '中评', '12', null, null);
insert ignore into base_dic (dic_code, dic_name, parent_code, create_time, operate_time) values ('1203', '差评', '12', null, null);
insert ignore into base_dic (dic_code, dic_name, parent_code, create_time, operate_time) values ('1204', '自动', '12', null, null);
insert ignore into base_dic (dic_code, dic_name, parent_code, create_time, operate_time) values ('13', '退货原因', null, null, null);
insert ignore into base_dic (dic_code, dic_name, parent_code, create_time, operate_time) values ('1301', '质量问题', '13', null, null);
insert ignore into base_dic (dic_code, dic_name, parent_code, create_time, operate_time) values ('1302', '商品描述与实际描述不一致', '13', null, null);
insert ignore into base_dic (dic_code, dic_name, parent_code, create_time, operate_time) values ('1303', '缺货', '13', null, null);
insert ignore into base_dic (dic_code, dic_name, parent_code, create_time, operate_time) values ('1304', '号码不合适', '13', null, null);
insert ignore into base_dic (dic_code, dic_name, parent_code, create_time, operate_time) values ('1305', '拍错', '13', null, null);
insert ignore into base_dic (dic_code, dic_name, parent_code, create_time, operate_time) values ('1306', '不想买了', '13', null, null);
insert ignore into base_dic (dic_code, dic_name, parent_code, create_time, operate_time) values ('1307', '其他', '13', null, null);
insert ignore into base_dic (dic_code, dic_name, parent_code, create_time, operate_time) values ('14', '购物券状态', null, null, null);
insert ignore into base_dic (dic_code, dic_name, parent_code, create_time, operate_time) values ('1401', '未使用', '14', null, null);
insert ignore into base_dic (dic_code, dic_name, parent_code, create_time, operate_time) values ('1402', '使用中', '14', null, null);
insert ignore into base_dic (dic_code, dic_name, parent_code, create_time, operate_time) values ('1403', '已使用', '14', null, null);
insert ignore into base_dic (dic_code, dic_name, parent_code, create_time, operate_time) values ('15', '退款类型', null, null, null);
insert ignore into base_dic (dic_code, dic_name, parent_code, create_time, operate_time) values ('1501', '仅退款', '15', null, null);
insert ignore into base_dic (dic_code, dic_name, parent_code, create_time, operate_time) values ('24', '来源类型', '', null, null);
insert ignore into base_dic (dic_code, dic_name, parent_code, create_time, operate_time) values ('2401', '用户查询', '24', null, null);
insert ignore into base_dic (dic_code, dic_name, parent_code, create_time, operate_time) values ('2402', '商品推广', '24', null, null);
insert ignore into base_dic (dic_code, dic_name, parent_code, create_time, operate_time) values ('2403', '智能推荐', '24', null, null);
insert ignore into base_dic (dic_code, dic_name, parent_code, create_time, operate_time) values ('2404', '促销活动', '2404', null, null);
insert ignore into base_dic (dic_code, dic_name, parent_code, create_time, operate_time) values ('31', '活动类型', null, null, null);
insert ignore into base_dic (dic_code, dic_name, parent_code, create_time, operate_time) values ('32', '购物券类型', '', null, null);
insert ignore into base_dic (dic_code, dic_name, parent_code, create_time, operate_time) values ('3203', '代金券', '32', null, null);
insert ignore into base_dic (dic_code, dic_name, parent_code, create_time, operate_time) values ('3202', '满量打折', '32', null, null);
insert ignore into base_dic (dic_code, dic_name, parent_code, create_time, operate_time) values ('3101', '满额减价', '31', null, null);
insert ignore into base_dic (dic_code, dic_name, parent_code, create_time, operate_time) values ('3102', '满量打折', '31', null, null);
insert ignore into base_dic (dic_code, dic_name, parent_code, create_time, operate_time) values ('3103', '直接折扣', '31', null, null);
insert ignore into base_dic (dic_code, dic_name, parent_code, create_time, operate_time) values ('3201', '满额减价', '32', null, null);
insert ignore into base_dic (dic_code, dic_name, parent_code, create_time, operate_time) values ('33', '优惠券范围', null, null, null);
insert ignore into base_dic (dic_code, dic_name, parent_code, create_time, operate_time) values ('3301', '品类券', null, null, null);
insert ignore into base_dic (dic_code, dic_name, parent_code, create_time, operate_time) values ('3302', '品牌券', null, null, null);
insert ignore into base_dic (dic_code, dic_name, parent_code, create_time, operate_time) values ('3303', '单品(spu)', null, null, null);


-- -------------------------------------------------------------------------------------------------
-- insert data into base_province
-- -------------------------------------------------------------------------------------------------
insert ignore into base_province (id, name, region_id, area_code, iso_code, iso_3166_2) values (1, '北京', '1', '110000', 'CN-11', 'CN-BJ');
insert ignore into base_province (id, name, region_id, area_code, iso_code, iso_3166_2) values (2, '天津', '1', '120000', 'CN-12', 'CN-TJ');
insert ignore into base_province (id, name, region_id, area_code, iso_code, iso_3166_2) values (3, '山西', '1', '140000', 'CN-14', 'CN-SX');
insert ignore into base_province (id, name, region_id, area_code, iso_code, iso_3166_2) values (4, '内蒙古', '1', '150000', 'CN-15', 'CN-NM');
insert ignore into base_province (id, name, region_id, area_code, iso_code, iso_3166_2) values (5, '河北', '1', '130000', 'CN-13', 'CN-HE');
insert ignore into base_province (id, name, region_id, area_code, iso_code, iso_3166_2) values (6, '上海', '2', '310000', 'CN-31', 'CN-SH');
insert ignore into base_province (id, name, region_id, area_code, iso_code, iso_3166_2) values (7, '江苏', '2', '320000', 'CN-32', 'CN-JS');
insert ignore into base_province (id, name, region_id, area_code, iso_code, iso_3166_2) values (8, '浙江', '2', '330000', 'CN-33', 'CN-ZJ');
insert ignore into base_province (id, name, region_id, area_code, iso_code, iso_3166_2) values (9, '安徽', '2', '340000', 'CN-34', 'CN-AH');
insert ignore into base_province (id, name, region_id, area_code, iso_code, iso_3166_2) values (10, '福建', '2', '350000', 'CN-35', 'CN-FJ');
insert ignore into base_province (id, name, region_id, area_code, iso_code, iso_3166_2) values (11, '江西', '2', '360000', 'CN-36', 'CN-JX');
insert ignore into base_province (id, name, region_id, area_code, iso_code, iso_3166_2) values (12, '山东', '2', '370000', 'CN-37', 'CN-SD');
insert ignore into base_province (id, name, region_id, area_code, iso_code, iso_3166_2) values (14, '台湾', '2', '710000', 'CN-71', 'CN-TW');
insert ignore into base_province (id, name, region_id, area_code, iso_code, iso_3166_2) values (15, '黑龙江', '3', '230000', 'CN-23', 'CN-HL');
insert ignore into base_province (id, name, region_id, area_code, iso_code, iso_3166_2) values (16, '吉林', '3', '220000', 'CN-22', 'CN-JL');
insert ignore into base_province (id, name, region_id, area_code, iso_code, iso_3166_2) values (17, '辽宁', '3', '210000', 'CN-21', 'CN-LN');
insert ignore into base_province (id, name, region_id, area_code, iso_code, iso_3166_2) values (18, '陕西', '7', '610000', 'CN-61', 'CN-SN');
insert ignore into base_province (id, name, region_id, area_code, iso_code, iso_3166_2) values (19, '甘肃', '7', '620000', 'CN-62', 'CN-GS');
insert ignore into base_province (id, name, region_id, area_code, iso_code, iso_3166_2) values (20, '青海', '7', '630000', 'CN-63', 'CN-QH');
insert ignore into base_province (id, name, region_id, area_code, iso_code, iso_3166_2) values (21, '宁夏', '7', '640000', 'CN-64', 'CN-NX');
insert ignore into base_province (id, name, region_id, area_code, iso_code, iso_3166_2) values (22, '新疆', '7', '650000', 'CN-65', 'CN-XJ');
insert ignore into base_province (id, name, region_id, area_code, iso_code, iso_3166_2) values (23, '河南', '4', '410000', 'CN-41', 'CN-HA');
insert ignore into base_province (id, name, region_id, area_code, iso_code, iso_3166_2) values (24, '湖北', '4', '420000', 'CN-42', 'CN-HB');
insert ignore into base_province (id, name, region_id, area_code, iso_code, iso_3166_2) values (25, '湖南', '4', '430000', 'CN-43', 'CN-HN');
insert ignore into base_province (id, name, region_id, area_code, iso_code, iso_3166_2) values (26, '广东', '5', '440000', 'CN-44', 'CN-GD');
insert ignore into base_province (id, name, region_id, area_code, iso_code, iso_3166_2) values (27, '广西', '5', '450000', 'CN-45', 'CN-GX');
insert ignore into base_province (id, name, region_id, area_code, iso_code, iso_3166_2) values (28, '海南', '5', '460000', 'CN-46', 'CN-HI');
insert ignore into base_province (id, name, region_id, area_code, iso_code, iso_3166_2) values (29, '香港', '5', '810000', 'CN-91', 'CN-HK');
insert ignore into base_province (id, name, region_id, area_code, iso_code, iso_3166_2) values (30, '澳门', '5', '820000', 'CN-92', 'CN-MO');
insert ignore into base_province (id, name, region_id, area_code, iso_code, iso_3166_2) values (31, '四川', '6', '510000', 'CN-51', 'CN-SC');
insert ignore into base_province (id, name, region_id, area_code, iso_code, iso_3166_2) values (32, '贵州', '6', '520000', 'CN-52', 'CN-GZ');
insert ignore into base_province (id, name, region_id, area_code, iso_code, iso_3166_2) values (33, '云南', '6', '530000', 'CN-53', 'CN-YN');
insert ignore into base_province (id, name, region_id, area_code, iso_code, iso_3166_2) values (13, '重庆', '6', '500000', 'CN-50', 'CN-CQ');
insert ignore into base_province (id, name, region_id, area_code, iso_code, iso_3166_2) values (34, '西藏', '6', '540000', 'CN-54', 'CN-XZ');


-- -------------------------------------------------------------------------------------------------
-- insert data into base_region
-- -------------------------------------------------------------------------------------------------
insert ignore into base_region (id, region_name) values ('1', '华北');
insert ignore into base_region (id, region_name) values ('2', '华东');
insert ignore into base_region (id, region_name) values ('3', '东北');
insert ignore into base_region (id, region_name) values ('4', '华中');
insert ignore into base_region (id, region_name) values ('5', '华南');
insert ignore into base_region (id, region_name) values ('6', '西南');
insert ignore into base_region (id, region_name) values ('7', '西北');


-- -------------------------------------------------------------------------------------------------
-- insert data into base_sale_attr
-- -------------------------------------------------------------------------------------------------
insert ignore into base_sale_attr (id, name) values (1, '颜色');
insert ignore into base_sale_attr (id, name) values (2, '版本');
insert ignore into base_sale_attr (id, name) values (3, '尺码');
insert ignore into base_sale_attr (id, name) values (4, '类别');


-- -------------------------------------------------------------------------------------------------
-- insert data into base_trademark
-- -------------------------------------------------------------------------------------------------
insert ignore into base_trademark (id, tm_name, logo_url) values (1, '三星', '/static/default.jpg');
insert ignore into base_trademark (id, tm_name, logo_url) values (2, '苹果', '/static/default.jpg');
insert ignore into base_trademark (id, tm_name, logo_url) values (3, '华为', '/static/default.jpg');
insert ignore into base_trademark (id, tm_name, logo_url) values (4, 'TCL', '/static/default.jpg');
insert ignore into base_trademark (id, tm_name, logo_url) values (5, '小米', '/static/default.jpg');
insert ignore into base_trademark (id, tm_name, logo_url) values (6, '长粒香', '/static/default.jpg');
insert ignore into base_trademark (id, tm_name, logo_url) values (7, '金沙河', '/static/default.jpg');
insert ignore into base_trademark (id, tm_name, logo_url) values (8, '索芙特', '/static/default.jpg');
insert ignore into base_trademark (id, tm_name, logo_url) values (9, 'CAREMiLLE', '/static/default.jpg');
insert ignore into base_trademark (id, tm_name, logo_url) values (10, '欧莱雅', '/static/default.jpg');
insert ignore into base_trademark (id, tm_name, logo_url) values (11, '香奈儿', '/static/default.jpg');


-- -------------------------------------------------------------------------------------------------
-- insert data into coupon_info
-- -------------------------------------------------------------------------------------------------
insert ignore into coupon_info (id, coupon_name, coupon_type, condition_amount, condition_num, activity_id, benefit_amount, benefit_discount, create_time, range_type, limit_num, taken_count, start_time, end_time, operate_time, expire_time, range_desc) values (1, '口红品类券', '3201', '99.00', null, null, '30.00', null, now(), '3301', 100, 0, now(), null, null, null, null);
insert ignore into coupon_info (id, coupon_name, coupon_type, condition_amount, condition_num, activity_id, benefit_amount, benefit_discount, create_time, range_type, limit_num, taken_count, start_time, end_time, operate_time, expire_time, range_desc) values (2, '口红品类券2', '3201', '199.00', null, null, '70.00', null, now(), '3301', 100, 0, now(), null, null, null, null);
insert ignore into coupon_info (id, coupon_name, coupon_type, condition_amount, condition_num, activity_id, benefit_amount, benefit_discount, create_time, range_type, limit_num, taken_count, start_time, end_time, operate_time, expire_time, range_desc) values (3, '口红品类券3', '3201', '499.00', null, null, '100.00', null, now(), '3301', 100, 0, now(), null, null, null, null);


-- -------------------------------------------------------------------------------------------------
-- insert data into coupon_range
-- -------------------------------------------------------------------------------------------------
insert ignore into coupon_range (id, coupon_id, range_type, range_id) values (1, 1, '3301', 477);
insert ignore into coupon_range (id, coupon_id, range_type, range_id) values (2, 2, '3301', 477);
insert ignore into coupon_range (id, coupon_id, range_type, range_id) values (3, 2, '3301', 477);

-- -------------------------------------------------------------------------------------------------
-- insert data into sku_attr_value
-- -------------------------------------------------------------------------------------------------
insert ignore into sku_attr_value (id, attr_id, value_id, sku_id, attr_name, value_name) values (1, 106, 176, 1, '手机一级', '安卓手机');
insert ignore into sku_attr_value (id, attr_id, value_id, sku_id, attr_name, value_name) values (2, 107, 177, 1, '二级手机', '小米');
insert ignore into sku_attr_value (id, attr_id, value_id, sku_id, attr_name, value_name) values (3, 23, 83, 1, '运行内存', '8G');
insert ignore into sku_attr_value (id, attr_id, value_id, sku_id, attr_name, value_name) values (4, 24, 82, 1, '机身内存', '128G');
insert ignore into sku_attr_value (id, attr_id, value_id, sku_id, attr_name, value_name) values (5, 106, 176, 2, '手机一级', '安卓手机');
insert ignore into sku_attr_value (id, attr_id, value_id, sku_id, attr_name, value_name) values (6, 107, 177, 2, '二级手机', '小米');
insert ignore into sku_attr_value (id, attr_id, value_id, sku_id, attr_name, value_name) values (7, 23, 83, 2, '运行内存', '8G');
insert ignore into sku_attr_value (id, attr_id, value_id, sku_id, attr_name, value_name) values (8, 24, 166, 2, '机身内存', '256G');
insert ignore into sku_attr_value (id, attr_id, value_id, sku_id, attr_name, value_name) values (9, 106, 176, 3, '手机一级', '安卓手机');
insert ignore into sku_attr_value (id, attr_id, value_id, sku_id, attr_name, value_name) values (10, 107, 177, 3, '二级手机', '小米');
insert ignore into sku_attr_value (id, attr_id, value_id, sku_id, attr_name, value_name) values (11, 23, 83, 3, '运行内存', '8G');
insert ignore into sku_attr_value (id, attr_id, value_id, sku_id, attr_name, value_name) values (12, 24, 82, 3, '机身内存', '128G');
insert ignore into sku_attr_value (id, attr_id, value_id, sku_id, attr_name, value_name) values (13, 106, 176, 4, '手机一级', '安卓手机');
insert ignore into sku_attr_value (id, attr_id, value_id, sku_id, attr_name, value_name) values (14, 107, 177, 4, '二级手机', '小米');
insert ignore into sku_attr_value (id, attr_id, value_id, sku_id, attr_name, value_name) values (15, 23, 14, 4, '运行内存', '4G');
insert ignore into sku_attr_value (id, attr_id, value_id, sku_id, attr_name, value_name) values (16, 24, 82, 4, '机身内存', '128G');
insert ignore into sku_attr_value (id, attr_id, value_id, sku_id, attr_name, value_name) values (17, 106, 176, 5, '手机一级', '安卓手机');
insert ignore into sku_attr_value (id, attr_id, value_id, sku_id, attr_name, value_name) values (18, 107, 177, 5, '二级手机', '小米');
insert ignore into sku_attr_value (id, attr_id, value_id, sku_id, attr_name, value_name) values (19, 23, 14, 5, '运行内存', '4G');
insert ignore into sku_attr_value (id, attr_id, value_id, sku_id, attr_name, value_name) values (20, 24, 82, 5, '机身内存', '128G');
insert ignore into sku_attr_value (id, attr_id, value_id, sku_id, attr_name, value_name) values (21, 106, 176, 6, '手机一级', '安卓手机');
insert ignore into sku_attr_value (id, attr_id, value_id, sku_id, attr_name, value_name) values (22, 107, 177, 6, '二级手机', '小米');
insert ignore into sku_attr_value (id, attr_id, value_id, sku_id, attr_name, value_name) values (23, 23, 83, 6, '运行内存', '8G');
insert ignore into sku_attr_value (id, attr_id, value_id, sku_id, attr_name, value_name) values (24, 24, 82, 6, '机身内存', '128G');
insert ignore into sku_attr_value (id, attr_id, value_id, sku_id, attr_name, value_name) values (25, 106, 176, 7, '手机一级', '安卓手机');
insert ignore into sku_attr_value (id, attr_id, value_id, sku_id, attr_name, value_name) values (26, 107, 177, 7, '二级手机', '小米');
insert ignore into sku_attr_value (id, attr_id, value_id, sku_id, attr_name, value_name) values (27, 23, 83, 7, '运行内存', '8G');
insert ignore into sku_attr_value (id, attr_id, value_id, sku_id, attr_name, value_name) values (28, 24, 82, 7, '机身内存', '128G');
insert ignore into sku_attr_value (id, attr_id, value_id, sku_id, attr_name, value_name) values (29, 106, 175, 8, '手机一级', '苹果手机');
insert ignore into sku_attr_value (id, attr_id, value_id, sku_id, attr_name, value_name) values (30, 107, 179, 8, '二级手机', '苹果');
insert ignore into sku_attr_value (id, attr_id, value_id, sku_id, attr_name, value_name) values (31, 23, 14, 8, '运行内存', '4G');
insert ignore into sku_attr_value (id, attr_id, value_id, sku_id, attr_name, value_name) values (32, 24, 82, 8, '机身内存', '128G');
insert ignore into sku_attr_value (id, attr_id, value_id, sku_id, attr_name, value_name) values (33, 106, 175, 9, '手机一级', '苹果手机');
insert ignore into sku_attr_value (id, attr_id, value_id, sku_id, attr_name, value_name) values (34, 107, 179, 9, '二级手机', '苹果');
insert ignore into sku_attr_value (id, attr_id, value_id, sku_id, attr_name, value_name) values (35, 23, 14, 9, '运行内存', '4G');
insert ignore into sku_attr_value (id, attr_id, value_id, sku_id, attr_name, value_name) values (36, 24, 82, 9, '机身内存', '128G');
insert ignore into sku_attr_value (id, attr_id, value_id, sku_id, attr_name, value_name) values (37, 106, 175, 10, '手机一级', '苹果手机');
insert ignore into sku_attr_value (id, attr_id, value_id, sku_id, attr_name, value_name) values (38, 107, 179, 10, '二级手机', '苹果');
insert ignore into sku_attr_value (id, attr_id, value_id, sku_id, attr_name, value_name) values (39, 23, 14, 10, '运行内存', '4G');
insert ignore into sku_attr_value (id, attr_id, value_id, sku_id, attr_name, value_name) values (40, 24, 82, 10, '机身内存', '128G');
insert ignore into sku_attr_value (id, attr_id, value_id, sku_id, attr_name, value_name) values (41, 106, 175, 11, '手机一级', '苹果手机');
insert ignore into sku_attr_value (id, attr_id, value_id, sku_id, attr_name, value_name) values (42, 107, 179, 11, '二级手机', '苹果');
insert ignore into sku_attr_value (id, attr_id, value_id, sku_id, attr_name, value_name) values (43, 23, 14, 11, '运行内存', '4G');
insert ignore into sku_attr_value (id, attr_id, value_id, sku_id, attr_name, value_name) values (44, 24, 82, 11, '机身内存', '128G');
insert ignore into sku_attr_value (id, attr_id, value_id, sku_id, attr_name, value_name) values (45, 106, 175, 12, '手机一级', '苹果手机');
insert ignore into sku_attr_value (id, attr_id, value_id, sku_id, attr_name, value_name) values (46, 107, 179, 12, '二级手机', '苹果');
insert ignore into sku_attr_value (id, attr_id, value_id, sku_id, attr_name, value_name) values (47, 23, 14, 12, '运行内存', '4G');
insert ignore into sku_attr_value (id, attr_id, value_id, sku_id, attr_name, value_name) values (48, 24, 82, 12, '机身内存', '128G');
insert ignore into sku_attr_value (id, attr_id, value_id, sku_id, attr_name, value_name) values (49, 106, 176, 13, '手机一级', '安卓手机');
insert ignore into sku_attr_value (id, attr_id, value_id, sku_id, attr_name, value_name) values (50, 107, 178, 13, '二级手机', '华为');
insert ignore into sku_attr_value (id, attr_id, value_id, sku_id, attr_name, value_name) values (51, 23, 169, 13, '运行内存', '6G');
insert ignore into sku_attr_value (id, attr_id, value_id, sku_id, attr_name, value_name) values (52, 24, 82, 13, '机身内存', '128G');
insert ignore into sku_attr_value (id, attr_id, value_id, sku_id, attr_name, value_name) values (53, 106, 176, 14, '手机一级', '安卓手机');
insert ignore into sku_attr_value (id, attr_id, value_id, sku_id, attr_name, value_name) values (54, 107, 178, 14, '二级手机', '华为');
insert ignore into sku_attr_value (id, attr_id, value_id, sku_id, attr_name, value_name) values (55, 23, 169, 14, '运行内存', '6G');
insert ignore into sku_attr_value (id, attr_id, value_id, sku_id, attr_name, value_name) values (56, 24, 82, 14, '机身内存', '128G');
insert ignore into sku_attr_value (id, attr_id, value_id, sku_id, attr_name, value_name) values (57, 106, 176, 15, '手机一级', '安卓手机');
insert ignore into sku_attr_value (id, attr_id, value_id, sku_id, attr_name, value_name) values (58, 107, 178, 15, '二级手机', '华为');
insert ignore into sku_attr_value (id, attr_id, value_id, sku_id, attr_name, value_name) values (59, 23, 83, 15, '运行内存', '8G');
insert ignore into sku_attr_value (id, attr_id, value_id, sku_id, attr_name, value_name) values (60, 24, 82, 15, '机身内存', '128G');
insert ignore into sku_attr_value (id, attr_id, value_id, sku_id, attr_name, value_name) values (61, 106, 176, 16, '手机一级', '安卓手机');
insert ignore into sku_attr_value (id, attr_id, value_id, sku_id, attr_name, value_name) values (62, 107, 178, 16, '二级手机', '华为');
insert ignore into sku_attr_value (id, attr_id, value_id, sku_id, attr_name, value_name) values (63, 23, 83, 16, '运行内存', '8G');
insert ignore into sku_attr_value (id, attr_id, value_id, sku_id, attr_name, value_name) values (64, 24, 82, 16, '机身内存', '128G');
insert ignore into sku_attr_value (id, attr_id, value_id, sku_id, attr_name, value_name) values (65, 89, 136, 17, '电视类型', '4K超清');
insert ignore into sku_attr_value (id, attr_id, value_id, sku_id, attr_name, value_name) values (66, 96, 195, 17, '屏幕尺寸', '60-70');
insert ignore into sku_attr_value (id, attr_id, value_id, sku_id, attr_name, value_name) values (67, 97, 147, 17, '分辨率', '4K超高清');
insert ignore into sku_attr_value (id, attr_id, value_id, sku_id, attr_name, value_name) values (68, 98, 149, 17, '观看距离', '3.5m');
insert ignore into sku_attr_value (id, attr_id, value_id, sku_id, attr_name, value_name) values (69, 89, 136, 17, '电视类型', '4K超清');
insert ignore into sku_attr_value (id, attr_id, value_id, sku_id, attr_name, value_name) values (70, 89, 136, 18, '电视类型', '4K超清');
insert ignore into sku_attr_value (id, attr_id, value_id, sku_id, attr_name, value_name) values (71, 96, 144, 18, '屏幕尺寸', '70-75');
insert ignore into sku_attr_value (id, attr_id, value_id, sku_id, attr_name, value_name) values (72, 97, 146, 18, '分辨率', '8K超高清');
insert ignore into sku_attr_value (id, attr_id, value_id, sku_id, attr_name, value_name) values (73, 98, 149, 18, '观看距离', '3.5m');
insert ignore into sku_attr_value (id, attr_id, value_id, sku_id, attr_name, value_name) values (74, 89, 136, 18, '电视类型', '4K超清');
insert ignore into sku_attr_value (id, attr_id, value_id, sku_id, attr_name, value_name) values (75, 89, 193, 19, '电视类型', '人工智能');
insert ignore into sku_attr_value (id, attr_id, value_id, sku_id, attr_name, value_name) values (76, 96, 145, 19, '屏幕尺寸', '75以上');
insert ignore into sku_attr_value (id, attr_id, value_id, sku_id, attr_name, value_name) values (77, 97, 148, 19, '分辨率', '12K超高清');
insert ignore into sku_attr_value (id, attr_id, value_id, sku_id, attr_name, value_name) values (78, 98, 149, 19, '观看距离', '3.5m');
insert ignore into sku_attr_value (id, attr_id, value_id, sku_id, attr_name, value_name) values (79, 89, 136, 19, '电视类型', '4K超清');
insert ignore into sku_attr_value (id, attr_id, value_id, sku_id, attr_name, value_name) values (80, 89, 192, 20, '电视类型', '超薄');
insert ignore into sku_attr_value (id, attr_id, value_id, sku_id, attr_name, value_name) values (81, 96, 195, 20, '屏幕尺寸', '60-70');
insert ignore into sku_attr_value (id, attr_id, value_id, sku_id, attr_name, value_name) values (82, 97, 147, 20, '分辨率', '4K超高清');
insert ignore into sku_attr_value (id, attr_id, value_id, sku_id, attr_name, value_name) values (83, 98, 150, 20, '观看距离', '3m');
insert ignore into sku_attr_value (id, attr_id, value_id, sku_id, attr_name, value_name) values (84, 89, 136, 20, '电视类型', '4K超清');
insert ignore into sku_attr_value (id, attr_id, value_id, sku_id, attr_name, value_name) values (85, 89, 191, 21, '电视类型', '曲面');
insert ignore into sku_attr_value (id, attr_id, value_id, sku_id, attr_name, value_name) values (86, 96, 144, 21, '屏幕尺寸', '70-75');
insert ignore into sku_attr_value (id, attr_id, value_id, sku_id, attr_name, value_name) values (87, 97, 147, 21, '分辨率', '4K超高清');
insert ignore into sku_attr_value (id, attr_id, value_id, sku_id, attr_name, value_name) values (88, 98, 150, 21, '观看距离', '3m');
insert ignore into sku_attr_value (id, attr_id, value_id, sku_id, attr_name, value_name) values (89, 89, 136, 21, '电视类型', '4K超清');
insert ignore into sku_attr_value (id, attr_id, value_id, sku_id, attr_name, value_name) values (90, 108, 197, 22, '粮食调味', '大米');
insert ignore into sku_attr_value (id, attr_id, value_id, sku_id, attr_name, value_name) values (91, 109, 201, 22, '是否有机', '非有机食品');
insert ignore into sku_attr_value (id, attr_id, value_id, sku_id, attr_name, value_name) values (92, 110, 203, 22, '分类', '米');
insert ignore into sku_attr_value (id, attr_id, value_id, sku_id, attr_name, value_name) values (93, 108, 197, 23, '粮食调味', '大米');
insert ignore into sku_attr_value (id, attr_id, value_id, sku_id, attr_name, value_name) values (94, 109, 201, 23, '是否有机', '非有机食品');
insert ignore into sku_attr_value (id, attr_id, value_id, sku_id, attr_name, value_name) values (95, 110, 203, 23, '分类', '米');
insert ignore into sku_attr_value (id, attr_id, value_id, sku_id, attr_name, value_name) values (96, 108, 198, 24, '粮食调味', '面食');
insert ignore into sku_attr_value (id, attr_id, value_id, sku_id, attr_name, value_name) values (97, 109, 200, 24, '是否有机', '有机食品');
insert ignore into sku_attr_value (id, attr_id, value_id, sku_id, attr_name, value_name) values (98, 110, 204, 24, '分类', '面');
insert ignore into sku_attr_value (id, attr_id, value_id, sku_id, attr_name, value_name) values (99, 108, 198, 25, '粮食调味', '面食');
insert ignore into sku_attr_value (id, attr_id, value_id, sku_id, attr_name, value_name) values (100, 109, 200, 25, '是否有机', '有机食品');
insert ignore into sku_attr_value (id, attr_id, value_id, sku_id, attr_name, value_name) values (101, 110, 204, 25, '分类', '面');
insert ignore into sku_attr_value (id, attr_id, value_id, sku_id, attr_name, value_name) values (102, 111, 206, 26, '功效', '滋润');
insert ignore into sku_attr_value (id, attr_id, value_id, sku_id, attr_name, value_name) values (103, 112, 210, 26, '香水彩妆', '口红');
insert ignore into sku_attr_value (id, attr_id, value_id, sku_id, attr_name, value_name) values (104, 113, 212, 26, '面部护肤', '润唇膏');
insert ignore into sku_attr_value (id, attr_id, value_id, sku_id, attr_name, value_name) values (105, 111, 207, 27, '功效', '保湿');
insert ignore into sku_attr_value (id, attr_id, value_id, sku_id, attr_name, value_name) values (106, 112, 210, 27, '香水彩妆', '口红');
insert ignore into sku_attr_value (id, attr_id, value_id, sku_id, attr_name, value_name) values (107, 113, 212, 27, '面部护肤', '润唇膏');
insert ignore into sku_attr_value (id, attr_id, value_id, sku_id, attr_name, value_name) values (108, 111, 208, 28, '功效', '防水');
insert ignore into sku_attr_value (id, attr_id, value_id, sku_id, attr_name, value_name) values (109, 112, 210, 28, '香水彩妆', '口红');
insert ignore into sku_attr_value (id, attr_id, value_id, sku_id, attr_name, value_name) values (110, 113, 212, 28, '面部护肤', '润唇膏');
insert ignore into sku_attr_value (id, attr_id, value_id, sku_id, attr_name, value_name) values (111, 111, 209, 29, '功效', '防晒');
insert ignore into sku_attr_value (id, attr_id, value_id, sku_id, attr_name, value_name) values (112, 112, 210, 29, '香水彩妆', '口红');
insert ignore into sku_attr_value (id, attr_id, value_id, sku_id, attr_name, value_name) values (113, 113, 212, 29, '面部护肤', '润唇膏');
insert ignore into sku_attr_value (id, attr_id, value_id, sku_id, attr_name, value_name) values (114, 111, 207, 30, '功效', '保湿');
insert ignore into sku_attr_value (id, attr_id, value_id, sku_id, attr_name, value_name) values (115, 112, 210, 30, '香水彩妆', '口红');
insert ignore into sku_attr_value (id, attr_id, value_id, sku_id, attr_name, value_name) values (116, 113, 212, 30, '面部护肤', '润唇膏');
insert ignore into sku_attr_value (id, attr_id, value_id, sku_id, attr_name, value_name) values (117, 111, 209, 31, '功效', '防晒');
insert ignore into sku_attr_value (id, attr_id, value_id, sku_id, attr_name, value_name) values (118, 112, 210, 31, '香水彩妆', '口红');
insert ignore into sku_attr_value (id, attr_id, value_id, sku_id, attr_name, value_name) values (119, 113, 212, 31, '面部护肤', '润唇膏');
insert ignore into sku_attr_value (id, attr_id, value_id, sku_id, attr_name, value_name) values (120, 114, 216, 32, '香调', '海洋香调');
insert ignore into sku_attr_value (id, attr_id, value_id, sku_id, attr_name, value_name) values (121, 114, 215, 33, '香调', '花果香调');
insert ignore into sku_attr_value (id, attr_id, value_id, sku_id, attr_name, value_name) values (122, 89, 136, 34, '电视类型', '4K超清');
insert ignore into sku_attr_value (id, attr_id, value_id, sku_id, attr_name, value_name) values (123, 96, 194, 34, '屏幕尺寸', '60以下');
insert ignore into sku_attr_value (id, attr_id, value_id, sku_id, attr_name, value_name) values (124, 97, 147, 34, '分辨率', '4K超高清');
insert ignore into sku_attr_value (id, attr_id, value_id, sku_id, attr_name, value_name) values (125, 98, 150, 34, '观看距离', '3m');
insert ignore into sku_attr_value (id, attr_id, value_id, sku_id, attr_name, value_name) values (126, 89, 193, 35, '电视类型', '人工智能');
insert ignore into sku_attr_value (id, attr_id, value_id, sku_id, attr_name, value_name) values (127, 96, 195, 35, '屏幕尺寸', '60-70');
insert ignore into sku_attr_value (id, attr_id, value_id, sku_id, attr_name, value_name) values (128, 97, 147, 35, '分辨率', '4K超高清');
insert ignore into sku_attr_value (id, attr_id, value_id, sku_id, attr_name, value_name) values (129, 98, 150, 35, '观看距离', '3m');


-- -------------------------------------------------------------------------------------------------
-- insert data into sku_image
-- -------------------------------------------------------------------------------------------------
insert ignore into sku_image (id, sku_id, img_name, img_url, spu_img_id, is_default) values (1, 1, 'ead186426badb626.jpg', 'http://47.93.148.192:8080/group1/M00/00/01/rBHu8l-rfvmAHpFuAACTenfIJWo734.jpg', 2, '0');
insert ignore into sku_image (id, sku_id, img_name, img_url, spu_img_id, is_default) values (2, 1, 'b58ab2d79b859f39.jpg', 'http://47.93.148.192:8080/group1/M00/00/01/rBHu8l-rfvmAcbl2AAFopp2WGBQ404.jpg', 3, '0');
insert ignore into sku_image (id, sku_id, img_name, img_url, spu_img_id, is_default) values (3, 1, '0d93a071c839d890.jpg', 'http://47.93.148.192:8080/group1/M00/00/01/rBHu8l-rfvmATs5EAABriLbF9vE207.jpg', 4, '0');
insert ignore into sku_image (id, sku_id, img_name, img_url, spu_img_id, is_default) values (4, 1, 'a7b1125239354d0d.jpg', 'http://47.93.148.192:8080/group1/M00/00/01/rBHu8l-rfvmAeWopAAEtpBjP1VQ788.jpg', 5, '0');
insert ignore into sku_image (id, sku_id, img_name, img_url, spu_img_id, is_default) values (5, 1, '6029cb2c2b2c7668.jpg', 'http://47.93.148.192:8080/group1/M00/00/01/rBHu8l-rfvmAZJX2AAGmVo8Tz9s683.jpg', 6, '0');
insert ignore into sku_image (id, sku_id, img_name, img_url, spu_img_id, is_default) values (6, 1, '2ff0882c9607e57c.jpg', 'http://47.93.148.192:8080/group1/M00/00/01/rBHu8l-rfvmAIpgZAAIvrX6L9fo612.jpg', 1, '1');
insert ignore into sku_image (id, sku_id, img_name, img_url, spu_img_id, is_default) values (7, 2, 'ead186426badb626.jpg', 'http://47.93.148.192:8080/group1/M00/00/01/rBHu8l-rfvmAHpFuAACTenfIJWo734.jpg', 2, '0');
insert ignore into sku_image (id, sku_id, img_name, img_url, spu_img_id, is_default) values (8, 2, 'b58ab2d79b859f39.jpg', 'http://47.93.148.192:8080/group1/M00/00/01/rBHu8l-rfvmAcbl2AAFopp2WGBQ404.jpg', 3, '1');
insert ignore into sku_image (id, sku_id, img_name, img_url, spu_img_id, is_default) values (9, 2, '0d93a071c839d890.jpg', 'http://47.93.148.192:8080/group1/M00/00/01/rBHu8l-rfvmATs5EAABriLbF9vE207.jpg', 4, '0');
insert ignore into sku_image (id, sku_id, img_name, img_url, spu_img_id, is_default) values (10, 2, 'a7b1125239354d0d.jpg', 'http://47.93.148.192:8080/group1/M00/00/01/rBHu8l-rfvmAeWopAAEtpBjP1VQ788.jpg', 5, '0');
insert ignore into sku_image (id, sku_id, img_name, img_url, spu_img_id, is_default) values (11, 2, '6029cb2c2b2c7668.jpg', 'http://47.93.148.192:8080/group1/M00/00/01/rBHu8l-rfvmAZJX2AAGmVo8Tz9s683.jpg', 6, '0');
insert ignore into sku_image (id, sku_id, img_name, img_url, spu_img_id, is_default) values (12, 3, '2ff0882c9607e57c.jpg', 'http://47.93.148.192:8080/group1/M00/00/01/rBHu8l-rfvmAIpgZAAIvrX6L9fo612.jpg', 1, '1');
insert ignore into sku_image (id, sku_id, img_name, img_url, spu_img_id, is_default) values (13, 3, 'ead186426badb626.jpg', 'http://47.93.148.192:8080/group1/M00/00/01/rBHu8l-rfvmAHpFuAACTenfIJWo734.jpg', 2, '0');
insert ignore into sku_image (id, sku_id, img_name, img_url, spu_img_id, is_default) values (14, 3, 'b58ab2d79b859f39.jpg', 'http://47.93.148.192:8080/group1/M00/00/01/rBHu8l-rfvmAcbl2AAFopp2WGBQ404.jpg', 3, '0');
insert ignore into sku_image (id, sku_id, img_name, img_url, spu_img_id, is_default) values (15, 3, '0d93a071c839d890.jpg', 'http://47.93.148.192:8080/group1/M00/00/01/rBHu8l-rfvmATs5EAABriLbF9vE207.jpg', 4, '0');
insert ignore into sku_image (id, sku_id, img_name, img_url, spu_img_id, is_default) values (16, 3, 'a7b1125239354d0d.jpg', 'http://47.93.148.192:8080/group1/M00/00/01/rBHu8l-rfvmAeWopAAEtpBjP1VQ788.jpg', 5, '0');
insert ignore into sku_image (id, sku_id, img_name, img_url, spu_img_id, is_default) values (17, 3, '6029cb2c2b2c7668.jpg', 'http://47.93.148.192:8080/group1/M00/00/01/rBHu8l-rfvmAZJX2AAGmVo8Tz9s683.jpg', 6, '0');
insert ignore into sku_image (id, sku_id, img_name, img_url, spu_img_id, is_default) values (18, 4, '2b78b6fdabfd2fbe.jpg', 'http://47.93.148.192:8080/group1/M00/00/01/rBHu8l-rgJqAHPnoAAF9hoDNfsc505.jpg', 7, '1');
insert ignore into sku_image (id, sku_id, img_name, img_url, spu_img_id, is_default) values (19, 4, '5d5c57ab443f5fbb.jpg', 'http://47.93.148.192:8080/group1/M00/00/02/rBHu8l-rgJqAbNFZAADi9nT5SuM524.jpg', 8, '0');
insert ignore into sku_image (id, sku_id, img_name, img_url, spu_img_id, is_default) values (20, 4, 'cef3c55b8caad783.jpg', 'http://47.93.148.192:8080/group1/M00/00/02/rBHu8l-rgJqAMq2nAAGtjwY17fA932.jpg', 9, '0');
insert ignore into sku_image (id, sku_id, img_name, img_url, spu_img_id, is_default) values (21, 4, '6eaaecc91b9ad059.jpg', 'http://47.93.148.192:8080/group1/M00/00/02/rBHu8l-rgJqAXjRKAAFpxKwrSvY886.jpg', 10, '0');
insert ignore into sku_image (id, sku_id, img_name, img_url, spu_img_id, is_default) values (22, 4, 'b7bea7af48e935fd.jpg', 'http://47.93.148.192:8080/group1/M00/00/02/rBHu8l-rgJqARA19AAFuZ18W_ks439.jpg', 11, '0');
insert ignore into sku_image (id, sku_id, img_name, img_url, spu_img_id, is_default) values (23, 5, '2b78b6fdabfd2fbe.jpg', 'http://47.93.148.192:8080/group1/M00/00/01/rBHu8l-rgJqAHPnoAAF9hoDNfsc505.jpg', 7, '1');
insert ignore into sku_image (id, sku_id, img_name, img_url, spu_img_id, is_default) values (24, 5, '5d5c57ab443f5fbb.jpg', 'http://47.93.148.192:8080/group1/M00/00/02/rBHu8l-rgJqAbNFZAADi9nT5SuM524.jpg', 8, '0');
insert ignore into sku_image (id, sku_id, img_name, img_url, spu_img_id, is_default) values (25, 5, 'cef3c55b8caad783.jpg', 'http://47.93.148.192:8080/group1/M00/00/02/rBHu8l-rgJqAMq2nAAGtjwY17fA932.jpg', 9, '0');
insert ignore into sku_image (id, sku_id, img_name, img_url, spu_img_id, is_default) values (26, 5, '6eaaecc91b9ad059.jpg', 'http://47.93.148.192:8080/group1/M00/00/02/rBHu8l-rgJqAXjRKAAFpxKwrSvY886.jpg', 10, '0');
insert ignore into sku_image (id, sku_id, img_name, img_url, spu_img_id, is_default) values (27, 5, 'b7bea7af48e935fd.jpg', 'http://47.93.148.192:8080/group1/M00/00/02/rBHu8l-rgJqARA19AAFuZ18W_ks439.jpg', 11, '0');
insert ignore into sku_image (id, sku_id, img_name, img_url, spu_img_id, is_default) values (28, 6, '2b78b6fdabfd2fbe.jpg', 'http://47.93.148.192:8080/group1/M00/00/01/rBHu8l-rgJqAHPnoAAF9hoDNfsc505.jpg', 7, '1');
insert ignore into sku_image (id, sku_id, img_name, img_url, spu_img_id, is_default) values (29, 6, '5d5c57ab443f5fbb.jpg', 'http://47.93.148.192:8080/group1/M00/00/02/rBHu8l-rgJqAbNFZAADi9nT5SuM524.jpg', 8, '0');
insert ignore into sku_image (id, sku_id, img_name, img_url, spu_img_id, is_default) values (30, 6, 'cef3c55b8caad783.jpg', 'http://47.93.148.192:8080/group1/M00/00/02/rBHu8l-rgJqAMq2nAAGtjwY17fA932.jpg', 9, '0');
insert ignore into sku_image (id, sku_id, img_name, img_url, spu_img_id, is_default) values (31, 6, '6eaaecc91b9ad059.jpg', 'http://47.93.148.192:8080/group1/M00/00/02/rBHu8l-rgJqAXjRKAAFpxKwrSvY886.jpg', 10, '0');
insert ignore into sku_image (id, sku_id, img_name, img_url, spu_img_id, is_default) values (32, 6, 'b7bea7af48e935fd.jpg', 'http://47.93.148.192:8080/group1/M00/00/02/rBHu8l-rgJqARA19AAFuZ18W_ks439.jpg', 11, '0');
insert ignore into sku_image (id, sku_id, img_name, img_url, spu_img_id, is_default) values (33, 7, '2b78b6fdabfd2fbe.jpg', 'http://47.93.148.192:8080/group1/M00/00/01/rBHu8l-rgJqAHPnoAAF9hoDNfsc505.jpg', 7, '1');
insert ignore into sku_image (id, sku_id, img_name, img_url, spu_img_id, is_default) values (34, 7, '5d5c57ab443f5fbb.jpg', 'http://47.93.148.192:8080/group1/M00/00/02/rBHu8l-rgJqAbNFZAADi9nT5SuM524.jpg', 8, '0');
insert ignore into sku_image (id, sku_id, img_name, img_url, spu_img_id, is_default) values (35, 7, 'cef3c55b8caad783.jpg', 'http://47.93.148.192:8080/group1/M00/00/02/rBHu8l-rgJqAMq2nAAGtjwY17fA932.jpg', 9, '0');
insert ignore into sku_image (id, sku_id, img_name, img_url, spu_img_id, is_default) values (36, 7, '6eaaecc91b9ad059.jpg', 'http://47.93.148.192:8080/group1/M00/00/02/rBHu8l-rgJqAXjRKAAFpxKwrSvY886.jpg', 10, '0');
insert ignore into sku_image (id, sku_id, img_name, img_url, spu_img_id, is_default) values (37, 7, 'b7bea7af48e935fd.jpg', 'http://47.93.148.192:8080/group1/M00/00/02/rBHu8l-rgJqARA19AAFuZ18W_ks439.jpg', 11, '0');
insert ignore into sku_image (id, sku_id, img_name, img_url, spu_img_id, is_default) values (38, 8, '7155bba4c363065f.jpg', 'http://47.93.148.192:8080/group1/M00/00/02/rBHu8l-rgfWAVRWzAABUiOmA0ic932.jpg', 12, '1');
insert ignore into sku_image (id, sku_id, img_name, img_url, spu_img_id, is_default) values (39, 8, '2689bc534d570eaf.jpg', 'http://47.93.148.192:8080/group1/M00/00/02/rBHu8l-rgfWAO2oYAAEw9kY2VKk982.jpg', 13, '0');
insert ignore into sku_image (id, sku_id, img_name, img_url, spu_img_id, is_default) values (40, 8, '7ae59d1d962f0965.jpg', 'http://47.93.148.192:8080/group1/M00/00/02/rBHu8l-rgfWAFeQLAAEt9MLZnho584.jpg', 16, '0');
insert ignore into sku_image (id, sku_id, img_name, img_url, spu_img_id, is_default) values (41, 8, 'f73bfe30f5ec641a.jpg', 'http://47.93.148.192:8080/group1/M00/00/02/rBHu8l-rgfWABhwlAAEjBwwVkrI735.jpg', 18, '0');
insert ignore into sku_image (id, sku_id, img_name, img_url, spu_img_id, is_default) values (42, 9, '2689bc534d570eaf.jpg', 'http://47.93.148.192:8080/group1/M00/00/02/rBHu8l-rgfWAO2oYAAEw9kY2VKk982.jpg', 13, '0');
insert ignore into sku_image (id, sku_id, img_name, img_url, spu_img_id, is_default) values (43, 9, '6ef342197c8095b6.jpg', 'http://47.93.148.192:8080/group1/M00/00/02/rBHu8l-rgfWAJllcAAEY0AkXL8M782.jpg', 14, '1');
insert ignore into sku_image (id, sku_id, img_name, img_url, spu_img_id, is_default) values (44, 9, '7ae59d1d962f0965.jpg', 'http://47.93.148.192:8080/group1/M00/00/02/rBHu8l-rgfWAFeQLAAEt9MLZnho584.jpg', 16, '0');
insert ignore into sku_image (id, sku_id, img_name, img_url, spu_img_id, is_default) values (45, 9, 'f73bfe30f5ec641a.jpg', 'http://47.93.148.192:8080/group1/M00/00/02/rBHu8l-rgfWABhwlAAEjBwwVkrI735.jpg', 18, '0');
insert ignore into sku_image (id, sku_id, img_name, img_url, spu_img_id, is_default) values (46, 10, '2689bc534d570eaf.jpg', 'http://47.93.148.192:8080/group1/M00/00/02/rBHu8l-rgfWAO2oYAAEw9kY2VKk982.jpg', 13, '0');
insert ignore into sku_image (id, sku_id, img_name, img_url, spu_img_id, is_default) values (47, 10, '34c390fe3ab2bab5.jpg', 'http://47.93.148.192:8080/group1/M00/00/02/rBHu8l-rgfWAbqkuAAENKBtJukQ551.jpg', 15, '1');
insert ignore into sku_image (id, sku_id, img_name, img_url, spu_img_id, is_default) values (48, 10, '7ae59d1d962f0965.jpg', 'http://47.93.148.192:8080/group1/M00/00/02/rBHu8l-rgfWAFeQLAAEt9MLZnho584.jpg', 16, '0');
insert ignore into sku_image (id, sku_id, img_name, img_url, spu_img_id, is_default) values (49, 10, 'f73bfe30f5ec641a.jpg', 'http://47.93.148.192:8080/group1/M00/00/02/rBHu8l-rgfWABhwlAAEjBwwVkrI735.jpg', 18, '0');
insert ignore into sku_image (id, sku_id, img_name, img_url, spu_img_id, is_default) values (50, 11, '2689bc534d570eaf.jpg', 'http://47.93.148.192:8080/group1/M00/00/02/rBHu8l-rgfWAO2oYAAEw9kY2VKk982.jpg', 13, '0');
insert ignore into sku_image (id, sku_id, img_name, img_url, spu_img_id, is_default) values (51, 11, '7ae59d1d962f0965.jpg', 'http://47.93.148.192:8080/group1/M00/00/02/rBHu8l-rgfWAFeQLAAEt9MLZnho584.jpg', 16, '0');
insert ignore into sku_image (id, sku_id, img_name, img_url, spu_img_id, is_default) values (52, 11, 'de33680f921e5838.jpg', 'http://47.93.148.192:8080/group1/M00/00/02/rBHu8l-rgfWASR1YAADsOUYB-2g312.jpg', 17, '1');
insert ignore into sku_image (id, sku_id, img_name, img_url, spu_img_id, is_default) values (53, 11, 'f73bfe30f5ec641a.jpg', 'http://47.93.148.192:8080/group1/M00/00/02/rBHu8l-rgfWABhwlAAEjBwwVkrI735.jpg', 18, '0');
insert ignore into sku_image (id, sku_id, img_name, img_url, spu_img_id, is_default) values (54, 12, '2689bc534d570eaf.jpg', 'http://47.93.148.192:8080/group1/M00/00/02/rBHu8l-rgfWAO2oYAAEw9kY2VKk982.jpg', 13, '0');
insert ignore into sku_image (id, sku_id, img_name, img_url, spu_img_id, is_default) values (55, 12, '7ae59d1d962f0965.jpg', 'http://47.93.148.192:8080/group1/M00/00/02/rBHu8l-rgfWAFeQLAAEt9MLZnho584.jpg', 16, '0');
insert ignore into sku_image (id, sku_id, img_name, img_url, spu_img_id, is_default) values (56, 12, 'f73bfe30f5ec641a.jpg', 'http://47.93.148.192:8080/group1/M00/00/02/rBHu8l-rgfWABhwlAAEjBwwVkrI735.jpg', 18, '0');
insert ignore into sku_image (id, sku_id, img_name, img_url, spu_img_id, is_default) values (57, 12, '7155bba4c363065f.jpg', 'http://47.93.148.192:8080/group1/M00/00/02/rBHu8l-rgfWAVRWzAABUiOmA0ic932.jpg', 12, '1');
insert ignore into sku_image (id, sku_id, img_name, img_url, spu_img_id, is_default) values (58, 13, '19b35dc3ebe1579e.jpg', 'http://47.93.148.192:8080/group1/M00/00/02/rBHu8l-sklWAQwdLAACW7swImE4752.jpg', 19, '0');
insert ignore into sku_image (id, sku_id, img_name, img_url, spu_img_id, is_default) values (59, 13, '1009958cd1bc4e70.jpg', 'http://47.93.148.192:8080/group1/M00/00/02/rBHu8l-sklWAUJH9AACHXa0HPC8315.jpg', 20, '0');
insert ignore into sku_image (id, sku_id, img_name, img_url, spu_img_id, is_default) values (60, 13, '76c7922bb9d226d0.jpg', 'http://47.93.148.192:8080/group1/M00/00/02/rBHu8l-sklaAPVqkAAEoiSa9WoM463.jpg', 21, '0');
insert ignore into sku_image (id, sku_id, img_name, img_url, spu_img_id, is_default) values (61, 13, '9316593be50948f8.jpg', 'http://47.93.148.192:8080/group1/M00/00/02/rBHu8l-sklaALrngAAHGDqdpFtU741.jpg', 22, '1');
insert ignore into sku_image (id, sku_id, img_name, img_url, spu_img_id, is_default) values (62, 13, 'ee11befc0d6dfa18.jpg', 'http://47.93.148.192:8080/group1/M00/00/02/rBHu8l-skleASDLsAAFcVo0uNCs962.jpg', 24, '0');
insert ignore into sku_image (id, sku_id, img_name, img_url, spu_img_id, is_default) values (63, 13, 'fa4ffba88e29ee03.jpg', 'http://47.93.148.192:8080/group1/M00/00/02/rBHu8l-skleAJ6zNAADSblcDDEM109.jpg', 25, '0');
insert ignore into sku_image (id, sku_id, img_name, img_url, spu_img_id, is_default) values (64, 13, 'a01d74c9878967fa.jpg', 'http://47.93.148.192:8080/group1/M00/00/02/rBHu8l-skleAa3edAAKUHkq4s24909.jpg', 26, '0');
insert ignore into sku_image (id, sku_id, img_name, img_url, spu_img_id, is_default) values (65, 14, '19b35dc3ebe1579e.jpg', 'http://47.93.148.192:8080/group1/M00/00/02/rBHu8l-sklWAQwdLAACW7swImE4752.jpg', 19, '0');
insert ignore into sku_image (id, sku_id, img_name, img_url, spu_img_id, is_default) values (66, 14, '1009958cd1bc4e70.jpg', 'http://47.93.148.192:8080/group1/M00/00/02/rBHu8l-sklWAUJH9AACHXa0HPC8315.jpg', 20, '0');
insert ignore into sku_image (id, sku_id, img_name, img_url, spu_img_id, is_default) values (67, 14, '76c7922bb9d226d0.jpg', 'http://47.93.148.192:8080/group1/M00/00/02/rBHu8l-sklaAPVqkAAEoiSa9WoM463.jpg', 21, '0');
insert ignore into sku_image (id, sku_id, img_name, img_url, spu_img_id, is_default) values (68, 14, '89e57f95b32e5385.jpg', 'http://47.93.148.192:8080/group1/M00/00/02/rBHu8l-sklaAbYPbAAHJf20K7J4980.jpg', 23, '1');
insert ignore into sku_image (id, sku_id, img_name, img_url, spu_img_id, is_default) values (69, 14, 'ee11befc0d6dfa18.jpg', 'http://47.93.148.192:8080/group1/M00/00/02/rBHu8l-skleASDLsAAFcVo0uNCs962.jpg', 24, '0');
insert ignore into sku_image (id, sku_id, img_name, img_url, spu_img_id, is_default) values (70, 14, 'fa4ffba88e29ee03.jpg', 'http://47.93.148.192:8080/group1/M00/00/02/rBHu8l-skleAJ6zNAADSblcDDEM109.jpg', 25, '0');
insert ignore into sku_image (id, sku_id, img_name, img_url, spu_img_id, is_default) values (71, 14, 'a01d74c9878967fa.jpg', 'http://47.93.148.192:8080/group1/M00/00/02/rBHu8l-skleAa3edAAKUHkq4s24909.jpg', 26, '0');
insert ignore into sku_image (id, sku_id, img_name, img_url, spu_img_id, is_default) values (72, 15, '19b35dc3ebe1579e.jpg', 'http://47.93.148.192:8080/group1/M00/00/02/rBHu8l-sklWAQwdLAACW7swImE4752.jpg', 19, '0');
insert ignore into sku_image (id, sku_id, img_name, img_url, spu_img_id, is_default) values (73, 15, '1009958cd1bc4e70.jpg', 'http://47.93.148.192:8080/group1/M00/00/02/rBHu8l-sklWAUJH9AACHXa0HPC8315.jpg', 20, '0');
insert ignore into sku_image (id, sku_id, img_name, img_url, spu_img_id, is_default) values (74, 15, '76c7922bb9d226d0.jpg', 'http://47.93.148.192:8080/group1/M00/00/02/rBHu8l-sklaAPVqkAAEoiSa9WoM463.jpg', 21, '0');
insert ignore into sku_image (id, sku_id, img_name, img_url, spu_img_id, is_default) values (75, 15, '89e57f95b32e5385.jpg', 'http://47.93.148.192:8080/group1/M00/00/02/rBHu8l-sklaAbYPbAAHJf20K7J4980.jpg', 23, '1');
insert ignore into sku_image (id, sku_id, img_name, img_url, spu_img_id, is_default) values (76, 15, 'ee11befc0d6dfa18.jpg', 'http://47.93.148.192:8080/group1/M00/00/02/rBHu8l-skleASDLsAAFcVo0uNCs962.jpg', 24, '0');
insert ignore into sku_image (id, sku_id, img_name, img_url, spu_img_id, is_default) values (77, 15, 'fa4ffba88e29ee03.jpg', 'http://47.93.148.192:8080/group1/M00/00/02/rBHu8l-skleAJ6zNAADSblcDDEM109.jpg', 25, '0');
insert ignore into sku_image (id, sku_id, img_name, img_url, spu_img_id, is_default) values (78, 15, 'a01d74c9878967fa.jpg', 'http://47.93.148.192:8080/group1/M00/00/02/rBHu8l-skleAa3edAAKUHkq4s24909.jpg', 26, '0');
insert ignore into sku_image (id, sku_id, img_name, img_url, spu_img_id, is_default) values (79, 16, '19b35dc3ebe1579e.jpg', 'http://47.93.148.192:8080/group1/M00/00/02/rBHu8l-sklWAQwdLAACW7swImE4752.jpg', 19, '0');
insert ignore into sku_image (id, sku_id, img_name, img_url, spu_img_id, is_default) values (80, 16, '1009958cd1bc4e70.jpg', 'http://47.93.148.192:8080/group1/M00/00/02/rBHu8l-sklWAUJH9AACHXa0HPC8315.jpg', 20, '0');
insert ignore into sku_image (id, sku_id, img_name, img_url, spu_img_id, is_default) values (81, 16, '76c7922bb9d226d0.jpg', 'http://47.93.148.192:8080/group1/M00/00/02/rBHu8l-sklaAPVqkAAEoiSa9WoM463.jpg', 21, '0');
insert ignore into sku_image (id, sku_id, img_name, img_url, spu_img_id, is_default) values (82, 16, '9316593be50948f8.jpg', 'http://47.93.148.192:8080/group1/M00/00/02/rBHu8l-sklaALrngAAHGDqdpFtU741.jpg', 22, '1');
insert ignore into sku_image (id, sku_id, img_name, img_url, spu_img_id, is_default) values (83, 16, 'ee11befc0d6dfa18.jpg', 'http://47.93.148.192:8080/group1/M00/00/02/rBHu8l-skleASDLsAAFcVo0uNCs962.jpg', 24, '0');
insert ignore into sku_image (id, sku_id, img_name, img_url, spu_img_id, is_default) values (84, 16, 'fa4ffba88e29ee03.jpg', 'http://47.93.148.192:8080/group1/M00/00/02/rBHu8l-skleAJ6zNAADSblcDDEM109.jpg', 25, '0');
insert ignore into sku_image (id, sku_id, img_name, img_url, spu_img_id, is_default) values (85, 16, 'a01d74c9878967fa.jpg', 'http://47.93.148.192:8080/group1/M00/00/02/rBHu8l-skleAa3edAAKUHkq4s24909.jpg', 26, '0');
insert ignore into sku_image (id, sku_id, img_name, img_url, spu_img_id, is_default) values (86, 17, '23e94e5f9fa168d7.jpg', 'http://47.93.148.192:8080/group1/M00/00/02/rBHu8l-0i2uAaz7cAACS1bFmjlE652.jpg', 27, '0');
insert ignore into sku_image (id, sku_id, img_name, img_url, spu_img_id, is_default) values (87, 17, '8ea8ac1e43eb09bc.jpg', 'http://47.93.148.192:8080/group1/M00/00/02/rBHu8l-0i2uAe9mBAAHubDHNM_s207.jpg', 29, '1');
insert ignore into sku_image (id, sku_id, img_name, img_url, spu_img_id, is_default) values (88, 17, '44b81ee60ba37250.jpg', 'http://47.93.148.192:8080/group1/M00/00/02/rBHu8l-0i2-ARs7SAAK2xlc5Kew601.jpg', 31, '0');
insert ignore into sku_image (id, sku_id, img_name, img_url, spu_img_id, is_default) values (89, 17, 'ed289ba23e865e31.jpg', 'http://47.93.148.192:8080/group1/M00/00/02/rBHu8l-0i2-AN7-lAAJRUqAcXEI304.jpg', 32, '0');
insert ignore into sku_image (id, sku_id, img_name, img_url, spu_img_id, is_default) values (90, 17, 'bae6e6a540c68c48.jpg', 'http://47.93.148.192:8080/group1/M00/00/02/rBHu8l-0i3CAWr6DAAOBwhDxkRg939.jpg', 33, '0');
insert ignore into sku_image (id, sku_id, img_name, img_url, spu_img_id, is_default) values (91, 17, 'd37bc807dd3080d6.jpg', 'http://47.93.148.192:8080/group1/M00/00/02/rBHu8l-0i3CAcfXYAAOtpRUCgAc311.jpg', 34, '0');
insert ignore into sku_image (id, sku_id, img_name, img_url, spu_img_id, is_default) values (92, 17, 'b978ec45035aa218.jpg', 'http://47.93.148.192:8080/group1/M00/00/02/rBHu8l-0i3CAFTPcAAM3hhhj828508.jpg', 35, '0');
insert ignore into sku_image (id, sku_id, img_name, img_url, spu_img_id, is_default) values (93, 17, 'f496d9ae34b76554.jpg', 'http://47.93.148.192:8080/group1/M00/00/02/rBHu8l-0i3GAUIstAAMFiaVe0I4100.jpg', 36, '0');
insert ignore into sku_image (id, sku_id, img_name, img_url, spu_img_id, is_default) values (94, 18, '23e94e5f9fa168d7.jpg', 'http://47.93.148.192:8080/group1/M00/00/02/rBHu8l-0i2uAaz7cAACS1bFmjlE652.jpg', 27, '0');
insert ignore into sku_image (id, sku_id, img_name, img_url, spu_img_id, is_default) values (95, 18, '5f679f4a7990fffb.jpg', 'http://47.93.148.192:8080/group1/M00/00/02/rBHu8l-0i2uAAHK_AAHxOsbi0Gc462.jpg', 28, '1');
insert ignore into sku_image (id, sku_id, img_name, img_url, spu_img_id, is_default) values (96, 18, '44b81ee60ba37250.jpg', 'http://47.93.148.192:8080/group1/M00/00/02/rBHu8l-0i2-ARs7SAAK2xlc5Kew601.jpg', 31, '0');
insert ignore into sku_image (id, sku_id, img_name, img_url, spu_img_id, is_default) values (97, 18, 'ed289ba23e865e31.jpg', 'http://47.93.148.192:8080/group1/M00/00/02/rBHu8l-0i2-AN7-lAAJRUqAcXEI304.jpg', 32, '0');
insert ignore into sku_image (id, sku_id, img_name, img_url, spu_img_id, is_default) values (98, 18, 'bae6e6a540c68c48.jpg', 'http://47.93.148.192:8080/group1/M00/00/02/rBHu8l-0i3CAWr6DAAOBwhDxkRg939.jpg', 33, '0');
insert ignore into sku_image (id, sku_id, img_name, img_url, spu_img_id, is_default) values (99, 18, 'd37bc807dd3080d6.jpg', 'http://47.93.148.192:8080/group1/M00/00/02/rBHu8l-0i3CAcfXYAAOtpRUCgAc311.jpg', 34, '0');
insert ignore into sku_image (id, sku_id, img_name, img_url, spu_img_id, is_default) values (100, 18, 'b978ec45035aa218.jpg', 'http://47.93.148.192:8080/group1/M00/00/02/rBHu8l-0i3CAFTPcAAM3hhhj828508.jpg', 35, '0');
insert ignore into sku_image (id, sku_id, img_name, img_url, spu_img_id, is_default) values (101, 18, 'f496d9ae34b76554.jpg', 'http://47.93.148.192:8080/group1/M00/00/02/rBHu8l-0i3GAUIstAAMFiaVe0I4100.jpg', 36, '0');
insert ignore into sku_image (id, sku_id, img_name, img_url, spu_img_id, is_default) values (102, 19, '23e94e5f9fa168d7.jpg', 'http://47.93.148.192:8080/group1/M00/00/02/rBHu8l-0i2uAaz7cAACS1bFmjlE652.jpg', 27, '0');
insert ignore into sku_image (id, sku_id, img_name, img_url, spu_img_id, is_default) values (103, 19, 'ccaad675b92601b8.jpg', 'http://47.93.148.192:8080/group1/M00/00/02/rBHu8l-0i2-AU8esAAIV74ZBdhU344.jpg', 30, '1');
insert ignore into sku_image (id, sku_id, img_name, img_url, spu_img_id, is_default) values (104, 19, '44b81ee60ba37250.jpg', 'http://47.93.148.192:8080/group1/M00/00/02/rBHu8l-0i2-ARs7SAAK2xlc5Kew601.jpg', 31, '0');
insert ignore into sku_image (id, sku_id, img_name, img_url, spu_img_id, is_default) values (105, 19, 'ed289ba23e865e31.jpg', 'http://47.93.148.192:8080/group1/M00/00/02/rBHu8l-0i2-AN7-lAAJRUqAcXEI304.jpg', 32, '0');
insert ignore into sku_image (id, sku_id, img_name, img_url, spu_img_id, is_default) values (106, 19, 'bae6e6a540c68c48.jpg', 'http://47.93.148.192:8080/group1/M00/00/02/rBHu8l-0i3CAWr6DAAOBwhDxkRg939.jpg', 33, '0');
insert ignore into sku_image (id, sku_id, img_name, img_url, spu_img_id, is_default) values (107, 19, 'd37bc807dd3080d6.jpg', 'http://47.93.148.192:8080/group1/M00/00/02/rBHu8l-0i3CAcfXYAAOtpRUCgAc311.jpg', 34, '0');
insert ignore into sku_image (id, sku_id, img_name, img_url, spu_img_id, is_default) values (108, 19, 'b978ec45035aa218.jpg', 'http://47.93.148.192:8080/group1/M00/00/02/rBHu8l-0i3CAFTPcAAM3hhhj828508.jpg', 35, '0');
insert ignore into sku_image (id, sku_id, img_name, img_url, spu_img_id, is_default) values (109, 19, 'f496d9ae34b76554.jpg', 'http://47.93.148.192:8080/group1/M00/00/02/rBHu8l-0i3GAUIstAAMFiaVe0I4100.jpg', 36, '0');
insert ignore into sku_image (id, sku_id, img_name, img_url, spu_img_id, is_default) values (110, 20, '1d06cce763319de9.jpg', 'http://47.93.148.192:8080/group1/M00/00/02/rBHu8l-0kH6AGdWUAADGjZ-bAuc105.jpg', 37, '0');
insert ignore into sku_image (id, sku_id, img_name, img_url, spu_img_id, is_default) values (111, 20, '6057c618c32233d3.jpg', 'http://47.93.148.192:8080/group1/M00/00/02/rBHu8l-0kH6AIR2DAAB34EDXR8I868.jpg', 38, '0');
insert ignore into sku_image (id, sku_id, img_name, img_url, spu_img_id, is_default) values (112, 20, 'b701596e43b3433b.jpg', 'http://47.93.148.192:8080/group1/M00/00/02/rBHu8l-0kH-AOqGjAABTm8Yp74U305.jpg', 40, '0');
insert ignore into sku_image (id, sku_id, img_name, img_url, spu_img_id, is_default) values (113, 20, 'cc2d09a3feba8058.jpg', 'http://47.93.148.192:8080/group1/M00/00/02/rBHu8l-0kIGAY1IuAADTekb4Aks567.jpg', 42, '0');
insert ignore into sku_image (id, sku_id, img_name, img_url, spu_img_id, is_default) values (114, 20, 'a4eaf7bf9528fe4d.jpg', 'http://47.93.148.192:8080/group1/M00/00/02/rBHu8l-0kIGAWtMyAAGxs6Q350k510.jpg', 43, '1');
insert ignore into sku_image (id, sku_id, img_name, img_url, spu_img_id, is_default) values (115, 20, '9306232083ca53d6.jpg', 'http://47.93.148.192:8080/group1/M00/00/02/rBHu8l-0kIGAY4cIAAHCbpsLG8Y072.jpg', 44, '0');
insert ignore into sku_image (id, sku_id, img_name, img_url, spu_img_id, is_default) values (116, 20, 'a55bc2b7a3b0ecfb.jpg', 'http://47.93.148.192:8080/group1/M00/00/02/rBHu8l-0kIKAC8WUAAGuYv8KYsE398.jpg', 47, '0');
insert ignore into sku_image (id, sku_id, img_name, img_url, spu_img_id, is_default) values (117, 21, '6057c618c32233d3.jpg', 'http://47.93.148.192:8080/group1/M00/00/02/rBHu8l-0kH6AIR2DAAB34EDXR8I868.jpg', 38, '0');
insert ignore into sku_image (id, sku_id, img_name, img_url, spu_img_id, is_default) values (118, 21, '1eabe76b0f15b0d8.jpg', 'http://47.93.148.192:8080/group1/M00/00/02/rBHu8l-0kH6AQb87AAJYDnKvZoU838.jpg', 39, '0');
insert ignore into sku_image (id, sku_id, img_name, img_url, spu_img_id, is_default) values (119, 21, '1fffb98409fa32c0.jpg', 'http://47.93.148.192:8080/group1/M00/00/02/rBHu8l-0kICAaGuxAAKnO3DNDcY020.jpg', 41, '1');
insert ignore into sku_image (id, sku_id, img_name, img_url, spu_img_id, is_default) values (120, 21, 'a55bc2b7a3b0ecfb.jpg', 'http://47.93.148.192:8080/group1/M00/00/02/rBHu8l-0kIKAC8WUAAGuYv8KYsE398.jpg', 47, '0');
insert ignore into sku_image (id, sku_id, img_name, img_url, spu_img_id, is_default) values (121, 21, '21401b8a2c2b38f1.jpg', 'http://47.93.148.192:8080/group1/M00/00/02/rBHu8l-0kIKAa4cXAAJ021_HJN8583.jpg', 45, '0');
insert ignore into sku_image (id, sku_id, img_name, img_url, spu_img_id, is_default) values (122, 21, '42ed4e6655d2acca.jpg', 'http://47.93.148.192:8080/group1/M00/00/02/rBHu8l-0kIKAMJkPAAJdKCVoSR0812.jpg', 46, '0');
insert ignore into sku_image (id, sku_id, img_name, img_url, spu_img_id, is_default) values (123, 22, '4a5fc6ff3ea986e9 (1).jpg', 'http://47.93.148.192:8080/group1/M00/00/02/rBHu8l-0lieAGQHUAAIiC_lx9cU417.jpg', 48, '0');
insert ignore into sku_image (id, sku_id, img_name, img_url, spu_img_id, is_default) values (124, 22, '6e82f1a4475f871e.jpg', 'http://47.93.148.192:8080/group1/M00/00/02/rBHu8l-0liqALXl6AAOvXBZbBYs429.jpg', 49, '0');
insert ignore into sku_image (id, sku_id, img_name, img_url, spu_img_id, is_default) values (125, 22, 'cc2d09a3feba8058.jpg', 'http://47.93.148.192:8080/group1/M00/00/02/rBHu8l-0liqAARz7AAHeAIWIl4I126.jpg', 51, '1');
insert ignore into sku_image (id, sku_id, img_name, img_url, spu_img_id, is_default) values (126, 22, '8d83227b75119532.jpg', 'http://47.93.148.192:8080/group1/M00/00/02/rBHu8l-0liqAE9CSAAIUaEugX8E823.jpg', 52, '0');
insert ignore into sku_image (id, sku_id, img_name, img_url, spu_img_id, is_default) values (127, 22, '31bd117f36197b9d.jpg', 'http://47.93.148.192:8080/group1/M00/00/02/rBHu8l-0liuAZ1P_AALOZHDbvCM585.jpg', 54, '0');
insert ignore into sku_image (id, sku_id, img_name, img_url, spu_img_id, is_default) values (128, 22, 'e26709c6dbd6a1fe.jpg', 'http://47.93.148.192:8080/group1/M00/00/02/rBHu8l-0li2AZLT5AAMhohWBIMs183.jpg', 57, '0');
insert ignore into sku_image (id, sku_id, img_name, img_url, spu_img_id, is_default) values (129, 23, '4a5fc6ff3ea986e9 (1).jpg', 'http://47.93.148.192:8080/group1/M00/00/02/rBHu8l-0lieAGQHUAAIiC_lx9cU417.jpg', 48, '0');
insert ignore into sku_image (id, sku_id, img_name, img_url, spu_img_id, is_default) values (130, 23, '8d83227b75119532.jpg', 'http://47.93.148.192:8080/group1/M00/00/02/rBHu8l-0liqAE9CSAAIUaEugX8E823.jpg', 52, '0');
insert ignore into sku_image (id, sku_id, img_name, img_url, spu_img_id, is_default) values (131, 23, '31bd117f36197b9d.jpg', 'http://47.93.148.192:8080/group1/M00/00/02/rBHu8l-0liuAZ1P_AALOZHDbvCM585.jpg', 54, '0');
insert ignore into sku_image (id, sku_id, img_name, img_url, spu_img_id, is_default) values (132, 23, 'ed854afc5bb54697.jpg', 'http://47.93.148.192:8080/group1/M00/00/02/rBHu8l-0liyAJ34AAAJLREFgZVM767.jpg', 55, '0');
insert ignore into sku_image (id, sku_id, img_name, img_url, spu_img_id, is_default) values (133, 23, '0490b051476c112e.jpg', 'http://47.93.148.192:8080/group1/M00/00/02/rBHu8l-0liuAJTluAAVP1d_tXYs725.jpg', 53, '1');
insert ignore into sku_image (id, sku_id, img_name, img_url, spu_img_id, is_default) values (134, 24, '5b73a35dN94a5e30a.jpg', 'http://47.93.148.192:8080/group1/M00/00/02/rBHu8l-0l7aADmXLAAI5tpjy5CI066.jpg', 58, '0');
insert ignore into sku_image (id, sku_id, img_name, img_url, spu_img_id, is_default) values (135, 24, '5b73a36dNd0a67203.jpg', 'http://47.93.148.192:8080/group1/M00/00/02/rBHu8l-0l7yAfFv9AAM5ZEY69Uo453.jpg', 59, '0');
insert ignore into sku_image (id, sku_id, img_name, img_url, spu_img_id, is_default) values (136, 24, '5b73a35aN92891309.jpg', 'http://47.93.148.192:8080/group1/M00/00/02/rBHu8l-0l72AKuQVAALmOIO3U5M856.jpg', 62, '1');
insert ignore into sku_image (id, sku_id, img_name, img_url, spu_img_id, is_default) values (137, 24, '5b73a362Nc6b5f3fb.jpg', 'http://47.93.148.192:8080/group1/M00/00/02/rBHu8l-0l76AKjn2AAlz4fZOF_8339.jpg', 63, '0');
insert ignore into sku_image (id, sku_id, img_name, img_url, spu_img_id, is_default) values (138, 25, '5b73a36dNd0a67203.jpg', 'http://47.93.148.192:8080/group1/M00/00/02/rBHu8l-0l7yAfFv9AAM5ZEY69Uo453.jpg', 59, '0');
insert ignore into sku_image (id, sku_id, img_name, img_url, spu_img_id, is_default) values (139, 25, 'c035c2acf72e5ff1.jpg', 'http://47.93.148.192:8080/group1/M00/00/02/rBHu8l-0l7yALvPlAAO4xZsGHFI059.jpg', 60, '0');
insert ignore into sku_image (id, sku_id, img_name, img_url, spu_img_id, is_default) values (140, 25, '5cdf66beN8aa239ab.jpg', 'http://47.93.148.192:8080/group1/M00/00/02/rBHu8l-0l72AaH20AATmWw3ydsA295.jpg', 61, '1');
insert ignore into sku_image (id, sku_id, img_name, img_url, spu_img_id, is_default) values (141, 25, '5b73a362Nc6b5f3fb (1).jpg', 'http://47.93.148.192:8080/group1/M00/00/02/rBHu8l-0l7-AVJfOAAlz4fZOF_8230.jpg', 64, '0');
insert ignore into sku_image (id, sku_id, img_name, img_url, spu_img_id, is_default) values (142, 26, '7ffd8d2a4be62085.jpg', 'http://47.93.148.192:8080/group1/M00/00/02/rBHu8l-0yceAZ6jBAAGu7qTDWVA490.jpg', 65, '0');
insert ignore into sku_image (id, sku_id, img_name, img_url, spu_img_id, is_default) values (143, 26, 'c406559b05bcf6d4.jpg', 'http://47.93.148.192:8080/group1/M00/00/02/rBHu8l-0yceAc7geAAFOkBl0eCU984.jpg', 66, '0');
insert ignore into sku_image (id, sku_id, img_name, img_url, spu_img_id, is_default) values (144, 26, '7496d660c45c45ac.jpg', 'http://47.93.148.192:8080/group1/M00/00/02/rBHu8l-0yceAbtKiAAFs7t6eSJ0508.jpg', 67, '0');
insert ignore into sku_image (id, sku_id, img_name, img_url, spu_img_id, is_default) values (145, 26, 'f8051c8538cb011e.jpg', 'http://47.93.148.192:8080/group1/M00/00/02/rBHu8l-0yceAC5dfAAH_Rtwwzq8880.jpg', 68, '1');
insert ignore into sku_image (id, sku_id, img_name, img_url, spu_img_id, is_default) values (146, 26, 'b28620aae9d31c52.png', 'http://47.93.148.192:8080/group1/M00/00/02/rBHu8l-0yciAPvJGAARhSl8kZA8647.png', 69, '0');
insert ignore into sku_image (id, sku_id, img_name, img_url, spu_img_id, is_default) values (147, 27, '7ffd8d2a4be62085.jpg', 'http://47.93.148.192:8080/group1/M00/00/02/rBHu8l-0yceAZ6jBAAGu7qTDWVA490.jpg', 65, '0');
insert ignore into sku_image (id, sku_id, img_name, img_url, spu_img_id, is_default) values (148, 27, 'c406559b05bcf6d4.jpg', 'http://47.93.148.192:8080/group1/M00/00/02/rBHu8l-0yceAc7geAAFOkBl0eCU984.jpg', 66, '0');
insert ignore into sku_image (id, sku_id, img_name, img_url, spu_img_id, is_default) values (149, 27, '7496d660c45c45ac.jpg', 'http://47.93.148.192:8080/group1/M00/00/02/rBHu8l-0yceAbtKiAAFs7t6eSJ0508.jpg', 67, '0');
insert ignore into sku_image (id, sku_id, img_name, img_url, spu_img_id, is_default) values (150, 27, 'f8051c8538cb011e.jpg', 'http://47.93.148.192:8080/group1/M00/00/02/rBHu8l-0yceAC5dfAAH_Rtwwzq8880.jpg', 68, '1');
insert ignore into sku_image (id, sku_id, img_name, img_url, spu_img_id, is_default) values (151, 27, 'b28620aae9d31c52.png', 'http://47.93.148.192:8080/group1/M00/00/02/rBHu8l-0yciAPvJGAARhSl8kZA8647.png', 69, '0');
insert ignore into sku_image (id, sku_id, img_name, img_url, spu_img_id, is_default) values (152, 28, '7ffd8d2a4be62085.jpg', 'http://47.93.148.192:8080/group1/M00/00/02/rBHu8l-0yceAZ6jBAAGu7qTDWVA490.jpg', 65, '0');
insert ignore into sku_image (id, sku_id, img_name, img_url, spu_img_id, is_default) values (153, 28, 'c406559b05bcf6d4.jpg', 'http://47.93.148.192:8080/group1/M00/00/02/rBHu8l-0yceAc7geAAFOkBl0eCU984.jpg', 66, '0');
insert ignore into sku_image (id, sku_id, img_name, img_url, spu_img_id, is_default) values (154, 28, '7496d660c45c45ac.jpg', 'http://47.93.148.192:8080/group1/M00/00/02/rBHu8l-0yceAbtKiAAFs7t6eSJ0508.jpg', 67, '0');
insert ignore into sku_image (id, sku_id, img_name, img_url, spu_img_id, is_default) values (155, 28, 'f8051c8538cb011e.jpg', 'http://47.93.148.192:8080/group1/M00/00/02/rBHu8l-0yceAC5dfAAH_Rtwwzq8880.jpg', 68, '1');
insert ignore into sku_image (id, sku_id, img_name, img_url, spu_img_id, is_default) values (156, 28, 'b28620aae9d31c52.png', 'http://47.93.148.192:8080/group1/M00/00/02/rBHu8l-0yciAPvJGAARhSl8kZA8647.png', 69, '0');
insert ignore into sku_image (id, sku_id, img_name, img_url, spu_img_id, is_default) values (157, 29, '72cec68481f86aff.jpg', 'http://47.93.148.192:8080/group1/M00/00/02/rBHu8l-0y1WATxItAAEcZnKxvfI617.jpg', 70, '0');
insert ignore into sku_image (id, sku_id, img_name, img_url, spu_img_id, is_default) values (158, 29, '1b462be0fb148e88.jpg', 'http://47.93.148.192:8080/group1/M00/00/02/rBHu8l-0y1WAKv_cAAHKVw8AZqk151.jpg', 71, '0');
insert ignore into sku_image (id, sku_id, img_name, img_url, spu_img_id, is_default) values (159, 29, 'dcc198936a4601de.jpg', 'http://47.93.148.192:8080/group1/M00/00/02/rBHu8l-0y1eAS25WAAEYg9IP_7o495.jpg', 73, '1');
insert ignore into sku_image (id, sku_id, img_name, img_url, spu_img_id, is_default) values (160, 29, '1057db3d2a4deea2.jpg', 'http://47.93.148.192:8080/group1/M00/00/02/rBHu8l-0y1iAAXYvAAGZqARg5F4191.jpg', 74, '0');
insert ignore into sku_image (id, sku_id, img_name, img_url, spu_img_id, is_default) values (161, 29, 'bb4a19c813f7e61e.png', 'http://47.93.148.192:8080/group1/M00/00/02/rBHu8l-0y1iAaMWAAANMuaHHijI678.png', 75, '0');
insert ignore into sku_image (id, sku_id, img_name, img_url, spu_img_id, is_default) values (162, 29, '8c35313dfcbccf2a.jpg', 'http://47.93.148.192:8080/group1/M00/00/02/rBHu8l-0y1iADJZ_AAIz437wUUc659.jpg', 76, '0');
insert ignore into sku_image (id, sku_id, img_name, img_url, spu_img_id, is_default) values (163, 29, '0ed0cf1bb387059b.png', 'http://47.93.148.192:8080/group1/M00/00/02/rBHu8l-0y1mAcqDEAAVe-gtfew4145.png', 77, '0');
insert ignore into sku_image (id, sku_id, img_name, img_url, spu_img_id, is_default) values (164, 30, '1b462be0fb148e88.jpg', 'http://47.93.148.192:8080/group1/M00/00/02/rBHu8l-0y1WAKv_cAAHKVw8AZqk151.jpg', 71, '0');
insert ignore into sku_image (id, sku_id, img_name, img_url, spu_img_id, is_default) values (165, 30, '507a23898221cd6a.jpg', 'http://47.93.148.192:8080/group1/M00/00/02/rBHu8l-0y1eASPU7AAEiYRrkMww103.jpg', 72, '1');
insert ignore into sku_image (id, sku_id, img_name, img_url, spu_img_id, is_default) values (166, 30, '1057db3d2a4deea2.jpg', 'http://47.93.148.192:8080/group1/M00/00/02/rBHu8l-0y1iAAXYvAAGZqARg5F4191.jpg', 74, '0');
insert ignore into sku_image (id, sku_id, img_name, img_url, spu_img_id, is_default) values (167, 30, 'bb4a19c813f7e61e.png', 'http://47.93.148.192:8080/group1/M00/00/02/rBHu8l-0y1iAaMWAAANMuaHHijI678.png', 75, '0');
insert ignore into sku_image (id, sku_id, img_name, img_url, spu_img_id, is_default) values (168, 30, '8c35313dfcbccf2a.jpg', 'http://47.93.148.192:8080/group1/M00/00/02/rBHu8l-0y1iADJZ_AAIz437wUUc659.jpg', 76, '0');
insert ignore into sku_image (id, sku_id, img_name, img_url, spu_img_id, is_default) values (169, 30, '0ed0cf1bb387059b.png', 'http://47.93.148.192:8080/group1/M00/00/02/rBHu8l-0y1mAcqDEAAVe-gtfew4145.png', 77, '0');
insert ignore into sku_image (id, sku_id, img_name, img_url, spu_img_id, is_default) values (170, 31, '72cec68481f86aff.jpg', 'http://47.93.148.192:8080/group1/M00/00/02/rBHu8l-0y1WATxItAAEcZnKxvfI617.jpg', 70, '1');
insert ignore into sku_image (id, sku_id, img_name, img_url, spu_img_id, is_default) values (171, 31, '1b462be0fb148e88.jpg', 'http://47.93.148.192:8080/group1/M00/00/02/rBHu8l-0y1WAKv_cAAHKVw8AZqk151.jpg', 71, '0');
insert ignore into sku_image (id, sku_id, img_name, img_url, spu_img_id, is_default) values (172, 31, '1057db3d2a4deea2.jpg', 'http://47.93.148.192:8080/group1/M00/00/02/rBHu8l-0y1iAAXYvAAGZqARg5F4191.jpg', 74, '0');
insert ignore into sku_image (id, sku_id, img_name, img_url, spu_img_id, is_default) values (173, 31, 'bb4a19c813f7e61e.png', 'http://47.93.148.192:8080/group1/M00/00/02/rBHu8l-0y1iAaMWAAANMuaHHijI678.png', 75, '0');
insert ignore into sku_image (id, sku_id, img_name, img_url, spu_img_id, is_default) values (174, 31, '8c35313dfcbccf2a.jpg', 'http://47.93.148.192:8080/group1/M00/00/02/rBHu8l-0y1iADJZ_AAIz437wUUc659.jpg', 76, '0');
insert ignore into sku_image (id, sku_id, img_name, img_url, spu_img_id, is_default) values (175, 31, '0ed0cf1bb387059b.png', 'http://47.93.148.192:8080/group1/M00/00/02/rBHu8l-0y1mAcqDEAAVe-gtfew4145.png', 77, '0');
insert ignore into sku_image (id, sku_id, img_name, img_url, spu_img_id, is_default) values (176, 32, '53f744c57c9bed0d.jpg', 'http://47.93.148.192:8080/group1/M00/00/02/rBHu8l-00MKAbhV8AACzhzshAss449.jpg', 79, '1');
insert ignore into sku_image (id, sku_id, img_name, img_url, spu_img_id, is_default) values (177, 32, '09ee8484ac136e01.jpg', 'http://47.93.148.192:8080/group1/M00/00/02/rBHu8l-00MKAXnZ9AAExlZ_f0b0308.jpg', 80, '0');
insert ignore into sku_image (id, sku_id, img_name, img_url, spu_img_id, is_default) values (178, 32, 'a4a448f9df8c715a.jpg', 'http://47.93.148.192:8080/group1/M00/00/02/rBHu8l-00MSAEXECAAFZJnPg5O0915.jpg', 84, '0');
insert ignore into sku_image (id, sku_id, img_name, img_url, spu_img_id, is_default) values (179, 32, 'a4a448f9df8c715a (1).jpg', 'http://47.93.148.192:8080/group1/M00/00/02/rBHu8l-00MSAe1vIAAFZJnPg5O0004.jpg', 86, '0');
insert ignore into sku_image (id, sku_id, img_name, img_url, spu_img_id, is_default) values (180, 32, 'd6fb7d2f6cb06195.jpg', 'http://47.93.148.192:8080/group1/M00/00/02/rBHu8l-00MWAfxwgAAD8jFUkfao175.jpg', 87, '0');
insert ignore into sku_image (id, sku_id, img_name, img_url, spu_img_id, is_default) values (181, 33, '5ad5104b7cff69f6.jpg', 'http://47.93.148.192:8080/group1/M00/00/02/rBHu8l-00MKAcQ0_AAGxbDKQSm0286.jpg', 78, '0');
insert ignore into sku_image (id, sku_id, img_name, img_url, spu_img_id, is_default) values (182, 33, '196d96f59897cf39.jpg', 'http://47.93.148.192:8080/group1/M00/00/02/rBHu8l-00MSABFB2AAHD3bWoRhw015.jpg', 82, '1');
insert ignore into sku_image (id, sku_id, img_name, img_url, spu_img_id, is_default) values (183, 33, '6cc3723538c7f7b3.jpg', 'http://47.93.148.192:8080/group1/M00/00/02/rBHu8l-00MSAPFONAAGchseVkoM398.jpg', 83, '0');
insert ignore into sku_image (id, sku_id, img_name, img_url, spu_img_id, is_default) values (184, 33, 'a4a448f9df8c715a.jpg', 'http://47.93.148.192:8080/group1/M00/00/02/rBHu8l-00MSAEXECAAFZJnPg5O0915.jpg', 84, '0');
insert ignore into sku_image (id, sku_id, img_name, img_url, spu_img_id, is_default) values (185, 33, '374b25b22e90ed74.jpg', 'http://47.93.148.192:8080/group1/M00/00/02/rBHu8l-00MSAe9k4AAINKcLONPQ919.jpg', 85, '0');
insert ignore into sku_image (id, sku_id, img_name, img_url, spu_img_id, is_default) values (186, 34, '4cd12718fd5e1bd7.jpg', 'http://47.93.148.192:8080/group1/M00/00/02/rBHu8l-02AeAd45VAAF1GK3U-NE661.jpg', 88, '0');
insert ignore into sku_image (id, sku_id, img_name, img_url, spu_img_id, is_default) values (187, 34, 'a61a13eb7e3489f1.jpg', 'http://47.93.148.192:8080/group1/M00/00/02/rBHu8l-02AeASZitAAFcbBnUWrw650.jpg', 89, '0');
insert ignore into sku_image (id, sku_id, img_name, img_url, spu_img_id, is_default) values (188, 34, 'c7b173293ee66929.jpg', 'http://47.93.148.192:8080/group1/M00/00/02/rBHu8l-02AuAIVVAAAFjH-WR0oA236.jpg', 92, '0');
insert ignore into sku_image (id, sku_id, img_name, img_url, spu_img_id, is_default) values (189, 34, '4e9461a5b6e0136f.jpg', 'http://47.93.148.192:8080/group1/M00/00/02/rBHu8l-02AyARcFFAAKGCeWL410100.jpg', 94, '1');
insert ignore into sku_image (id, sku_id, img_name, img_url, spu_img_id, is_default) values (190, 34, 'b33f63b0a7fab02d.png', 'http://47.93.148.192:8080/group1/M00/00/02/rBHu8l-02A2Ae-VYAAbQwOM632g076.png', 95, '0');
insert ignore into sku_image (id, sku_id, img_name, img_url, spu_img_id, is_default) values (191, 34, 'b526433a4d9e51ca.jpg', 'http://47.93.148.192:8080/group1/M00/00/02/rBHu8l-02A2AXG14AAY1E5sugTg523.jpg', 96, '0');
insert ignore into sku_image (id, sku_id, img_name, img_url, spu_img_id, is_default) values (192, 35, '0be857e07965a67e.jpg', 'http://47.93.148.192:8080/group1/M00/00/02/rBHu8l-02AiAbf9pAAJ-rvQXZj4029.jpg', 90, '1');
insert ignore into sku_image (id, sku_id, img_name, img_url, spu_img_id, is_default) values (193, 35, 'b104fa8eec6f6de6.jpg', 'http://47.93.148.192:8080/group1/M00/00/02/rBHu8l-02AuAfizUAAKkARuK5vg313.jpg', 91, '0');
insert ignore into sku_image (id, sku_id, img_name, img_url, spu_img_id, is_default) values (194, 35, '64332079e66a291c.jpg', 'http://47.93.148.192:8080/group1/M00/00/02/rBHu8l-02AyAGFZzAAMnSgOWLUo218.jpg', 93, '0');
insert ignore into sku_image (id, sku_id, img_name, img_url, spu_img_id, is_default) values (195, 35, 'b33f63b0a7fab02d.png', 'http://47.93.148.192:8080/group1/M00/00/02/rBHu8l-02A2Ae-VYAAbQwOM632g076.png', 95, '0');
insert ignore into sku_image (id, sku_id, img_name, img_url, spu_img_id, is_default) values (196, 35, 'a61a13eb7e3489f1.jpg', 'http://47.93.148.192:8080/group1/M00/00/02/rBHu8l-02AeASZitAAFcbBnUWrw650.jpg', 89, '0');


-- -------------------------------------------------------------------------------------------------
-- insert data into sku_info
-- -------------------------------------------------------------------------------------------------
insert ignore into sku_info (id, spu_id, price, sku_name, sku_desc, weight, tm_id, category3_id, sku_default_img, is_sale, create_time) values (1, 1, '5999', '小米10 至尊纪念版 双模5G 骁龙865 120HZ高刷新率 120倍长焦镜头 120W快充 8GB+128GB 陶瓷黑 游戏手机', '小米10 至尊纪念版 双模5G 骁龙865 120HZ高刷新率 120倍长焦镜头 120W快充 12GB+256GB 陶瓷黑 游戏手机', '1.00', 1, 61, 'http://47.93.148.192:8080/group1/M00/00/01/rBHu8l-rfvmAIpgZAAIvrX6L9fo612.jpg', 1, now());
insert ignore into sku_info (id, spu_id, price, sku_name, sku_desc, weight, tm_id, category3_id, sku_default_img, is_sale, create_time) values (2, 1, '6999', '小米10 至尊纪念版 双模5G 骁龙865 120HZ高刷新率 120倍长焦镜头 120W快充 12GB+256GB 陶瓷黑 游戏手机', '小米10 至尊纪念版 双模5G 骁龙865 120HZ高刷新率 120倍长焦镜头 120W快充 12GB+256GB 陶瓷黑 游戏手机', '1.00', 1, 61, 'http://47.93.148.192:8080/group1/M00/00/01/rBHu8l-rfvmAcbl2AAFopp2WGBQ404.jpg', 0, now());
insert ignore into sku_info (id, spu_id, price, sku_name, sku_desc, weight, tm_id, category3_id, sku_default_img, is_sale, create_time) values (3, 1, '5999', '小米10 至尊纪念版 双模5G 骁龙865 120HZ高刷新率 120倍长焦镜头 120W快充 8GB+128GB 透明版 游戏手机', '小米10 至尊纪念版 双模5G 骁龙865 120HZ高刷新率 120倍长焦镜头 120W快充 12GB+256GB 陶瓷黑 游戏手机', '1.00', 1, 61, 'http://47.93.148.192:8080/group1/M00/00/01/rBHu8l-rfvmAIpgZAAIvrX6L9fo612.jpg', 0, now());
insert ignore into sku_info (id, spu_id, price, sku_name, sku_desc, weight, tm_id, category3_id, sku_default_img, is_sale, create_time) values (4, 2, '999', 'Redmi 10X 4G Helio G85游戏芯 4800万超清四摄 5020mAh大电量 小孔全面屏 128GB大存储 4GB+128GB 冰雾白 游戏智能手机 小米 红米', 'Redmi 10X 4G Helio G85游戏芯 4800万超清四摄 5020mAh大电量 小孔全面屏 128GB大存储 4GB+128GB 冰雾白 游戏智能手机 小米 红米', '1.00', 1, 61, 'http://47.93.148.192:8080/group1/M00/00/01/rBHu8l-rgJqAHPnoAAF9hoDNfsc505.jpg', 0, now());
insert ignore into sku_info (id, spu_id, price, sku_name, sku_desc, weight, tm_id, category3_id, sku_default_img, is_sale, create_time) values (5, 2, '999', 'Redmi 10X 4G Helio G85游戏芯 4800万超清四摄 5020mAh大电量 小孔全面屏 128GB大存储 4GB+128GB 明月灰 游戏智能手机 小米 红米', 'Redmi 10X 4G Helio G85游戏芯 4800万超清四摄 5020mAh大电量 小孔全面屏 128GB大存储 4GB+128GB 冰雾白 游戏智能手机 小米 红米', '1.00', 1, 61, 'http://47.93.148.192:8080/group1/M00/00/01/rBHu8l-rgJqAHPnoAAF9hoDNfsc505.jpg', 0, now());
insert ignore into sku_info (id, spu_id, price, sku_name, sku_desc, weight, tm_id, category3_id, sku_default_img, is_sale, create_time) values (6, 2, '1299', 'Redmi 10X 4G Helio G85游戏芯 4800万超清四摄 5020mAh大电量 小孔全面屏 128GB大存储 8GB+128GB 冰雾白 游戏智能手机 小米 红米', null, '1.00', 1, 61, 'http://47.93.148.192:8080/group1/M00/00/01/rBHu8l-rgJqAHPnoAAF9hoDNfsc505.jpg', 0, now());
insert ignore into sku_info (id, spu_id, price, sku_name, sku_desc, weight, tm_id, category3_id, sku_default_img, is_sale, create_time) values (7, 2, '1299', 'Redmi 10X 4G Helio G85游戏芯 4800万超清四摄 5020mAh大电量 小孔全面屏 128GB大存储 8GB+128GB 明月灰 游戏智能手机 小米 红米', 'Redmi 10X 4G Helio G85游戏芯 4800万超清四摄 5020mAh大电量 小孔全面屏 128GB大存储 4GB+128GB 冰雾白 游戏智能手机 小米 红米', '1.00', 1, 61, 'http://47.93.148.192:8080/group1/M00/00/01/rBHu8l-rgJqAHPnoAAF9hoDNfsc505.jpg', 1, now());
insert ignore into sku_info (id, spu_id, price, sku_name, sku_desc, weight, tm_id, category3_id, sku_default_img, is_sale, create_time) values (8, 3, '8197', 'Apple iPhone 12 (A2404) 64GB 黑色 支持移动联通电信5G 双卡双待手机', 'Apple iPhone 12 (A2404) 128GB 黑色 支持移动联通电信5G 双卡双待手机', '1.00', 2, 61, 'http://47.93.148.192:8080/group1/M00/00/02/rBHu8l-rgfWAVRWzAABUiOmA0ic932.jpg', 1, now());
insert ignore into sku_info (id, spu_id, price, sku_name, sku_desc, weight, tm_id, category3_id, sku_default_img, is_sale, create_time) values (9, 3, '8197', 'Apple iPhone 12 (A2404) 64GB 红色 支持移动联通电信5G 双卡双待手机', 'Apple iPhone 12 (A2404) 128GB 红色 支持移动联通电信5G 双卡双待手机', '1.00', 2, 61, 'http://47.93.148.192:8080/group1/M00/00/02/rBHu8l-rgfWAJllcAAEY0AkXL8M782.jpg', 1, now());
insert ignore into sku_info (id, spu_id, price, sku_name, sku_desc, weight, tm_id, category3_id, sku_default_img, is_sale, create_time) values (10, 3, '8197', 'Apple iPhone 12 (A2404) 64GB 蓝色 支持移动联通电信5G 双卡双待手机', 'Apple iPhone 12 (A2404) 128GB 红色 支持移动联通电信5G 双卡双待手机', '1.00', 2, 61, 'http://47.93.148.192:8080/group1/M00/00/02/rBHu8l-rgfWAbqkuAAENKBtJukQ551.jpg', 1, now());
insert ignore into sku_info (id, spu_id, price, sku_name, sku_desc, weight, tm_id, category3_id, sku_default_img, is_sale, create_time) values (11, 3, '8197', 'Apple iPhone 12 (A2404) 64GB 白色 支持移动联通电信5G 双卡双待手机', 'Apple iPhone 12 (A2404) 128GB 红色 支持移动联通电信5G 双卡双待手机', '1.00', 2, 61, 'http://47.93.148.192:8080/group1/M00/00/02/rBHu8l-rgfWASR1YAADsOUYB-2g312.jpg', 0, now());
insert ignore into sku_info (id, spu_id, price, sku_name, sku_desc, weight, tm_id, category3_id, sku_default_img, is_sale, create_time) values (12, 3, '9197', 'Apple iPhone 12 (A2404) 128GB 黑色 支持移动联通电信5G 双卡双待手机', 'Apple iPhone 12 (A2404) 128GB 黑色 支持移动联通电信5G 双卡双待手机', '1.00', 2, 61, 'http://47.93.148.192:8080/group1/M00/00/02/rBHu8l-rgfWAVRWzAABUiOmA0ic932.jpg', 0, now());
insert ignore into sku_info (id, spu_id, price, sku_name, sku_desc, weight, tm_id, category3_id, sku_default_img, is_sale, create_time) values (13, 4, '4188', '华为 HUAWEI P40 麒麟990 5G SoC芯片 5000万超感知徕卡三摄 30倍数字变焦 6GB+128GB亮黑色全网通5G手机', ' 华为 HUAWEI P40 麒麟990 5G SoC芯片 5000万超感知徕卡三摄 30倍数字变焦 6GB+128GB亮黑色全网通5G手机', '4.00', 3, 61, 'http://47.93.148.192:8080/group1/M00/00/02/rBHu8l-sklaALrngAAHGDqdpFtU741.jpg', 0, now());
insert ignore into sku_info (id, spu_id, price, sku_name, sku_desc, weight, tm_id, category3_id, sku_default_img, is_sale, create_time) values (14, 4, '4188', '华为 HUAWEI P40 麒麟990 5G SoC芯片 5000万超感知徕卡三摄 30倍数字变焦 6GB+128GB冰霜银全网通5G手机', '华为 HUAWEI P40 麒麟990 5G SoC芯片 5000万超感知徕卡三摄 30倍数字变焦 6GB+128GB冰霜银全网通5G手机', '1.00', 3, 61, 'http://47.93.148.192:8080/group1/M00/00/02/rBHu8l-sklaAbYPbAAHJf20K7J4980.jpg', 0, now());
insert ignore into sku_info (id, spu_id, price, sku_name, sku_desc, weight, tm_id, category3_id, sku_default_img, is_sale, create_time) values (15, 4, '4488', '华为 HUAWEI P40 麒麟990 5G SoC芯片 5000万超感知徕卡三摄 30倍数字变焦 8GB+128GB冰霜银全网通5G手机', '华为 HUAWEI P40 麒麟990 5G SoC芯片 5000万超感知徕卡三摄 30倍数字变焦 8GB+128GB冰霜银全网通5G手机', '1.00', 3, 61, 'http://47.93.148.192:8080/group1/M00/00/02/rBHu8l-sklaAbYPbAAHJf20K7J4980.jpg', 0, now());
insert ignore into sku_info (id, spu_id, price, sku_name, sku_desc, weight, tm_id, category3_id, sku_default_img, is_sale, create_time) values (16, 4, '4488', '华为 HUAWEI P40 麒麟990 5G SoC芯片 5000万超感知徕卡三摄 30倍数字变焦 8GB+128GB亮黑色全网通5G手机', '华为 HUAWEI P40 麒麟990 5G SoC芯片 5000万超感知徕卡三摄 30倍数字变焦 8GB+128GB亮黑色全网通5G手机', '1.00', 3, 61, 'http://47.93.148.192:8080/group1/M00/00/02/rBHu8l-sklaALrngAAHGDqdpFtU741.jpg', 0, now());
insert ignore into sku_info (id, spu_id, price, sku_name, sku_desc, weight, tm_id, category3_id, sku_default_img, is_sale, create_time) values (17, 5, '6699', 'TCL 65Q10 65英寸 QLED原色量子点电视 安桥音响 AI声控智慧屏 超薄全面屏 MEMC防抖 3+32GB 平板电视', 'TCL 65Q10 65英寸 QLED原色量子点电视 安桥音响 AI声控智慧屏 超薄全面屏 MEMC防抖 3+32GB 平板电视', '23.00', 4, 86, 'http://47.93.148.192:8080/group1/M00/00/02/rBHu8l-0i2uAe9mBAAHubDHNM_s207.jpg', 0, now());
insert ignore into sku_info (id, spu_id, price, sku_name, sku_desc, weight, tm_id, category3_id, sku_default_img, is_sale, create_time) values (18, 5, '9199', 'TCL 75Q10 75英寸 QLED原色量子点电视 安桥音响 AI声控智慧屏 超薄全面屏 MEMC防抖 3+32GB 平板电视', 'TCL 75Q10 75英寸 QLED原色量子点电视 安桥音响 AI声控智慧屏 超薄全面屏 MEMC防抖 3+32GB 平板电视', '25.00', 4, 86, 'http://47.93.148.192:8080/group1/M00/00/02/rBHu8l-0i2uAAHK_AAHxOsbi0Gc462.jpg', 0, now());
insert ignore into sku_info (id, spu_id, price, sku_name, sku_desc, weight, tm_id, category3_id, sku_default_img, is_sale, create_time) values (19, 5, '11999', 'TCL 85Q6 85英寸 巨幕私人影院电视 4K超高清 AI智慧屏 全景全面屏 MEMC运动防抖 2+16GB 液晶平板电视机', 'TCL 85Q6 85英寸 巨幕私人影院电视 4K超高清 AI智慧屏 全景全面屏 MEMC运动防抖 2+16GB 液晶平板电视机', '30.00', 4, 86, 'http://47.93.148.192:8080/group1/M00/00/02/rBHu8l-0i2-AU8esAAIV74ZBdhU344.jpg', 0, now());
insert ignore into sku_info (id, spu_id, price, sku_name, sku_desc, weight, tm_id, category3_id, sku_default_img, is_sale, create_time) values (20, 6, '2899', '小米电视E65X 65英寸 全面屏 4K超高清HDR 蓝牙遥控内置小爱 2+8GB AI人工智能液晶网络平板电视 L65M5-EA', '小米电视E65X 65英寸 全面屏 4K超高清HDR 蓝牙遥控内置小爱 2+8GB AI人工智能液晶网络平板电视 L65M5-EA', '23.00', 5, 86, 'http://47.93.148.192:8080/group1/M00/00/02/rBHu8l-0kIGAWtMyAAGxs6Q350k510.jpg', 0, now());
insert ignore into sku_info (id, spu_id, price, sku_name, sku_desc, weight, tm_id, category3_id, sku_default_img, is_sale, create_time) values (21, 6, '3299', '小米电视4A 70英寸 4K超高清 HDR 二级能效 2GB+16GB L70M5-4A 内置小爱 智能网络液晶平板教育电视', '小米电视4A 70英寸 4K超高清 HDR 二级能效 2GB+16GB L70M5-4A 内置小爱 智能网络液晶平板教育电视', '28.00', 5, 86, 'http://47.93.148.192:8080/group1/M00/00/02/rBHu8l-0kICAaGuxAAKnO3DNDcY020.jpg', 0, now());
insert ignore into sku_info (id, spu_id, price, sku_name, sku_desc, weight, tm_id, category3_id, sku_default_img, is_sale, create_time) values (22, 7, '39', '十月稻田 长粒香大米 东北大米 东北香米 5kg', '十月稻田 长粒香大米 东北大米 东北香米 5kg', '5.00', 6, 803, 'http://47.93.148.192:8080/group1/M00/00/02/rBHu8l-0liqAARz7AAHeAIWIl4I126.jpg', 0, now());
insert ignore into sku_info (id, spu_id, price, sku_name, sku_desc, weight, tm_id, category3_id, sku_default_img, is_sale, create_time) values (23, 7, '40', '十月稻田 辽河长粒香 东北大米 5kg', '十月稻田 辽河长粒香 东北大米 5kg', '5.00', 6, 803, 'http://47.93.148.192:8080/group1/M00/00/02/rBHu8l-0liuAJTluAAVP1d_tXYs725.jpg', 0, now());
insert ignore into sku_info (id, spu_id, price, sku_name, sku_desc, weight, tm_id, category3_id, sku_default_img, is_sale, create_time) values (24, 8, '11', '金沙河面条 原味银丝挂面 龙须面 方便速食拉面 清汤面 900g', '金沙河面条 原味银丝挂面 龙须面 方便速食拉面 清汤面 900g', '0.90', 7, 803, 'http://47.93.148.192:8080/group1/M00/00/02/rBHu8l-0l72AKuQVAALmOIO3U5M856.jpg', 0, now());
insert ignore into sku_info (id, spu_id, price, sku_name, sku_desc, weight, tm_id, category3_id, sku_default_img, is_sale, create_time) values (25, 8, '23', '金沙河面条 银丝挂面900g*3包 爽滑 细面条 龙须面 速食面', '金沙河面条 银丝挂面900g*3包 爽滑 细面条 龙须面 速食面', '2.70', 7, 803, 'http://47.93.148.192:8080/group1/M00/00/02/rBHu8l-0l72AaH20AATmWw3ydsA295.jpg', 0, now());
insert ignore into sku_info (id, spu_id, price, sku_name, sku_desc, weight, tm_id, category3_id, sku_default_img, is_sale, create_time) values (26, 9, '129', '索芙特i-Softto 口红不掉色唇膏保湿滋润 璀璨金钻哑光唇膏 Y01复古红 百搭气质 璀璨金钻哑光唇膏 ', '索芙特i-Softto 口红不掉色唇膏保湿滋润 璀璨金钻哑光唇膏 Y01复古红 百搭气质 璀璨金钻哑光唇膏 ', '1.00', 8, 477, 'http://47.93.148.192:8080/group1/M00/00/02/rBHu8l-0yceAC5dfAAH_Rtwwzq8880.jpg', 0, now());
insert ignore into sku_info (id, spu_id, price, sku_name, sku_desc, weight, tm_id, category3_id, sku_default_img, is_sale, create_time) values (27, 9, '129', '索芙特i-Softto 口红不掉色唇膏保湿滋润 璀璨金钻哑光唇膏 Z02少女红 活力青春 璀璨金钻哑光唇膏 ', '索芙特i-Softto 口红不掉色唇膏保湿滋润 璀璨金钻哑光唇膏 Z02少女红 活力青春 璀璨金钻哑光唇膏 ', '1.00', 8, 477, 'http://47.93.148.192:8080/group1/M00/00/02/rBHu8l-0yceAC5dfAAH_Rtwwzq8880.jpg', 0, now());
insert ignore into sku_info (id, spu_id, price, sku_name, sku_desc, weight, tm_id, category3_id, sku_default_img, is_sale, create_time) values (28, 9, '129', '索芙特i-Softto 口红不掉色唇膏保湿滋润 璀璨金钻哑光唇膏 Z03女王红 性感冷艳 璀璨金钻哑光唇膏 ', '索芙特i-Softto 口红不掉色唇膏保湿滋润 璀璨金钻哑光唇膏 Z03女王红 性感冷艳 璀璨金钻哑光唇膏 ', '1.00', 8, 477, 'http://47.93.148.192:8080/group1/M00/00/02/rBHu8l-0yceAC5dfAAH_Rtwwzq8880.jpg', 0, now());
insert ignore into sku_info (id, spu_id, price, sku_name, sku_desc, weight, tm_id, category3_id, sku_default_img, is_sale, create_time) values (29, 10, '69', 'CAREMiLLE珂曼奶油小方口红 雾面滋润保湿持久丝缎唇膏 M01醉蔷薇', 'CAREMiLLE珂曼奶油小方口红 雾面滋润保湿持久丝缎唇膏 M01醉蔷薇', '1.00', 9, 477, 'http://47.93.148.192:8080/group1/M00/00/02/rBHu8l-0y1eAS25WAAEYg9IP_7o495.jpg', 0, now());
insert ignore into sku_info (id, spu_id, price, sku_name, sku_desc, weight, tm_id, category3_id, sku_default_img, is_sale, create_time) values (30, 10, '69', 'CAREMiLLE珂曼奶油小方口红 雾面滋润保湿持久丝缎唇膏 M02干玫瑰', 'CAREMiLLE珂曼奶油小方口红 雾面滋润保湿持久丝缎唇膏 M02干玫瑰', '1.00', 9, 477, 'http://47.93.148.192:8080/group1/M00/00/02/rBHu8l-0y1eASPU7AAEiYRrkMww103.jpg', 0, now());
insert ignore into sku_info (id, spu_id, price, sku_name, sku_desc, weight, tm_id, category3_id, sku_default_img, is_sale, create_time) values (31, 10, '69', 'CAREMiLLE珂曼奶油小方口红 雾面滋润保湿持久丝缎唇膏 M03赤茶', 'CAREMiLLE珂曼奶油小方口红 雾面滋润保湿持久丝缎唇膏 M03赤茶', '1.00', 9, 477, 'http://47.93.148.192:8080/group1/M00/00/02/rBHu8l-0y1WATxItAAEcZnKxvfI617.jpg', 0, now());
insert ignore into sku_info (id, spu_id, price, sku_name, sku_desc, weight, tm_id, category3_id, sku_default_img, is_sale, create_time) values (32, 11, '300', '香奈儿（Chanel）女士香水5号香水 粉邂逅柔情淡香水EDT 5号淡香水35ml', '香奈儿（Chanel）女士香水5号香水 粉邂逅柔情淡香水EDT 5号淡香水35ml', '1.00', 11, 473, 'http://47.93.148.192:8080/group1/M00/00/02/rBHu8l-00MKAbhV8AACzhzshAss449.jpg', 0, now());
insert ignore into sku_info (id, spu_id, price, sku_name, sku_desc, weight, tm_id, category3_id, sku_default_img, is_sale, create_time) values (33, 11, '488', '香奈儿（Chanel）女士香水5号香水 粉邂逅柔情淡香水EDT 粉邂逅淡香水35ml', '香奈儿（Chanel）女士香水5号香水 粉邂逅柔情淡香水EDT 粉邂逅淡香水35ml', '1.00', 11, 473, 'http://47.93.148.192:8080/group1/M00/00/02/rBHu8l-00MSABFB2AAHD3bWoRhw015.jpg', 0, now());
insert ignore into sku_info (id, spu_id, price, sku_name, sku_desc, weight, tm_id, category3_id, sku_default_img, is_sale, create_time) values (34, 12, '3927', '华为智慧屏V55i-J 55英寸 HEGE-550B 4K全面屏智能电视机 多方视频通话 AI升降摄像头 银钻灰 京品家电', '华为智慧屏V55i-J 55英寸 HEGE-550B 4K全面屏智能电视机 多方视频通话 AI升降摄像头 银钻灰 京品家电', '30.00', 3, 86, 'http://47.93.148.192:8080/group1/M00/00/02/rBHu8l-02AyARcFFAAKGCeWL410100.jpg', 0, now());
insert ignore into sku_info (id, spu_id, price, sku_name, sku_desc, weight, tm_id, category3_id, sku_default_img, is_sale, create_time) values (35, 12, '5499', '华为智慧屏V65i 65英寸 HEGE-560B 4K全面屏智能电视机 多方视频通话 AI升降摄像头 4GB+32GB 星际黑', '华为智慧屏V65i 65英寸 HEGE-560B 4K全面屏智能电视机 多方视频通话 AI升降摄像头 4GB+32GB 星际黑', '35.00', 3, 86, 'http://47.93.148.192:8080/group1/M00/00/02/rBHu8l-02AiAbf9pAAJ-rvQXZj4029.jpg', 0, now());


-- -------------------------------------------------------------------------------------------------
-- insert data into sku_sale_attr_value
-- -------------------------------------------------------------------------------------------------
insert ignore into sku_sale_attr_value (id, sku_id, spu_id, sale_attr_value_id, sale_attr_id, sale_attr_name, sale_attr_value_name) values (1, 1, 1, 1, 1, '颜色', '陶瓷黑');
insert ignore into sku_sale_attr_value (id, sku_id, spu_id, sale_attr_value_id, sale_attr_id, sale_attr_name, sale_attr_value_name) values (2, 1, 1, 3, 2, '版本', '8G+128G');
insert ignore into sku_sale_attr_value (id, sku_id, spu_id, sale_attr_value_id, sale_attr_id, sale_attr_name, sale_attr_value_name) values (3, 2, 1, 1, 1, '颜色', '陶瓷黑');
insert ignore into sku_sale_attr_value (id, sku_id, spu_id, sale_attr_value_id, sale_attr_id, sale_attr_name, sale_attr_value_name) values (4, 2, 1, 4, 2, '版本', '16G+256G');
insert ignore into sku_sale_attr_value (id, sku_id, spu_id, sale_attr_value_id, sale_attr_id, sale_attr_name, sale_attr_value_name) values (5, 3, 1, 2, 1, '颜色', '透明版');
insert ignore into sku_sale_attr_value (id, sku_id, spu_id, sale_attr_value_id, sale_attr_id, sale_attr_name, sale_attr_value_name) values (6, 3, 1, 3, 2, '版本', '8G+128G');
insert ignore into sku_sale_attr_value (id, sku_id, spu_id, sale_attr_value_id, sale_attr_id, sale_attr_name, sale_attr_value_name) values (7, 4, 2, 5, 1, '颜色', '冰雾白');
insert ignore into sku_sale_attr_value (id, sku_id, spu_id, sale_attr_value_id, sale_attr_id, sale_attr_name, sale_attr_value_name) values (8, 4, 2, 7, 2, '版本', '4G+128G');
insert ignore into sku_sale_attr_value (id, sku_id, spu_id, sale_attr_value_id, sale_attr_id, sale_attr_name, sale_attr_value_name) values (9, 5, 2, 6, 1, '颜色', '明月灰');
insert ignore into sku_sale_attr_value (id, sku_id, spu_id, sale_attr_value_id, sale_attr_id, sale_attr_name, sale_attr_value_name) values (10, 5, 2, 7, 2, '版本', '4G+128G');
insert ignore into sku_sale_attr_value (id, sku_id, spu_id, sale_attr_value_id, sale_attr_id, sale_attr_name, sale_attr_value_name) values (11, 6, 2, 5, 1, '颜色', '冰雾白');
insert ignore into sku_sale_attr_value (id, sku_id, spu_id, sale_attr_value_id, sale_attr_id, sale_attr_name, sale_attr_value_name) values (12, 6, 2, 8, 2, '版本', '8G+128G');
insert ignore into sku_sale_attr_value (id, sku_id, spu_id, sale_attr_value_id, sale_attr_id, sale_attr_name, sale_attr_value_name) values (13, 7, 2, 6, 1, '颜色', '明月灰');
insert ignore into sku_sale_attr_value (id, sku_id, spu_id, sale_attr_value_id, sale_attr_id, sale_attr_name, sale_attr_value_name) values (14, 7, 2, 8, 2, '版本', '8G+128G');
insert ignore into sku_sale_attr_value (id, sku_id, spu_id, sale_attr_value_id, sale_attr_id, sale_attr_name, sale_attr_value_name) values (15, 8, 3, 9, 1, '颜色', '黑色');
insert ignore into sku_sale_attr_value (id, sku_id, spu_id, sale_attr_value_id, sale_attr_id, sale_attr_name, sale_attr_value_name) values (16, 8, 3, 13, 2, '版本', '64G');
insert ignore into sku_sale_attr_value (id, sku_id, spu_id, sale_attr_value_id, sale_attr_id, sale_attr_name, sale_attr_value_name) values (17, 9, 3, 10, 1, '颜色', '红色');
insert ignore into sku_sale_attr_value (id, sku_id, spu_id, sale_attr_value_id, sale_attr_id, sale_attr_name, sale_attr_value_name) values (18, 9, 3, 13, 2, '版本', '64G');
insert ignore into sku_sale_attr_value (id, sku_id, spu_id, sale_attr_value_id, sale_attr_id, sale_attr_name, sale_attr_value_name) values (19, 10, 3, 11, 1, '颜色', '蓝色');
insert ignore into sku_sale_attr_value (id, sku_id, spu_id, sale_attr_value_id, sale_attr_id, sale_attr_name, sale_attr_value_name) values (20, 10, 3, 13, 2, '版本', '64G');
insert ignore into sku_sale_attr_value (id, sku_id, spu_id, sale_attr_value_id, sale_attr_id, sale_attr_name, sale_attr_value_name) values (21, 11, 3, 12, 1, '颜色', '白色');
insert ignore into sku_sale_attr_value (id, sku_id, spu_id, sale_attr_value_id, sale_attr_id, sale_attr_name, sale_attr_value_name) values (22, 11, 3, 13, 2, '版本', '64G');
insert ignore into sku_sale_attr_value (id, sku_id, spu_id, sale_attr_value_id, sale_attr_id, sale_attr_name, sale_attr_value_name) values (23, 12, 3, 9, 1, '颜色', '黑色');
insert ignore into sku_sale_attr_value (id, sku_id, spu_id, sale_attr_value_id, sale_attr_id, sale_attr_name, sale_attr_value_name) values (24, 12, 3, 14, 2, '版本', '128G');
insert ignore into sku_sale_attr_value (id, sku_id, spu_id, sale_attr_value_id, sale_attr_id, sale_attr_name, sale_attr_value_name) values (25, 13, 4, 15, 1, '颜色', '亮黑色');
insert ignore into sku_sale_attr_value (id, sku_id, spu_id, sale_attr_value_id, sale_attr_id, sale_attr_name, sale_attr_value_name) values (26, 13, 4, 17, 2, '版本', '6G+128G');
insert ignore into sku_sale_attr_value (id, sku_id, spu_id, sale_attr_value_id, sale_attr_id, sale_attr_name, sale_attr_value_name) values (27, 14, 4, 16, 1, '颜色', '冰霜银');
insert ignore into sku_sale_attr_value (id, sku_id, spu_id, sale_attr_value_id, sale_attr_id, sale_attr_name, sale_attr_value_name) values (28, 14, 4, 17, 2, '版本', '6G+128G');
insert ignore into sku_sale_attr_value (id, sku_id, spu_id, sale_attr_value_id, sale_attr_id, sale_attr_name, sale_attr_value_name) values (29, 15, 4, 16, 1, '颜色', '冰霜银');
insert ignore into sku_sale_attr_value (id, sku_id, spu_id, sale_attr_value_id, sale_attr_id, sale_attr_name, sale_attr_value_name) values (30, 15, 4, 18, 2, '版本', '8G+128G');
insert ignore into sku_sale_attr_value (id, sku_id, spu_id, sale_attr_value_id, sale_attr_id, sale_attr_name, sale_attr_value_name) values (31, 16, 4, 15, 1, '颜色', '亮黑色');
insert ignore into sku_sale_attr_value (id, sku_id, spu_id, sale_attr_value_id, sale_attr_id, sale_attr_name, sale_attr_value_name) values (32, 16, 4, 18, 2, '版本', '8G+128G');
insert ignore into sku_sale_attr_value (id, sku_id, spu_id, sale_attr_value_id, sale_attr_id, sale_attr_name, sale_attr_value_name) values (33, 17, 5, 19, 3, '尺码', '65英寸');
insert ignore into sku_sale_attr_value (id, sku_id, spu_id, sale_attr_value_id, sale_attr_id, sale_attr_name, sale_attr_value_name) values (34, 18, 5, 20, 3, '尺码', '75英寸');
insert ignore into sku_sale_attr_value (id, sku_id, spu_id, sale_attr_value_id, sale_attr_id, sale_attr_name, sale_attr_value_name) values (35, 19, 5, 21, 3, '尺码', '85英寸');
insert ignore into sku_sale_attr_value (id, sku_id, spu_id, sale_attr_value_id, sale_attr_id, sale_attr_name, sale_attr_value_name) values (36, 20, 6, 22, 3, '尺码', '65英寸');
insert ignore into sku_sale_attr_value (id, sku_id, spu_id, sale_attr_value_id, sale_attr_id, sale_attr_name, sale_attr_value_name) values (37, 21, 6, 23, 3, '尺码', '70英寸');
insert ignore into sku_sale_attr_value (id, sku_id, spu_id, sale_attr_value_id, sale_attr_id, sale_attr_name, sale_attr_value_name) values (38, 22, 7, 24, 4, '类别', '长粒香大米5KG');
insert ignore into sku_sale_attr_value (id, sku_id, spu_id, sale_attr_value_id, sale_attr_id, sale_attr_name, sale_attr_value_name) values (39, 23, 7, 25, 4, '类别', '辽河长粒香5KG');
insert ignore into sku_sale_attr_value (id, sku_id, spu_id, sale_attr_value_id, sale_attr_id, sale_attr_name, sale_attr_value_name) values (40, 24, 8, 26, 4, '类别', '900G');
insert ignore into sku_sale_attr_value (id, sku_id, spu_id, sale_attr_value_id, sale_attr_id, sale_attr_name, sale_attr_value_name) values (41, 25, 8, 27, 4, '类别', '3*900G');
insert ignore into sku_sale_attr_value (id, sku_id, spu_id, sale_attr_value_id, sale_attr_id, sale_attr_name, sale_attr_value_name) values (42, 26, 9, 28, 4, '类别', 'Y01复古红 百搭气质');
insert ignore into sku_sale_attr_value (id, sku_id, spu_id, sale_attr_value_id, sale_attr_id, sale_attr_name, sale_attr_value_name) values (43, 27, 9, 29, 4, '类别', 'Z02少女红 活力青春');
insert ignore into sku_sale_attr_value (id, sku_id, spu_id, sale_attr_value_id, sale_attr_id, sale_attr_name, sale_attr_value_name) values (44, 28, 9, 30, 4, '类别', 'Z03女王红 性感冷艳');
insert ignore into sku_sale_attr_value (id, sku_id, spu_id, sale_attr_value_id, sale_attr_id, sale_attr_name, sale_attr_value_name) values (45, 29, 10, 31, 4, '类别', 'M01醉蔷薇');
insert ignore into sku_sale_attr_value (id, sku_id, spu_id, sale_attr_value_id, sale_attr_id, sale_attr_name, sale_attr_value_name) values (46, 30, 10, 32, 4, '类别', 'M02干玫瑰');
insert ignore into sku_sale_attr_value (id, sku_id, spu_id, sale_attr_value_id, sale_attr_id, sale_attr_name, sale_attr_value_name) values (47, 31, 10, 33, 4, '类别', 'M03赤茶');
insert ignore into sku_sale_attr_value (id, sku_id, spu_id, sale_attr_value_id, sale_attr_id, sale_attr_name, sale_attr_value_name) values (48, 32, 11, 34, 4, '类别', '5号淡香水35ml');
insert ignore into sku_sale_attr_value (id, sku_id, spu_id, sale_attr_value_id, sale_attr_id, sale_attr_name, sale_attr_value_name) values (49, 33, 11, 35, 4, '类别', '5号粉邂逅淡香水35ml');
insert ignore into sku_sale_attr_value (id, sku_id, spu_id, sale_attr_value_id, sale_attr_id, sale_attr_name, sale_attr_value_name) values (50, 34, 12, 36, 3, '尺码', '55英寸');
insert ignore into sku_sale_attr_value (id, sku_id, spu_id, sale_attr_value_id, sale_attr_id, sale_attr_name, sale_attr_value_name) values (51, 35, 12, 37, 3, '尺码', '65英寸');


-- -------------------------------------------------------------------------------------------------
-- insert data into spu_image
-- -------------------------------------------------------------------------------------------------
insert ignore into spu_image (id, spu_id, img_name, img_url) values (1, 1, '2ff0882c9607e57c.jpg', 'http://47.93.148.192:8080/group1/M00/00/01/rBHu8l-rfvmAIpgZAAIvrX6L9fo612.jpg');
insert ignore into spu_image (id, spu_id, img_name, img_url) values (2, 1, 'ead186426badb626.jpg', 'http://47.93.148.192:8080/group1/M00/00/01/rBHu8l-rfvmAHpFuAACTenfIJWo734.jpg');
insert ignore into spu_image (id, spu_id, img_name, img_url) values (3, 1, 'b58ab2d79b859f39.jpg', 'http://47.93.148.192:8080/group1/M00/00/01/rBHu8l-rfvmAcbl2AAFopp2WGBQ404.jpg');
insert ignore into spu_image (id, spu_id, img_name, img_url) values (4, 1, '0d93a071c839d890.jpg', 'http://47.93.148.192:8080/group1/M00/00/01/rBHu8l-rfvmATs5EAABriLbF9vE207.jpg');
insert ignore into spu_image (id, spu_id, img_name, img_url) values (5, 1, 'a7b1125239354d0d.jpg', 'http://47.93.148.192:8080/group1/M00/00/01/rBHu8l-rfvmAeWopAAEtpBjP1VQ788.jpg');
insert ignore into spu_image (id, spu_id, img_name, img_url) values (6, 1, '6029cb2c2b2c7668.jpg', 'http://47.93.148.192:8080/group1/M00/00/01/rBHu8l-rfvmAZJX2AAGmVo8Tz9s683.jpg');
insert ignore into spu_image (id, spu_id, img_name, img_url) values (7, 2, '2b78b6fdabfd2fbe.jpg', 'http://47.93.148.192:8080/group1/M00/00/01/rBHu8l-rgJqAHPnoAAF9hoDNfsc505.jpg');
insert ignore into spu_image (id, spu_id, img_name, img_url) values (8, 2, '5d5c57ab443f5fbb.jpg', 'http://47.93.148.192:8080/group1/M00/00/02/rBHu8l-rgJqAbNFZAADi9nT5SuM524.jpg');
insert ignore into spu_image (id, spu_id, img_name, img_url) values (9, 2, 'cef3c55b8caad783.jpg', 'http://47.93.148.192:8080/group1/M00/00/02/rBHu8l-rgJqAMq2nAAGtjwY17fA932.jpg');
insert ignore into spu_image (id, spu_id, img_name, img_url) values (10, 2, '6eaaecc91b9ad059.jpg', 'http://47.93.148.192:8080/group1/M00/00/02/rBHu8l-rgJqAXjRKAAFpxKwrSvY886.jpg');
insert ignore into spu_image (id, spu_id, img_name, img_url) values (11, 2, 'b7bea7af48e935fd.jpg', 'http://47.93.148.192:8080/group1/M00/00/02/rBHu8l-rgJqARA19AAFuZ18W_ks439.jpg');
insert ignore into spu_image (id, spu_id, img_name, img_url) values (12, 3, '7155bba4c363065f.jpg', 'http://47.93.148.192:8080/group1/M00/00/02/rBHu8l-rgfWAVRWzAABUiOmA0ic932.jpg');
insert ignore into spu_image (id, spu_id, img_name, img_url) values (13, 3, '2689bc534d570eaf.jpg', 'http://47.93.148.192:8080/group1/M00/00/02/rBHu8l-rgfWAO2oYAAEw9kY2VKk982.jpg');
insert ignore into spu_image (id, spu_id, img_name, img_url) values (14, 3, '6ef342197c8095b6.jpg', 'http://47.93.148.192:8080/group1/M00/00/02/rBHu8l-rgfWAJllcAAEY0AkXL8M782.jpg');
insert ignore into spu_image (id, spu_id, img_name, img_url) values (15, 3, '34c390fe3ab2bab5.jpg', 'http://47.93.148.192:8080/group1/M00/00/02/rBHu8l-rgfWAbqkuAAENKBtJukQ551.jpg');
insert ignore into spu_image (id, spu_id, img_name, img_url) values (16, 3, '7ae59d1d962f0965.jpg', 'http://47.93.148.192:8080/group1/M00/00/02/rBHu8l-rgfWAFeQLAAEt9MLZnho584.jpg');
insert ignore into spu_image (id, spu_id, img_name, img_url) values (17, 3, 'de33680f921e5838.jpg', 'http://47.93.148.192:8080/group1/M00/00/02/rBHu8l-rgfWASR1YAADsOUYB-2g312.jpg');
insert ignore into spu_image (id, spu_id, img_name, img_url) values (18, 3, 'f73bfe30f5ec641a.jpg', 'http://47.93.148.192:8080/group1/M00/00/02/rBHu8l-rgfWABhwlAAEjBwwVkrI735.jpg');
insert ignore into spu_image (id, spu_id, img_name, img_url) values (19, 4, '19b35dc3ebe1579e.jpg', 'http://47.93.148.192:8080/group1/M00/00/02/rBHu8l-sklWAQwdLAACW7swImE4752.jpg');
insert ignore into spu_image (id, spu_id, img_name, img_url) values (20, 4, '1009958cd1bc4e70.jpg', 'http://47.93.148.192:8080/group1/M00/00/02/rBHu8l-sklWAUJH9AACHXa0HPC8315.jpg');
insert ignore into spu_image (id, spu_id, img_name, img_url) values (21, 4, '76c7922bb9d226d0.jpg', 'http://47.93.148.192:8080/group1/M00/00/02/rBHu8l-sklaAPVqkAAEoiSa9WoM463.jpg');
insert ignore into spu_image (id, spu_id, img_name, img_url) values (22, 4, '9316593be50948f8.jpg', 'http://47.93.148.192:8080/group1/M00/00/02/rBHu8l-sklaALrngAAHGDqdpFtU741.jpg');
insert ignore into spu_image (id, spu_id, img_name, img_url) values (23, 4, '89e57f95b32e5385.jpg', 'http://47.93.148.192:8080/group1/M00/00/02/rBHu8l-sklaAbYPbAAHJf20K7J4980.jpg');
insert ignore into spu_image (id, spu_id, img_name, img_url) values (24, 4, 'ee11befc0d6dfa18.jpg', 'http://47.93.148.192:8080/group1/M00/00/02/rBHu8l-skleASDLsAAFcVo0uNCs962.jpg');
insert ignore into spu_image (id, spu_id, img_name, img_url) values (25, 4, 'fa4ffba88e29ee03.jpg', 'http://47.93.148.192:8080/group1/M00/00/02/rBHu8l-skleAJ6zNAADSblcDDEM109.jpg');
insert ignore into spu_image (id, spu_id, img_name, img_url) values (26, 4, 'a01d74c9878967fa.jpg', 'http://47.93.148.192:8080/group1/M00/00/02/rBHu8l-skleAa3edAAKUHkq4s24909.jpg');
insert ignore into spu_image (id, spu_id, img_name, img_url) values (27, 5, '23e94e5f9fa168d7.jpg', 'http://47.93.148.192:8080/group1/M00/00/02/rBHu8l-0i2uAaz7cAACS1bFmjlE652.jpg');
insert ignore into spu_image (id, spu_id, img_name, img_url) values (28, 5, '5f679f4a7990fffb.jpg', 'http://47.93.148.192:8080/group1/M00/00/02/rBHu8l-0i2uAAHK_AAHxOsbi0Gc462.jpg');
insert ignore into spu_image (id, spu_id, img_name, img_url) values (29, 5, '8ea8ac1e43eb09bc.jpg', 'http://47.93.148.192:8080/group1/M00/00/02/rBHu8l-0i2uAe9mBAAHubDHNM_s207.jpg');
insert ignore into spu_image (id, spu_id, img_name, img_url) values (30, 5, 'ccaad675b92601b8.jpg', 'http://47.93.148.192:8080/group1/M00/00/02/rBHu8l-0i2-AU8esAAIV74ZBdhU344.jpg');
insert ignore into spu_image (id, spu_id, img_name, img_url) values (31, 5, '44b81ee60ba37250.jpg', 'http://47.93.148.192:8080/group1/M00/00/02/rBHu8l-0i2-ARs7SAAK2xlc5Kew601.jpg');
insert ignore into spu_image (id, spu_id, img_name, img_url) values (32, 5, 'ed289ba23e865e31.jpg', 'http://47.93.148.192:8080/group1/M00/00/02/rBHu8l-0i2-AN7-lAAJRUqAcXEI304.jpg');
insert ignore into spu_image (id, spu_id, img_name, img_url) values (33, 5, 'bae6e6a540c68c48.jpg', 'http://47.93.148.192:8080/group1/M00/00/02/rBHu8l-0i3CAWr6DAAOBwhDxkRg939.jpg');
insert ignore into spu_image (id, spu_id, img_name, img_url) values (34, 5, 'd37bc807dd3080d6.jpg', 'http://47.93.148.192:8080/group1/M00/00/02/rBHu8l-0i3CAcfXYAAOtpRUCgAc311.jpg');
insert ignore into spu_image (id, spu_id, img_name, img_url) values (35, 5, 'b978ec45035aa218.jpg', 'http://47.93.148.192:8080/group1/M00/00/02/rBHu8l-0i3CAFTPcAAM3hhhj828508.jpg');
insert ignore into spu_image (id, spu_id, img_name, img_url) values (36, 5, 'f496d9ae34b76554.jpg', 'http://47.93.148.192:8080/group1/M00/00/02/rBHu8l-0i3GAUIstAAMFiaVe0I4100.jpg');
insert ignore into spu_image (id, spu_id, img_name, img_url) values (37, 6, '1d06cce763319de9.jpg', 'http://47.93.148.192:8080/group1/M00/00/02/rBHu8l-0kH6AGdWUAADGjZ-bAuc105.jpg');
insert ignore into spu_image (id, spu_id, img_name, img_url) values (38, 6, '6057c618c32233d3.jpg', 'http://47.93.148.192:8080/group1/M00/00/02/rBHu8l-0kH6AIR2DAAB34EDXR8I868.jpg');
insert ignore into spu_image (id, spu_id, img_name, img_url) values (39, 6, '1eabe76b0f15b0d8.jpg', 'http://47.93.148.192:8080/group1/M00/00/02/rBHu8l-0kH6AQb87AAJYDnKvZoU838.jpg');
insert ignore into spu_image (id, spu_id, img_name, img_url) values (40, 6, 'b701596e43b3433b.jpg', 'http://47.93.148.192:8080/group1/M00/00/02/rBHu8l-0kH-AOqGjAABTm8Yp74U305.jpg');
insert ignore into spu_image (id, spu_id, img_name, img_url) values (41, 6, '1fffb98409fa32c0.jpg', 'http://47.93.148.192:8080/group1/M00/00/02/rBHu8l-0kICAaGuxAAKnO3DNDcY020.jpg');
insert ignore into spu_image (id, spu_id, img_name, img_url) values (42, 6, 'cc2d09a3feba8058.jpg', 'http://47.93.148.192:8080/group1/M00/00/02/rBHu8l-0kIGAY1IuAADTekb4Aks567.jpg');
insert ignore into spu_image (id, spu_id, img_name, img_url) values (43, 6, 'a4eaf7bf9528fe4d.jpg', 'http://47.93.148.192:8080/group1/M00/00/02/rBHu8l-0kIGAWtMyAAGxs6Q350k510.jpg');
insert ignore into spu_image (id, spu_id, img_name, img_url) values (44, 6, '9306232083ca53d6.jpg', 'http://47.93.148.192:8080/group1/M00/00/02/rBHu8l-0kIGAY4cIAAHCbpsLG8Y072.jpg');
insert ignore into spu_image (id, spu_id, img_name, img_url) values (45, 6, '21401b8a2c2b38f1.jpg', 'http://47.93.148.192:8080/group1/M00/00/02/rBHu8l-0kIKAa4cXAAJ021_HJN8583.jpg');
insert ignore into spu_image (id, spu_id, img_name, img_url) values (46, 6, '42ed4e6655d2acca.jpg', 'http://47.93.148.192:8080/group1/M00/00/02/rBHu8l-0kIKAMJkPAAJdKCVoSR0812.jpg');
insert ignore into spu_image (id, spu_id, img_name, img_url) values (47, 6, 'a55bc2b7a3b0ecfb.jpg', 'http://47.93.148.192:8080/group1/M00/00/02/rBHu8l-0kIKAC8WUAAGuYv8KYsE398.jpg');
insert ignore into spu_image (id, spu_id, img_name, img_url) values (48, 7, '4a5fc6ff3ea986e9 (1).jpg', 'http://47.93.148.192:8080/group1/M00/00/02/rBHu8l-0lieAGQHUAAIiC_lx9cU417.jpg');
insert ignore into spu_image (id, spu_id, img_name, img_url) values (49, 7, '6e82f1a4475f871e.jpg', 'http://47.93.148.192:8080/group1/M00/00/02/rBHu8l-0liqALXl6AAOvXBZbBYs429.jpg');
insert ignore into spu_image (id, spu_id, img_name, img_url) values (50, 7, '4a5fc6ff3ea986e9.jpg', 'http://47.93.148.192:8080/group1/M00/00/02/rBHu8l-0liqAR6hmAAIiC_lx9cU271.jpg');
insert ignore into spu_image (id, spu_id, img_name, img_url) values (51, 7, 'cc2d09a3feba8058.jpg', 'http://47.93.148.192:8080/group1/M00/00/02/rBHu8l-0liqAARz7AAHeAIWIl4I126.jpg');
insert ignore into spu_image (id, spu_id, img_name, img_url) values (52, 7, '8d83227b75119532.jpg', 'http://47.93.148.192:8080/group1/M00/00/02/rBHu8l-0liqAE9CSAAIUaEugX8E823.jpg');
insert ignore into spu_image (id, spu_id, img_name, img_url) values (53, 7, '0490b051476c112e.jpg', 'http://47.93.148.192:8080/group1/M00/00/02/rBHu8l-0liuAJTluAAVP1d_tXYs725.jpg');
insert ignore into spu_image (id, spu_id, img_name, img_url) values (54, 7, '31bd117f36197b9d.jpg', 'http://47.93.148.192:8080/group1/M00/00/02/rBHu8l-0liuAZ1P_AALOZHDbvCM585.jpg');
insert ignore into spu_image (id, spu_id, img_name, img_url) values (55, 7, 'ed854afc5bb54697.jpg', 'http://47.93.148.192:8080/group1/M00/00/02/rBHu8l-0liyAJ34AAAJLREFgZVM767.jpg');
insert ignore into spu_image (id, spu_id, img_name, img_url) values (56, 7, 'dc8784f5f37700e7.jpg', 'http://47.93.148.192:8080/group1/M00/00/02/rBHu8l-0li2ATv_qAAJbSlyzKD8549.jpg');
insert ignore into spu_image (id, spu_id, img_name, img_url) values (57, 7, 'e26709c6dbd6a1fe.jpg', 'http://47.93.148.192:8080/group1/M00/00/02/rBHu8l-0li2AZLT5AAMhohWBIMs183.jpg');
insert ignore into spu_image (id, spu_id, img_name, img_url) values (58, 8, '5b73a35dN94a5e30a.jpg', 'http://47.93.148.192:8080/group1/M00/00/02/rBHu8l-0l7aADmXLAAI5tpjy5CI066.jpg');
insert ignore into spu_image (id, spu_id, img_name, img_url) values (59, 8, '5b73a36dNd0a67203.jpg', 'http://47.93.148.192:8080/group1/M00/00/02/rBHu8l-0l7yAfFv9AAM5ZEY69Uo453.jpg');
insert ignore into spu_image (id, spu_id, img_name, img_url) values (60, 8, 'c035c2acf72e5ff1.jpg', 'http://47.93.148.192:8080/group1/M00/00/02/rBHu8l-0l7yALvPlAAO4xZsGHFI059.jpg');
insert ignore into spu_image (id, spu_id, img_name, img_url) values (61, 8, '5cdf66beN8aa239ab.jpg', 'http://47.93.148.192:8080/group1/M00/00/02/rBHu8l-0l72AaH20AATmWw3ydsA295.jpg');
insert ignore into spu_image (id, spu_id, img_name, img_url) values (62, 8, '5b73a35aN92891309.jpg', 'http://47.93.148.192:8080/group1/M00/00/02/rBHu8l-0l72AKuQVAALmOIO3U5M856.jpg');
insert ignore into spu_image (id, spu_id, img_name, img_url) values (63, 8, '5b73a362Nc6b5f3fb.jpg', 'http://47.93.148.192:8080/group1/M00/00/02/rBHu8l-0l76AKjn2AAlz4fZOF_8339.jpg');
insert ignore into spu_image (id, spu_id, img_name, img_url) values (64, 8, '5b73a362Nc6b5f3fb (1).jpg', 'http://47.93.148.192:8080/group1/M00/00/02/rBHu8l-0l7-AVJfOAAlz4fZOF_8230.jpg');
insert ignore into spu_image (id, spu_id, img_name, img_url) values (65, 9, '7ffd8d2a4be62085.jpg', 'http://47.93.148.192:8080/group1/M00/00/02/rBHu8l-0yceAZ6jBAAGu7qTDWVA490.jpg');
insert ignore into spu_image (id, spu_id, img_name, img_url) values (66, 9, 'c406559b05bcf6d4.jpg', 'http://47.93.148.192:8080/group1/M00/00/02/rBHu8l-0yceAc7geAAFOkBl0eCU984.jpg');
insert ignore into spu_image (id, spu_id, img_name, img_url) values (67, 9, '7496d660c45c45ac.jpg', 'http://47.93.148.192:8080/group1/M00/00/02/rBHu8l-0yceAbtKiAAFs7t6eSJ0508.jpg');
insert ignore into spu_image (id, spu_id, img_name, img_url) values (68, 9, 'f8051c8538cb011e.jpg', 'http://47.93.148.192:8080/group1/M00/00/02/rBHu8l-0yceAC5dfAAH_Rtwwzq8880.jpg');
insert ignore into spu_image (id, spu_id, img_name, img_url) values (69, 9, 'b28620aae9d31c52.png', 'http://47.93.148.192:8080/group1/M00/00/02/rBHu8l-0yciAPvJGAARhSl8kZA8647.png');
insert ignore into spu_image (id, spu_id, img_name, img_url) values (70, 10, '72cec68481f86aff.jpg', 'http://47.93.148.192:8080/group1/M00/00/02/rBHu8l-0y1WATxItAAEcZnKxvfI617.jpg');
insert ignore into spu_image (id, spu_id, img_name, img_url) values (71, 10, '1b462be0fb148e88.jpg', 'http://47.93.148.192:8080/group1/M00/00/02/rBHu8l-0y1WAKv_cAAHKVw8AZqk151.jpg');
insert ignore into spu_image (id, spu_id, img_name, img_url) values (72, 10, '507a23898221cd6a.jpg', 'http://47.93.148.192:8080/group1/M00/00/02/rBHu8l-0y1eASPU7AAEiYRrkMww103.jpg');
insert ignore into spu_image (id, spu_id, img_name, img_url) values (73, 10, 'dcc198936a4601de.jpg', 'http://47.93.148.192:8080/group1/M00/00/02/rBHu8l-0y1eAS25WAAEYg9IP_7o495.jpg');
insert ignore into spu_image (id, spu_id, img_name, img_url) values (74, 10, '1057db3d2a4deea2.jpg', 'http://47.93.148.192:8080/group1/M00/00/02/rBHu8l-0y1iAAXYvAAGZqARg5F4191.jpg');
insert ignore into spu_image (id, spu_id, img_name, img_url) values (75, 10, 'bb4a19c813f7e61e.png', 'http://47.93.148.192:8080/group1/M00/00/02/rBHu8l-0y1iAaMWAAANMuaHHijI678.png');
insert ignore into spu_image (id, spu_id, img_name, img_url) values (76, 10, '8c35313dfcbccf2a.jpg', 'http://47.93.148.192:8080/group1/M00/00/02/rBHu8l-0y1iADJZ_AAIz437wUUc659.jpg');
insert ignore into spu_image (id, spu_id, img_name, img_url) values (77, 10, '0ed0cf1bb387059b.png', 'http://47.93.148.192:8080/group1/M00/00/02/rBHu8l-0y1mAcqDEAAVe-gtfew4145.png');
insert ignore into spu_image (id, spu_id, img_name, img_url) values (78, 11, '5ad5104b7cff69f6.jpg', 'http://47.93.148.192:8080/group1/M00/00/02/rBHu8l-00MKAcQ0_AAGxbDKQSm0286.jpg');
insert ignore into spu_image (id, spu_id, img_name, img_url) values (79, 11, '53f744c57c9bed0d.jpg', 'http://47.93.148.192:8080/group1/M00/00/02/rBHu8l-00MKAbhV8AACzhzshAss449.jpg');
insert ignore into spu_image (id, spu_id, img_name, img_url) values (80, 11, '09ee8484ac136e01.jpg', 'http://47.93.148.192:8080/group1/M00/00/02/rBHu8l-00MKAXnZ9AAExlZ_f0b0308.jpg');
insert ignore into spu_image (id, spu_id, img_name, img_url) values (81, 11, '6b1ca0a6e796e5c9.jpg', 'http://47.93.148.192:8080/group1/M00/00/02/rBHu8l-00MSAIPzOAAHFKmckxVk619.jpg');
insert ignore into spu_image (id, spu_id, img_name, img_url) values (82, 11, '196d96f59897cf39.jpg', 'http://47.93.148.192:8080/group1/M00/00/02/rBHu8l-00MSABFB2AAHD3bWoRhw015.jpg');
insert ignore into spu_image (id, spu_id, img_name, img_url) values (83, 11, '6cc3723538c7f7b3.jpg', 'http://47.93.148.192:8080/group1/M00/00/02/rBHu8l-00MSAPFONAAGchseVkoM398.jpg');
insert ignore into spu_image (id, spu_id, img_name, img_url) values (84, 11, 'a4a448f9df8c715a.jpg', 'http://47.93.148.192:8080/group1/M00/00/02/rBHu8l-00MSAEXECAAFZJnPg5O0915.jpg');
insert ignore into spu_image (id, spu_id, img_name, img_url) values (85, 11, '374b25b22e90ed74.jpg', 'http://47.93.148.192:8080/group1/M00/00/02/rBHu8l-00MSAe9k4AAINKcLONPQ919.jpg');
insert ignore into spu_image (id, spu_id, img_name, img_url) values (86, 11, 'a4a448f9df8c715a (1).jpg', 'http://47.93.148.192:8080/group1/M00/00/02/rBHu8l-00MSAe1vIAAFZJnPg5O0004.jpg');
insert ignore into spu_image (id, spu_id, img_name, img_url) values (87, 11, 'd6fb7d2f6cb06195.jpg', 'http://47.93.148.192:8080/group1/M00/00/02/rBHu8l-00MWAfxwgAAD8jFUkfao175.jpg');
insert ignore into spu_image (id, spu_id, img_name, img_url) values (88, 12, '4cd12718fd5e1bd7.jpg', 'http://47.93.148.192:8080/group1/M00/00/02/rBHu8l-02AeAd45VAAF1GK3U-NE661.jpg');
insert ignore into spu_image (id, spu_id, img_name, img_url) values (89, 12, 'a61a13eb7e3489f1.jpg', 'http://47.93.148.192:8080/group1/M00/00/02/rBHu8l-02AeASZitAAFcbBnUWrw650.jpg');
insert ignore into spu_image (id, spu_id, img_name, img_url) values (90, 12, '0be857e07965a67e.jpg', 'http://47.93.148.192:8080/group1/M00/00/02/rBHu8l-02AiAbf9pAAJ-rvQXZj4029.jpg');
insert ignore into spu_image (id, spu_id, img_name, img_url) values (91, 12, 'b104fa8eec6f6de6.jpg', 'http://47.93.148.192:8080/group1/M00/00/02/rBHu8l-02AuAfizUAAKkARuK5vg313.jpg');
insert ignore into spu_image (id, spu_id, img_name, img_url) values (92, 12, 'c7b173293ee66929.jpg', 'http://47.93.148.192:8080/group1/M00/00/02/rBHu8l-02AuAIVVAAAFjH-WR0oA236.jpg');
insert ignore into spu_image (id, spu_id, img_name, img_url) values (93, 12, '64332079e66a291c.jpg', 'http://47.93.148.192:8080/group1/M00/00/02/rBHu8l-02AyAGFZzAAMnSgOWLUo218.jpg');
insert ignore into spu_image (id, spu_id, img_name, img_url) values (94, 12, '4e9461a5b6e0136f.jpg', 'http://47.93.148.192:8080/group1/M00/00/02/rBHu8l-02AyARcFFAAKGCeWL410100.jpg');
insert ignore into spu_image (id, spu_id, img_name, img_url) values (95, 12, 'b33f63b0a7fab02d.png', 'http://47.93.148.192:8080/group1/M00/00/02/rBHu8l-02A2Ae-VYAAbQwOM632g076.png');
insert ignore into spu_image (id, spu_id, img_name, img_url) values (96, 12, 'b526433a4d9e51ca.jpg', 'http://47.93.148.192:8080/group1/M00/00/02/rBHu8l-02A2AXG14AAY1E5sugTg523.jpg');


-- -------------------------------------------------------------------------------------------------
-- insert data into spu_info
-- -------------------------------------------------------------------------------------------------
insert ignore into spu_info (id, spu_name, description, category3_id, tm_id) values (1, '小米10', '小米10', 61, 1);
insert ignore into spu_info (id, spu_name, description, category3_id, tm_id) values (2, 'Redmi 10X', 'Redmi 10X', 61, 1);
insert ignore into spu_info (id, spu_name, description, category3_id, tm_id) values (3, 'Apple iPhone 12', 'Apple iPhone 12', 61, 2);
insert ignore into spu_info (id, spu_name, description, category3_id, tm_id) values (4, 'HUAWEI P40', 'HUAWEI P40', 61, 3);
insert ignore into spu_info (id, spu_name, description, category3_id, tm_id) values (5, 'TCL巨幕私人影院电视 4K超高清 AI智慧屏  液晶平板电视机', 'TCL巨幕私人影院电视 4K超高清 AI智慧屏  液晶平板电视机', 86, 4);
insert ignore into spu_info (id, spu_name, description, category3_id, tm_id) values (6, '小米电视 内置小爱 智能网络液晶平板教育电视', '小米电视 内置小爱 智能网络液晶平板教育电视', 86, 5);
insert ignore into spu_info (id, spu_name, description, category3_id, tm_id) values (7, '十月稻田 长粒香大米 东北大米 东北香米 5kg', '十月稻田 长粒香大米 东北大米 东北香米 5kg', 803, 6);
insert ignore into spu_info (id, spu_name, description, category3_id, tm_id) values (8, '金沙河面条 原味银丝挂面 龙须面 方便速食拉面 清汤面 900g', '金沙河面条 原味银丝挂面 龙须面 方便速食拉面 清汤面 900g', 803, 7);
insert ignore into spu_info (id, spu_name, description, category3_id, tm_id) values (9, '索芙特i-Softto 口红不掉色唇膏保湿滋润 璀璨金钻哑光唇膏 ', '索芙特i-Softto 口红不掉色唇膏保湿滋润 璀璨金钻哑光唇膏 ', 477, 8);
insert ignore into spu_info (id, spu_name, description, category3_id, tm_id) values (10, 'CAREMiLLE珂曼奶油小方口红 雾面滋润保湿持久丝缎唇膏', 'CAREMiLLE珂曼奶油小方口红 雾面滋润保湿持久丝缎唇膏', 477, 9);
insert ignore into spu_info (id, spu_name, description, category3_id, tm_id) values (11, '香奈儿（Chanel）女士香水5号香水 粉邂逅柔情淡香水EDT ', '香奈儿（Chanel）女士香水5号香水 粉邂逅柔情淡香水EDT ', 473, 11);
insert ignore into spu_info (id, spu_name, description, category3_id, tm_id) values (12, '华为智慧屏 4K全面屏智能电视机', '华为智慧屏 4K全面屏智能电视机', 86, 3);


-- -------------------------------------------------------------------------------------------------
-- insert data into spu_sale_attr
-- -------------------------------------------------------------------------------------------------
insert ignore into spu_sale_attr (id, spu_id, base_sale_attr_id, sale_attr_name) values (1, 1, 1, '颜色');
insert ignore into spu_sale_attr (id, spu_id, base_sale_attr_id, sale_attr_name) values (2, 1, 2, '版本');
insert ignore into spu_sale_attr (id, spu_id, base_sale_attr_id, sale_attr_name) values (3, 2, 1, '颜色');
insert ignore into spu_sale_attr (id, spu_id, base_sale_attr_id, sale_attr_name) values (4, 2, 2, '版本');
insert ignore into spu_sale_attr (id, spu_id, base_sale_attr_id, sale_attr_name) values (5, 3, 1, '颜色');
insert ignore into spu_sale_attr (id, spu_id, base_sale_attr_id, sale_attr_name) values (6, 3, 2, '版本');
insert ignore into spu_sale_attr (id, spu_id, base_sale_attr_id, sale_attr_name) values (7, 4, 1, '颜色');
insert ignore into spu_sale_attr (id, spu_id, base_sale_attr_id, sale_attr_name) values (8, 4, 2, '版本');
insert ignore into spu_sale_attr (id, spu_id, base_sale_attr_id, sale_attr_name) values (9, 5, 3, '尺码');
insert ignore into spu_sale_attr (id, spu_id, base_sale_attr_id, sale_attr_name) values (10, 6, 3, '尺码');
insert ignore into spu_sale_attr (id, spu_id, base_sale_attr_id, sale_attr_name) values (11, 7, 4, '类别');
insert ignore into spu_sale_attr (id, spu_id, base_sale_attr_id, sale_attr_name) values (12, 8, 4, '类别');
insert ignore into spu_sale_attr (id, spu_id, base_sale_attr_id, sale_attr_name) values (13, 9, 4, '类别');
insert ignore into spu_sale_attr (id, spu_id, base_sale_attr_id, sale_attr_name) values (14, 10, 4, '类别');
insert ignore into spu_sale_attr (id, spu_id, base_sale_attr_id, sale_attr_name) values (15, 11, 4, '类别');
insert ignore into spu_sale_attr (id, spu_id, base_sale_attr_id, sale_attr_name) values (16, 12, 3, '尺码');


-- -------------------------------------------------------------------------------------------------
-- insert data into spu_sale_attr_value
-- -------------------------------------------------------------------------------------------------
insert ignore into spu_sale_attr_value (id, spu_id, base_sale_attr_id, sale_attr_value_name, sale_attr_name) values (1, 1, 1, '陶瓷黑', '颜色');
insert ignore into spu_sale_attr_value (id, spu_id, base_sale_attr_id, sale_attr_value_name, sale_attr_name) values (2, 1, 1, '透明版', '颜色');
insert ignore into spu_sale_attr_value (id, spu_id, base_sale_attr_id, sale_attr_value_name, sale_attr_name) values (3, 1, 2, '8G+128G', '版本');
insert ignore into spu_sale_attr_value (id, spu_id, base_sale_attr_id, sale_attr_value_name, sale_attr_name) values (4, 1, 2, '16G+256G', '版本');
insert ignore into spu_sale_attr_value (id, spu_id, base_sale_attr_id, sale_attr_value_name, sale_attr_name) values (5, 2, 1, '冰雾白', '颜色');
insert ignore into spu_sale_attr_value (id, spu_id, base_sale_attr_id, sale_attr_value_name, sale_attr_name) values (6, 2, 1, '明月灰', '颜色');
insert ignore into spu_sale_attr_value (id, spu_id, base_sale_attr_id, sale_attr_value_name, sale_attr_name) values (7, 2, 2, '4G+128G', '版本');
insert ignore into spu_sale_attr_value (id, spu_id, base_sale_attr_id, sale_attr_value_name, sale_attr_name) values (8, 2, 2, '8G+128G', '版本');
insert ignore into spu_sale_attr_value (id, spu_id, base_sale_attr_id, sale_attr_value_name, sale_attr_name) values (9, 3, 1, '黑色', '颜色');
insert ignore into spu_sale_attr_value (id, spu_id, base_sale_attr_id, sale_attr_value_name, sale_attr_name) values (10, 3, 1, '红色', '颜色');
insert ignore into spu_sale_attr_value (id, spu_id, base_sale_attr_id, sale_attr_value_name, sale_attr_name) values (11, 3, 1, '蓝色', '颜色');
insert ignore into spu_sale_attr_value (id, spu_id, base_sale_attr_id, sale_attr_value_name, sale_attr_name) values (12, 3, 1, '白色', '颜色');
insert ignore into spu_sale_attr_value (id, spu_id, base_sale_attr_id, sale_attr_value_name, sale_attr_name) values (13, 3, 2, '64G', '版本');
insert ignore into spu_sale_attr_value (id, spu_id, base_sale_attr_id, sale_attr_value_name, sale_attr_name) values (14, 3, 2, '128G', '版本');
insert ignore into spu_sale_attr_value (id, spu_id, base_sale_attr_id, sale_attr_value_name, sale_attr_name) values (15, 4, 1, '亮黑色', '颜色');
insert ignore into spu_sale_attr_value (id, spu_id, base_sale_attr_id, sale_attr_value_name, sale_attr_name) values (16, 4, 1, '冰霜银', '颜色');
insert ignore into spu_sale_attr_value (id, spu_id, base_sale_attr_id, sale_attr_value_name, sale_attr_name) values (17, 4, 2, '6G+128G', '版本');
insert ignore into spu_sale_attr_value (id, spu_id, base_sale_attr_id, sale_attr_value_name, sale_attr_name) values (18, 4, 2, '8G+128G', '版本');
insert ignore into spu_sale_attr_value (id, spu_id, base_sale_attr_id, sale_attr_value_name, sale_attr_name) values (19, 5, 3, '65英寸', '尺码');
insert ignore into spu_sale_attr_value (id, spu_id, base_sale_attr_id, sale_attr_value_name, sale_attr_name) values (20, 5, 3, '75英寸', '尺码');
insert ignore into spu_sale_attr_value (id, spu_id, base_sale_attr_id, sale_attr_value_name, sale_attr_name) values (21, 5, 3, '85英寸', '尺码');
insert ignore into spu_sale_attr_value (id, spu_id, base_sale_attr_id, sale_attr_value_name, sale_attr_name) values (22, 6, 3, '65英寸', '尺码');
insert ignore into spu_sale_attr_value (id, spu_id, base_sale_attr_id, sale_attr_value_name, sale_attr_name) values (23, 6, 3, '70英寸', '尺码');
insert ignore into spu_sale_attr_value (id, spu_id, base_sale_attr_id, sale_attr_value_name, sale_attr_name) values (24, 7, 4, '长粒香大米5KG', '类别');
insert ignore into spu_sale_attr_value (id, spu_id, base_sale_attr_id, sale_attr_value_name, sale_attr_name) values (25, 7, 4, '辽河长粒香5KG', '类别');
insert ignore into spu_sale_attr_value (id, spu_id, base_sale_attr_id, sale_attr_value_name, sale_attr_name) values (26, 8, 4, '900G', '类别');
insert ignore into spu_sale_attr_value (id, spu_id, base_sale_attr_id, sale_attr_value_name, sale_attr_name) values (27, 8, 4, '3*900G', '类别');
insert ignore into spu_sale_attr_value (id, spu_id, base_sale_attr_id, sale_attr_value_name, sale_attr_name) values (28, 9, 4, 'Y01复古红 百搭气质', '类别');
insert ignore into spu_sale_attr_value (id, spu_id, base_sale_attr_id, sale_attr_value_name, sale_attr_name) values (29, 9, 4, 'Z02少女红 活力青春', '类别');
insert ignore into spu_sale_attr_value (id, spu_id, base_sale_attr_id, sale_attr_value_name, sale_attr_name) values (30, 9, 4, 'Z03女王红 性感冷艳', '类别');
insert ignore into spu_sale_attr_value (id, spu_id, base_sale_attr_id, sale_attr_value_name, sale_attr_name) values (31, 10, 4, 'M01醉蔷薇', '类别');
insert ignore into spu_sale_attr_value (id, spu_id, base_sale_attr_id, sale_attr_value_name, sale_attr_name) values (32, 10, 4, 'M02干玫瑰', '类别');
insert ignore into spu_sale_attr_value (id, spu_id, base_sale_attr_id, sale_attr_value_name, sale_attr_name) values (33, 10, 4, 'M03赤茶', '类别');
insert ignore into spu_sale_attr_value (id, spu_id, base_sale_attr_id, sale_attr_value_name, sale_attr_name) values (34, 11, 4, '5号淡香水35ml', '类别');
insert ignore into spu_sale_attr_value (id, spu_id, base_sale_attr_id, sale_attr_value_name, sale_attr_name) values (35, 11, 4, '5号粉邂逅淡香水35ml', '类别');
insert ignore into spu_sale_attr_value (id, spu_id, base_sale_attr_id, sale_attr_value_name, sale_attr_name) values (36, 12, 3, '55英寸', '尺码');
insert ignore into spu_sale_attr_value (id, spu_id, base_sale_attr_id, sale_attr_value_name, sale_attr_name) values (37, 12, 3, '65英寸', '尺码');
